env,policy,seed,num_windows,num_intervention_windows,num_shift_windows,anomaly_auc,anomaly_ap,anomaly_best_f1,anomaly_topk_precision,reward_baseline_auc,reward_baseline_ap,reward_baseline_best_f1,reward_baseline_topk_precision,state_baseline_auc,state_baseline_ap,state_baseline_best_f1,state_baseline_topk_precision,shift_auc,shift_ap,shift_best_f1,shift_topk_precision,shift_localization_error,shift_hit_at_1,shift_hit_at_3,reward_jump_auc,reward_jump_ap,reward_jump_best_f1,reward_jump_topk_precision,reward_jump_localization_error,reward_jump_hit_at_1,reward_jump_hit_at_3,action_shift_auc,action_shift_ap,action_shift_best_f1,action_shift_topk_precision,action_shift_localization_error,action_shift_hit_at_1,action_shift_hit_at_3,state_shift_auc,state_shift_ap,state_shift_best_f1,state_shift_topk_precision,state_shift_localization_error,state_shift_hit_at_1,state_shift_hit_at_3,reward_mean,reward_std
cartpole,dqn,11,12.0,5.0,2.0,0.7142857142857142,0.6726190476190477,0.7692307692307693,0.4,0.4285714285714286,0.4166666666666667,0.5882352941176471,0.4,0.8857142857142857,0.8761904761904762,0.8333333333333333,0.6,0.75,0.41666666666666663,0.5,0.5,4.0,0.0,0.0,0.4,0.16666666666666666,0.2857142857142857,0.0,3.0,0.0,1.0,1.0,1.0,1.0,1.0,0.0,1.0,1.0,0.75,0.6428571428571428,0.6666666666666666,0.5,0.0,1.0,1.0,0.9983333333333334,0.005527707983925672
cartpole,dqn,13,12.0,5.0,2.0,0.4857142857142857,0.4432900432900433,0.625,0.4,0.4285714285714286,0.4166666666666667,0.5882352941176471,0.4,0.8285714285714286,0.6861904761904761,0.8333333333333333,0.8,0.55,0.2777777777777778,0.4,0.0,4.0,0.0,0.0,0.4,0.16666666666666666,0.2857142857142857,0.0,3.0,0.0,1.0,0.5,0.16666666666666666,0.2857142857142857,0.0,4.0,0.0,0.0,0.65,0.375,0.5,0.5,4.0,0.0,0.0,0.9983333333333334,0.005527707983925672
cartpole,dqn,17,12.0,5.0,2.0,0.5714285714285714,0.5555555555555555,0.6666666666666665,0.6,0.4285714285714286,0.4166666666666667,0.5882352941176471,0.4,0.8571428571428572,0.71,0.9090909090909091,0.8,0.6,0.29166666666666663,0.4,0.0,4.0,0.0,0.0,0.4,0.16666666666666666,0.2857142857142857,0.0,3.0,0.0,1.0,0.5,0.16666666666666666,0.2857142857142857,0.0,4.0,0.0,0.0,0.75,0.41666666666666663,0.5,0.5,4.0,0.0,0.0,0.9983333333333334,0.005527707983925672
cartpole,dqn,19,12.0,5.0,2.0,0.5142857142857142,0.49090909090909085,0.625,0.6,0.48571428571428565,0.41000000000000003,0.5882352941176471,0.4,0.4285714285714286,0.5375757575757576,0.625,0.4,0.5,0.225,0.4,0.0,3.0,0.0,1.0,0.45000000000000007,0.15476190476190477,0.2857142857142857,0.0,3.0,0.0,1.0,0.65,0.3611111111111111,0.5,0.5,0.0,1.0,1.0,0.35,0.18333333333333335,0.33333333333333337,0.0,1.0,1.0,1.0,0.9316666666666665,0.009860132971832646
cartpole,dqn,23,12.0,5.0,2.0,0.6571428571428573,0.6476190476190475,0.6666666666666666,0.4,0.45714285714285713,0.4,0.5882352941176471,0.2,0.5428571428571429,0.5079365079365079,0.6666666666666666,0.4,0.85,0.7,0.6666666666666666,0.5,0.0,1.0,1.0,0.8,0.3333333333333333,0.5,0.0,1.0,1.0,1.0,0.85,0.7,0.6666666666666666,0.5,0.0,1.0,1.0,0.25,0.1625,0.33333333333333337,0.0,2.0,0.0,1.0,0.9950000000000001,0.008660254037844395
cartpole,heuristic,11,12.0,5.0,2.0,0.7428571428571429,0.6116666666666666,0.7692307692307693,0.6,0.4285714285714286,0.4166666666666667,0.5882352941176471,0.2,0.6285714285714286,0.5342857142857143,0.6666666666666666,0.6,0.5,0.26666666666666666,0.4,0.0,1.0,1.0,1.0,0.4,0.16666666666666666,0.2857142857142857,0.0,2.0,0.0,1.0,0.5,0.16666666666666666,0.2857142857142857,0.0,4.0,0.0,0.0,0.55,0.5909090909090909,0.6666666666666666,0.5,0.0,1.0,1.0,0.8983333333333334,0.005527707983925672
cartpole,heuristic,13,12.0,5.0,2.0,0.17142857142857146,0.36050505050505044,0.5882352941176471,0.2,0.35714285714285715,0.4166666666666667,0.5882352941176471,0.2,0.4,0.4375757575757575,0.625,0.4,0.4,0.19642857142857142,0.4,0.0,4.0,0.0,0.0,0.3,0.16666666666666666,0.2857142857142857,0.0,3.0,0.0,1.0,0.5,0.16666666666666666,0.2857142857142857,0.0,4.0,0.0,0.0,0.45,0.2111111111111111,0.3636363636363636,0.0,2.0,0.0,1.0,0.8966666666666668,0.007453559924999306
cartpole,heuristic,17,12.0,5.0,2.0,0.4,0.41257575757575754,0.625,0.4,0.2857142857142857,0.4166666666666667,0.5882352941176471,0.0,0.5428571428571429,0.5099567099567099,0.625,0.4,0.6,0.26666666666666666,0.5,0.0,2.0,0.0,1.0,0.5499999999999999,0.18333333333333335,0.28571428571428575,0.5,3.0,0.0,1.0,0.5,0.16666666666666666,0.2857142857142857,0.0,4.0,0.0,0.0,0.6000000000000001,0.3611111111111111,0.5,0.5,5.0,0.0,0.0,0.8950000000000001,0.008660254037844395
cartpole,heuristic,19,12.0,5.0,2.0,0.5714285714285714,0.6466666666666667,0.6666666666666665,0.6,0.38571428571428573,0.36818181818181817,0.5882352941176471,0.2,0.6857142857142857,0.5592857142857143,0.7692307692307693,0.6,0.7,0.625,0.6666666666666666,0.5,0.0,1.0,1.0,0.6000000000000001,0.5833333333333334,0.6666666666666666,0.5,0.0,1.0,1.0,0.5,0.16666666666666666,0.2857142857142857,0.0,4.0,0.0,0.0,0.75,0.6428571428571428,0.6666666666666666,0.5,0.0,1.0,1.0,0.8966666666666668,0.011055415967851343
cartpole,heuristic,23,12.0,5.0,2.0,0.6857142857142857,0.6676190476190476,0.6666666666666666,0.6,0.5285714285714286,0.43333333333333335,0.5882352941176471,0.2,0.7142857142857143,0.6087301587301588,0.7142857142857143,0.6,0.4,0.19444444444444442,0.3636363636363636,0.0,2.0,0.0,1.0,0.3,0.16666666666666666,0.2857142857142857,0.0,3.0,0.0,1.0,0.5,0.16666666666666666,0.2857142857142857,0.0,4.0,0.0,0.0,0.45,0.20833333333333331,0.4,0.0,3.0,0.0,1.0,0.8966666666666668,0.007453559924999306
cartpole,pg,11,12.0,5.0,2.0,0.8285714285714286,0.8211111111111111,0.8000000000000002,0.8,0.3571428571428572,0.3866666666666667,0.5882352941176471,0.4,0.6571428571428571,0.7297979797979797,0.6666666666666665,0.6,0.6000000000000001,0.3611111111111111,0.5,0.5,2.0,0.0,1.0,0.475,0.16666666666666666,0.2857142857142857,0.0,2.0,0.0,1.0,0.5,0.22619047619047616,0.4444444444444445,0.0,2.0,0.0,1.0,0.7,0.625,0.6666666666666666,0.5,0.0,1.0,1.0,0.9000000000000002,0.011547005383792526
cartpole,pg,13,12.0,5.0,2.0,0.2857142857142857,0.3893939393939394,0.5882352941176471,0.2,0.45714285714285713,0.4,0.5882352941176471,0.2,0.6000000000000001,0.4920634920634921,0.7142857142857143,0.4,0.6000000000000001,0.3611111111111111,0.5,0.5,1.0,1.0,1.0,0.5,0.16666666666666666,0.2857142857142857,0.0,2.0,0.0,1.0,0.7,0.39285714285714285,0.5,0.5,1.0,1.0,1.0,0.5,0.2361111111111111,0.3636363636363636,0.0,1.0,1.0,1.0,0.9950000000000001,0.008660254037844395
cartpole,pg,17,12.0,5.0,2.0,0.6857142857142857,0.5726190476190476,0.7692307692307693,0.4,0.3857142857142857,0.38333333333333336,0.5882352941176471,0.2,0.5714285714285714,0.60995670995671,0.625,0.4,0.65,0.375,0.5,0.5,4.0,0.0,0.0,0.5499999999999999,0.18333333333333335,0.28571428571428575,0.0,1.0,1.0,1.0,0.7,0.39285714285714285,0.5,0.5,1.0,1.0,1.0,0.7,0.325,0.5714285714285715,0.0,2.0,0.0,1.0,0.9933333333333335,0.009428090415820642
cartpole,pg,19,12.0,5.0,2.0,0.6285714285714286,0.5059523809523809,0.7692307692307693,0.4,0.4285714285714286,0.4166666666666667,0.5882352941176471,0.4,0.8571428571428572,0.71,0.9090909090909091,0.8,0.45,0.20833333333333331,0.4,0.0,4.0,0.0,0.0,0.4,0.16666666666666666,0.2857142857142857,0.0,3.0,0.0,1.0,0.7,0.325,0.5714285714285715,0.0,1.0,1.0,1.0,0.55,0.24285714285714285,0.4444444444444445,0.0,4.0,0.0,0.0,0.9983333333333334,0.005527707983925672
cartpole,pg,23,12.0,5.0,2.0,0.4285714285714286,0.4716666666666667,0.5882352941176471,0.4,0.35714285714285715,0.39166666666666666,0.5882352941176471,0.2,0.6857142857142857,0.5976190476190476,0.6666666666666666,0.6,0.6,0.6,0.6666666666666666,0.5,0.0,1.0,1.0,0.575,0.5833333333333334,0.6666666666666666,0.5,0.0,1.0,1.0,0.6000000000000001,0.3611111111111111,0.5,0.5,4.0,0.0,0.0,0.75,0.6428571428571428,0.6666666666666666,0.5,0.0,1.0,1.0,0.9633333333333333,0.013743685418725548
cartpole,ppo,11,12.0,5.0,2.0,0.6000000000000001,0.6190476190476191,0.6666666666666666,0.4,0.4285714285714286,0.4166666666666667,0.5882352941176471,0.4,0.8571428571428572,0.8261904761904761,0.8333333333333333,0.6,0.55,0.24285714285714285,0.4444444444444445,0.0,2.0,0.0,1.0,0.4,0.16666666666666666,0.2857142857142857,0.0,3.0,0.0,1.0,0.6,0.25,0.4,0.0,1.0,1.0,1.0,0.7999999999999999,0.45,0.5714285714285715,0.5,2.0,0.0,1.0,0.9983333333333334,0.005527707983925672
cartpole,ppo,13,12.0,5.0,2.0,0.5428571428571429,0.4768253968253968,0.7142857142857143,0.4,0.4428571428571429,0.41363636363636364,0.625,0.2,0.4571428571428572,0.5459090909090909,0.625,0.4,0.7,0.39285714285714285,0.5,0.5,1.0,1.0,1.0,0.6,0.3333333333333333,0.5,0.5,1.0,1.0,1.0,0.65,0.375,0.5,0.5,1.0,1.0,1.0,0.75,0.41666666666666663,0.5,0.5,1.0,1.0,1.0,0.9349999999999999,0.011902380714238048
cartpole,ppo,17,12.0,5.0,2.0,0.6571428571428573,0.7333333333333334,0.6666666666666665,0.6,0.4142857142857143,0.4033333333333334,0.5882352941176471,0.6,0.7142857142857143,0.6944444444444444,0.7142857142857143,0.6,0.44999999999999996,0.225,0.33333333333333337,0.0,4.0,0.0,0.0,0.49999999999999994,0.18333333333333335,0.28571428571428575,0.0,4.0,0.0,0.0,0.425,0.2,0.33333333333333337,0.0,1.0,1.0,1.0,0.45,0.20833333333333331,0.4,0.0,1.0,1.0,1.0,0.9216666666666667,0.009860132971832669
cartpole,ppo,19,12.0,5.0,2.0,0.14285714285714288,0.3271717171717171,0.5882352941176471,0.2,0.4428571428571429,0.41363636363636364,0.625,0.2,0.34285714285714286,0.3732900432900432,0.625,0.2,0.55,0.25,0.4,0.0,1.0,1.0,1.0,0.45,0.16666666666666666,0.2857142857142857,0.0,1.0,1.0,1.0,0.375,0.20833333333333331,0.3333333333333333,0.0,1.0,1.0,1.0,0.6,0.26785714285714285,0.4444444444444445,0.0,1.0,1.0,1.0,0.9349999999999999,0.011902380714238048
cartpole,ppo,23,12.0,5.0,2.0,0.48571428571428577,0.4722222222222222,0.5882352941176471,0.4,0.35714285714285715,0.3833333333333333,0.5882352941176471,0.4,0.4571428571428572,0.4157142857142857,0.6666666666666666,0.4,0.5,0.225,0.4,0.0,2.0,0.0,1.0,0.25,0.16666666666666666,0.2857142857142857,0.0,1.0,1.0,1.0,0.12499999999999997,0.1388888888888889,0.2857142857142857,0.0,2.0,0.0,1.0,0.5,0.22619047619047616,0.4444444444444445,0.0,1.0,1.0,1.0,0.9866666666666667,0.014907119849998611
cartpole,random,11,12.0,5.0,2.0,0.4285714285714286,0.4097979797979798,0.625,0.4,0.3142857142857143,0.36428571428571427,0.5882352941176471,0.4,0.6857142857142857,0.6587301587301588,0.7142857142857143,0.4,0.7,0.325,0.5714285714285715,0.0,4.0,0.0,0.0,0.3,0.16666666666666666,0.2857142857142857,0.0,4.0,0.0,0.0,0.75,0.41666666666666663,0.5,0.5,4.0,0.0,0.0,0.75,0.6428571428571428,0.6666666666666666,0.5,0.0,1.0,1.0,0.9866666666666667,0.012472191289246483
cartpole,random,13,12.0,5.0,2.0,0.7714285714285715,0.6544444444444445,0.8000000000000002,0.8,0.4571428571428572,0.5,0.5882352941176471,0.4,0.6000000000000001,0.5053968253968254,0.7142857142857143,0.4,0.9500000000000001,0.8333333333333333,0.8,0.5,0.0,1.0,1.0,0.8500000000000001,0.41666666666666663,0.5,0.5,0.0,1.0,1.0,1.0,1.0,1.0,1.0,0.0,1.0,1.0,0.65,0.6111111111111112,0.6666666666666666,0.5,0.0,1.0,1.0,0.9816666666666668,0.015184055965240511
cartpole,random,17,12.0,5.0,2.0,0.5714285714285714,0.5768253968253969,0.7142857142857143,0.4,0.5857142857142856,0.4666666666666667,0.5882352941176471,0.6,0.4571428571428572,0.419047619047619,0.6666666666666666,0.2,0.45,0.2111111111111111,0.3636363636363636,0.0,2.0,0.0,1.0,0.5,0.16666666666666666,0.2857142857142857,0.0,3.0,0.0,1.0,0.5,0.34090909090909094,0.5,0.5,2.0,0.0,1.0,0.30000000000000004,0.1736111111111111,0.3636363636363636,0.0,3.0,0.0,1.0,0.9900000000000001,0.010000000000000009
cartpole,random,19,12.0,5.0,2.0,0.5428571428571429,0.48571428571428565,0.6666666666666666,0.4,0.5428571428571428,0.4666666666666667,0.5882352941176471,0.4,0.6857142857142857,0.6833333333333333,0.6666666666666666,0.6,0.35,0.18333333333333335,0.33333333333333337,0.0,1.0,1.0,1.0,0.55,0.2222222222222222,0.3636363636363636,0.0,2.0,0.0,1.0,0.42500000000000004,0.19444444444444442,0.3636363636363636,0.0,4.0,0.0,0.0,0.19999999999999996,0.15555555555555556,0.33333333333333337,0.0,4.0,0.0,0.0,0.9883333333333334,0.012801909579781025
cartpole,random,23,12.0,5.0,2.0,0.6857142857142857,0.6392857142857143,0.7692307692307693,0.4,0.38571428571428573,0.37333333333333335,0.5882352941176471,0.2,0.5142857142857142,0.5597979797979797,0.625,0.4,0.65,0.6111111111111112,0.6666666666666666,0.5,0.0,1.0,1.0,0.525,0.3333333333333333,0.5,0.5,2.0,0.0,1.0,0.39999999999999997,0.2,0.33333333333333337,0.0,5.0,0.0,0.0,0.8,0.6666666666666666,0.6666666666666666,0.5,0.0,1.0,1.0,0.9766666666666669,0.013743685418725548
inventory,dqn,11,12.0,5.0,2.0,1.0,1.0,1.0,1.0,0.9714285714285715,0.9666666666666666,0.9090909090909091,0.8,0.9142857142857144,0.8766666666666667,0.9090909090909091,0.8,0.75,0.41666666666666663,0.5,0.5,3.0,0.0,1.0,0.65,0.30952380952380953,0.4444444444444445,0.0,3.0,0.0,1.0,0.925,0.5833333333333333,0.8,0.5,0.0,1.0,1.0,0.7,0.3333333333333333,0.5,0.0,2.0,0.0,1.0,-35.433690596804674,49.56902443768753
inventory,dqn,13,12.0,5.0,2.0,0.9142857142857144,0.8766666666666667,0.9090909090909091,0.8,0.942857142857143,0.9266666666666665,0.9090909090909091,0.8,0.8571428571428572,0.7861904761904761,0.8333333333333333,0.8,0.7,0.325,0.5714285714285715,0.0,3.0,0.0,1.0,0.65,0.29166666666666663,0.5,0.0,3.0,0.0,1.0,0.925,0.5833333333333333,0.8,0.5,0.0,1.0,1.0,0.65,0.29166666666666663,0.5,0.0,2.0,0.0,1.0,-49.486259635527084,65.68199307754641
inventory,dqn,17,12.0,5.0,2.0,0.7714285714285715,0.8242424242424242,0.7499999999999999,0.6,0.9142857142857143,0.9028571428571428,0.8333333333333333,0.8,0.8,0.7295238095238095,0.8333333333333333,0.6,0.6,0.26785714285714285,0.4444444444444445,0.0,3.0,0.0,1.0,0.6,0.26785714285714285,0.4444444444444445,0.0,3.0,0.0,1.0,0.9500000000000001,0.8333333333333333,0.8,0.5,0.0,1.0,1.0,0.6,0.26785714285714285,0.4444444444444445,0.0,2.0,0.0,1.0,-60.45600289703955,78.43621659662831
inventory,dqn,19,12.0,5.0,2.0,0.9714285714285715,0.9666666666666666,0.9090909090909091,0.8,1.0,1.0,1.0,1.0,0.9714285714285715,0.9666666666666666,0.9090909090909091,0.8,1.0,1.0,1.0,1.0,0.0,1.0,1.0,0.9500000000000001,0.8333333333333333,0.8,0.5,0.0,1.0,1.0,0.55,0.34090909090909094,0.5,0.5,2.0,0.0,1.0,0.9500000000000001,0.8333333333333333,0.8,0.5,0.0,1.0,1.0,-7.205682098482554,11.016955458672468
inventory,dqn,23,12.0,5.0,2.0,1.0,1.0,1.0,1.0,0.9714285714285715,0.9666666666666666,0.9090909090909091,0.8,0.9142857142857144,0.8766666666666667,0.9090909090909091,0.8,0.7,0.3333333333333333,0.5,0.0,3.0,0.0,1.0,0.65,0.30952380952380953,0.4444444444444445,0.0,3.0,0.0,1.0,0.9500000000000001,0.8333333333333333,0.8,0.5,0.0,1.0,1.0,0.7,0.3333333333333333,0.5,0.0,2.0,0.0,1.0,-40.80883951847313,54.85077539555855
inventory,heuristic,11,12.0,5.0,2.0,0.942857142857143,0.9266666666666665,0.9090909090909091,0.8,0.5714285714285714,0.46928571428571425,0.7692307692307693,0.4,0.4285714285714286,0.4097979797979798,0.625,0.4,0.9,0.5833333333333333,0.8,0.5,1.0,1.0,1.0,0.9,0.5833333333333333,0.8,0.5,1.0,1.0,1.0,0.5,0.16666666666666666,0.2857142857142857,0.0,4.0,0.0,0.0,0.7999999999999999,0.45,0.5714285714285715,0.5,2.0,0.0,1.0,-783.9209792488455,483.8208946905674
inventory,heuristic,13,12.0,5.0,2.0,0.9142857142857144,0.8766666666666667,0.9090909090909091,0.8,0.5714285714285714,0.46928571428571425,0.7692307692307693,0.4,0.4285714285714286,0.4097979797979798,0.625,0.4,0.9,0.5833333333333333,0.8,0.5,1.0,1.0,1.0,0.9,0.5833333333333333,0.8,0.5,1.0,1.0,1.0,0.5,0.16666666666666666,0.2857142857142857,0.0,4.0,0.0,0.0,0.7999999999999999,0.45,0.5714285714285715,0.5,2.0,0.0,1.0,-765.3687555998921,471.4613694718115
inventory,heuristic,17,12.0,5.0,2.0,0.8857142857142858,0.81,0.9090909090909091,0.8,0.5714285714285714,0.46928571428571425,0.7692307692307693,0.4,0.4285714285714286,0.4097979797979798,0.625,0.4,0.9,0.5833333333333333,0.8,0.5,1.0,1.0,1.0,0.9,0.5833333333333333,0.8,0.5,1.0,1.0,1.0,0.5,0.16666666666666666,0.2857142857142857,0.0,4.0,0.0,0.0,0.7999999999999999,0.45,0.5714285714285715,0.5,2.0,0.0,1.0,-776.1805663890509,467.3135520872487
inventory,heuristic,19,12.0,5.0,2.0,0.942857142857143,0.9266666666666665,0.9090909090909091,0.8,0.5714285714285714,0.46928571428571425,0.7692307692307693,0.4,0.4285714285714286,0.4097979797979798,0.625,0.4,0.9,0.5833333333333333,0.8,0.5,1.0,1.0,1.0,0.9,0.5833333333333333,0.8,0.5,1.0,1.0,1.0,0.5,0.16666666666666666,0.2857142857142857,0.0,4.0,0.0,0.0,0.7999999999999999,0.45,0.5714285714285715,0.5,2.0,0.0,1.0,-761.5406189348006,473.4806080032176
inventory,heuristic,23,12.0,5.0,2.0,0.8857142857142858,0.81,0.9090909090909091,0.8,0.5714285714285714,0.46928571428571425,0.7692307692307693,0.4,0.4285714285714286,0.4097979797979798,0.625,0.4,0.9,0.5833333333333333,0.8,0.5,1.0,1.0,1.0,0.9,0.5833333333333333,0.8,0.5,1.0,1.0,1.0,0.5,0.16666666666666666,0.2857142857142857,0.0,4.0,0.0,0.0,0.7999999999999999,0.45,0.5714285714285715,0.5,2.0,0.0,1.0,-786.4805209568195,486.47982421514354
inventory,pg,11,12.0,5.0,2.0,1.0,1.0,1.0,1.0,1.0,1.0,1.0,1.0,0.9714285714285715,0.9666666666666666,0.9090909090909091,0.8,0.7,0.325,0.5714285714285715,0.0,3.0,0.0,1.0,0.7,0.325,0.5714285714285715,0.0,3.0,0.0,1.0,0.9500000000000001,0.8333333333333333,0.8,0.5,0.0,1.0,1.0,0.85,0.7,0.6666666666666666,0.5,0.0,1.0,1.0,-37.748933865535925,46.929871499583435
inventory,pg,13,12.0,5.0,2.0,0.8,0.8833333333333333,0.888888888888889,0.8,0.7714285714285715,0.8242424242424242,0.7499999999999999,0.6,0.9714285714285715,0.9666666666666666,0.9090909090909091,0.8,0.9,0.5833333333333333,0.8,0.5,1.0,1.0,1.0,0.8,0.41666666666666663,0.6666666666666666,0.0,1.0,1.0,1.0,0.9500000000000001,0.8333333333333333,0.8,0.5,0.0,1.0,1.0,0.9500000000000001,0.8333333333333333,0.8,0.5,0.0,1.0,1.0,-9.066180060679292,13.81524560523923
inventory,pg,17,12.0,5.0,2.0,1.0,1.0,1.0,1.0,0.8571428571428571,0.8583333333333333,0.7692307692307693,0.6,0.6571428571428571,0.6192857142857142,0.7692307692307693,0.4,0.9,0.5833333333333333,0.8,0.5,1.0,1.0,1.0,0.9,0.5833333333333333,0.8,0.5,1.0,1.0,1.0,0.85,0.45,0.5714285714285715,0.5,0.0,1.0,1.0,0.8500000000000001,0.5,0.6666666666666666,0.5,2.0,0.0,1.0,-114.25293064764567,87.94532430989717
inventory,pg,19,12.0,5.0,2.0,0.8,0.8833333333333333,0.888888888888889,0.8,1.0,1.0,1.0,1.0,1.0,1.0,1.0,1.0,0.8500000000000001,0.5,0.6666666666666666,0.5,1.0,1.0,1.0,0.75,0.3666666666666667,0.5714285714285715,0.0,1.0,1.0,1.0,1.0,1.0,1.0,1.0,0.0,1.0,1.0,0.9500000000000001,0.8333333333333333,0.8,0.5,0.0,1.0,1.0,-12.174410448596753,17.2521642555799
inventory,pg,23,12.0,5.0,2.0,0.8,0.8833333333333333,0.888888888888889,0.8,0.5428571428571428,0.676060606060606,0.6,0.6,0.9142857142857143,0.925,0.888888888888889,0.8,0.7999999999999999,0.45,0.5714285714285715,0.5,1.0,1.0,1.0,0.8500000000000001,0.5,0.6666666666666666,0.5,1.0,1.0,1.0,0.6249999999999999,0.3333333333333333,0.5,0.5,2.0,0.0,1.0,0.85,0.7,0.6666666666666666,0.5,0.0,1.0,1.0,-7.679405992386111,3.475480431115026
inventory,ppo,11,12.0,5.0,2.0,0.9428571428571428,0.9428571428571428,0.888888888888889,0.8,0.8285714285714286,0.8909090909090909,0.888888888888889,0.8,1.0,1.0,1.0,1.0,0.75,0.3666666666666667,0.5714285714285715,0.0,1.0,1.0,1.0,0.44999999999999996,0.25757575757575757,0.4,0.0,1.0,1.0,1.0,0.9500000000000001,0.8333333333333333,0.8,0.5,0.0,1.0,1.0,0.9500000000000001,0.8333333333333333,0.8,0.5,0.0,1.0,1.0,-14.095830411363332,20.19455979271001
inventory,ppo,13,12.0,5.0,2.0,0.9428571428571428,0.9428571428571428,0.888888888888889,0.8,0.9714285714285715,0.9666666666666666,0.9090909090909091,0.8,0.9428571428571428,0.9428571428571428,0.888888888888889,0.8,0.9,0.75,0.6666666666666666,0.5,0.0,1.0,1.0,0.8500000000000001,0.5,0.6666666666666666,0.5,1.0,1.0,1.0,0.9,0.75,0.6666666666666666,0.5,0.0,1.0,1.0,0.9500000000000001,0.8333333333333333,0.8,0.5,0.0,1.0,1.0,-7.248744438633704,9.553394830954819
inventory,ppo,17,12.0,5.0,2.0,0.9142857142857143,0.925,0.888888888888889,0.8,0.8,0.8833333333333333,0.888888888888889,0.8,1.0,1.0,1.0,1.0,0.8,0.41666666666666663,0.6666666666666666,0.0,1.0,1.0,1.0,0.8,0.41666666666666663,0.6666666666666666,0.0,1.0,1.0,1.0,0.9500000000000001,0.8333333333333333,0.8,0.5,0.0,1.0,1.0,0.9500000000000001,0.8333333333333333,0.8,0.5,0.0,1.0,1.0,-11.905281394337782,17.648110302956205
inventory,ppo,19,12.0,5.0,2.0,0.8285714285714286,0.8909090909090909,0.888888888888889,0.8,0.8857142857142857,0.9111111111111112,0.888888888888889,0.8,0.8857142857142857,0.9111111111111112,0.888888888888889,0.8,0.9500000000000001,0.8333333333333333,0.8,0.5,0.0,1.0,1.0,0.8500000000000001,0.5,0.6666666666666666,0.5,1.0,1.0,1.0,1.0,1.0,1.0,1.0,0.0,1.0,1.0,0.9500000000000001,0.8333333333333333,0.8,0.5,0.0,1.0,1.0,-7.63234482470579,12.24430163623077
inventory,ppo,23,12.0,5.0,2.0,0.7714285714285715,0.6961904761904762,0.8333333333333333,0.6,0.7142857142857142,0.5926190476190476,0.7692307692307693,0.6,0.5714285714285715,0.4720634920634921,0.7142857142857143,0.4,0.9,0.5833333333333333,0.8,0.5,1.0,1.0,1.0,0.9,0.5833333333333333,0.8,0.5,1.0,1.0,1.0,0.65,0.6111111111111112,0.6666666666666666,0.5,0.0,1.0,1.0,0.8500000000000001,0.5,0.6666666666666666,0.5,2.0,0.0,1.0,-151.95401196835198,116.72305326650539
inventory,random,11,12.0,5.0,2.0,0.8571428571428572,0.8261904761904761,0.8333333333333333,0.6,0.7714285714285714,0.7592857142857143,0.7692307692307693,0.6,0.6,0.4859523809523809,0.7692307692307693,0.4,0.9,0.5833333333333333,0.8,0.5,1.0,1.0,1.0,0.9,0.5833333333333333,0.8,0.5,1.0,1.0,1.0,0.75,0.41666666666666663,0.5,0.5,4.0,0.0,0.0,0.8500000000000001,0.5,0.6666666666666666,0.5,2.0,0.0,1.0,-135.17748847483819,102.99513445103712
inventory,random,13,12.0,5.0,2.0,0.8571428571428572,0.71,0.9090909090909091,0.8,0.5714285714285714,0.46928571428571425,0.7692307692307693,0.4,0.5428571428571429,0.4553968253968254,0.7142857142857143,0.4,0.9,0.5833333333333333,0.8,0.5,1.0,1.0,1.0,0.9,0.5833333333333333,0.8,0.5,1.0,1.0,1.0,1.0,1.0,1.0,1.0,0.0,1.0,1.0,0.8500000000000001,0.5,0.6666666666666666,0.5,2.0,0.0,1.0,-168.47718390881727,132.0456105554345
inventory,random,17,12.0,5.0,2.0,0.9142857142857144,0.8766666666666667,0.9090909090909091,0.8,0.8285714285714285,0.8392857142857143,0.7692307692307693,0.6,0.5142857142857143,0.4442857142857143,0.6666666666666666,0.4,0.9,0.5833333333333333,0.8,0.5,1.0,1.0,1.0,0.9,0.5833333333333333,0.8,0.5,1.0,1.0,1.0,0.5,0.34090909090909094,0.5,0.5,2.0,0.0,1.0,0.8500000000000001,0.5,0.6666666666666666,0.5,2.0,0.0,1.0,-151.3322646941447,114.65896051778124
inventory,random,19,12.0,5.0,2.0,1.0,1.0,1.0,1.0,0.5714285714285714,0.46928571428571425,0.7692307692307693,0.4,0.5714285714285714,0.46928571428571425,0.7692307692307693,0.4,0.9,0.5833333333333333,0.8,0.5,1.0,1.0,1.0,0.9,0.5833333333333333,0.8,0.5,1.0,1.0,1.0,0.42500000000000004,0.19444444444444442,0.3636363636363636,0.0,4.0,0.0,0.0,0.7999999999999999,0.45,0.5714285714285715,0.5,2.0,0.0,1.0,-145.74493289481183,117.02326390574245
inventory,random,23,12.0,5.0,2.0,0.8285714285714285,0.7595238095238095,0.8333333333333333,0.6,0.5714285714285714,0.46928571428571425,0.7692307692307693,0.4,0.5714285714285714,0.46928571428571425,0.7692307692307693,0.4,0.9,0.5833333333333333,0.8,0.5,1.0,1.0,1.0,0.9,0.5833333333333333,0.8,0.5,1.0,1.0,1.0,0.39999999999999997,0.2,0.33333333333333337,0.0,5.0,0.0,0.0,0.8500000000000001,0.5,0.6666666666666666,0.5,2.0,0.0,1.0,-177.37145203835053,142.61244897219615
lunarlander,dqn,11,12.0,5.0,2.0,0.8571428571428571,0.8583333333333333,0.7692307692307693,0.6,0.7142857142857144,0.7666666666666666,0.7272727272727272,0.6,0.8,0.8333333333333333,0.7499999999999999,0.6,0.9,0.75,0.6666666666666666,0.5,0.0,1.0,1.0,0.9,0.75,0.6666666666666666,0.5,0.0,1.0,1.0,0.7,0.625,0.6666666666666666,0.5,0.0,1.0,1.0,0.8500000000000001,0.5,0.6666666666666666,0.5,1.0,1.0,1.0,-0.26240393303459913,0.9983748478918324
lunarlander,dqn,13,12.0,5.0,2.0,0.7714285714285715,0.6544444444444445,0.8000000000000002,0.8,0.5142857142857143,0.5023809523809524,0.6153846153846154,0.4,0.8285714285714286,0.8909090909090909,0.888888888888889,0.8,0.8,0.41666666666666663,0.6666666666666666,0.0,5.0,0.0,0.0,0.7,0.39285714285714285,0.5,0.5,5.0,0.0,0.0,0.9500000000000001,0.8333333333333333,0.8,0.5,0.0,1.0,1.0,0.65,0.375,0.5,0.5,1.0,1.0,1.0,-0.7366768444513143,1.2635616019149278
lunarlander,dqn,17,12.0,5.0,2.0,0.7428571428571429,0.7642857142857142,0.6666666666666666,0.6,0.31428571428571433,0.48757575757575755,0.625,0.2,0.45714285714285713,0.4209090909090909,0.625,0.4,0.9,0.5833333333333333,0.8,0.5,1.0,1.0,1.0,0.65,0.6111111111111112,0.6666666666666666,0.5,0.0,1.0,1.0,0.8,0.41666666666666663,0.6666666666666666,0.0,1.0,1.0,1.0,1.0,1.0,1.0,1.0,0.0,1.0,1.0,0.0910157540650262,0.7011394963814612
lunarlander,dqn,19,12.0,5.0,2.0,0.7714285714285715,0.800909090909091,0.8000000000000002,0.8,0.5428571428571429,0.6633333333333333,0.5882352941176471,0.4,0.45714285714285713,0.5321789321789321,0.625,0.2,0.9500000000000001,0.8333333333333333,0.8,0.5,0.0,1.0,1.0,0.9500000000000001,0.8333333333333333,0.8,0.5,0.0,1.0,1.0,0.85,0.7,0.6666666666666666,0.5,0.0,1.0,1.0,0.7999999999999999,0.45,0.5714285714285715,0.5,1.0,1.0,1.0,-0.39102154049358534,0.6876273521699577
lunarlander,dqn,23,12.0,5.0,2.0,0.6857142857142857,0.5944444444444444,0.7142857142857143,0.6,0.5714285714285714,0.530952380952381,0.6666666666666666,0.4,0.6285714285714287,0.6142857142857143,0.6666666666666666,0.4,0.7999999999999999,0.45,0.5714285714285715,0.5,5.0,0.0,0.0,0.75,0.3666666666666667,0.5714285714285715,0.0,5.0,0.0,0.0,0.625,0.26785714285714285,0.4444444444444445,0.0,5.0,0.0,0.0,0.65,0.375,0.5,0.5,1.0,1.0,1.0,-0.5264480741120942,1.2366445747280344
lunarlander,heuristic,11,12.0,5.0,2.0,0.7142857142857143,0.7909090909090908,0.7499999999999999,0.6,0.4,0.5138888888888888,0.5882352941176471,0.2,0.7714285714285714,0.7277777777777779,0.7272727272727272,0.6,0.55,0.5909090909090909,0.6666666666666666,0.5,0.0,1.0,1.0,0.5,0.2361111111111111,0.3636363636363636,0.0,3.0,0.0,1.0,0.5,0.16666666666666666,0.2857142857142857,0.0,4.0,0.0,0.0,0.14999999999999997,0.14646464646464646,0.3076923076923077,0.0,1.0,1.0,1.0,-5.239716966771845,2.0539554860730713
lunarlander,heuristic,13,12.0,5.0,2.0,0.7142857142857143,0.75,0.6666666666666666,0.6,0.08571428571428574,0.3012987012987013,0.5882352941176471,0.0,0.48571428571428577,0.47090909090909083,0.625,0.4,1.0,1.0,1.0,1.0,0.0,1.0,1.0,1.0,1.0,1.0,1.0,0.0,1.0,1.0,0.5,0.16666666666666666,0.2857142857142857,0.0,4.0,0.0,0.0,0.4,0.19642857142857142,0.4,0.0,1.0,1.0,1.0,-6.018413249715798,2.54741436700157
lunarlander,heuristic,17,12.0,5.0,2.0,0.6285714285714286,0.6333333333333333,0.6666666666666666,0.4,0.08571428571428574,0.3012987012987013,0.5882352941176471,0.0,0.5714285714285714,0.49428571428571433,0.6666666666666666,0.4,0.5,0.26666666666666666,0.4,0.0,2.0,0.0,1.0,0.55,0.24285714285714285,0.4444444444444445,0.0,1.0,1.0,1.0,0.5,0.16666666666666666,0.2857142857142857,0.0,4.0,0.0,0.0,0.7,0.39285714285714285,0.5,0.5,2.0,0.0,1.0,-5.216554749972853,1.9577900241623316
lunarlander,heuristic,19,12.0,5.0,2.0,0.6000000000000001,0.5301587301587302,0.7142857142857143,0.4,0.20000000000000004,0.3327272727272727,0.5882352941176471,0.2,0.5142857142857143,0.4411111111111111,0.7142857142857143,0.4,0.7,0.39285714285714285,0.5,0.5,1.0,1.0,1.0,0.55,0.2777777777777778,0.4,0.0,1.0,1.0,1.0,0.5,0.16666666666666666,0.2857142857142857,0.0,4.0,0.0,0.0,0.5,0.34090909090909094,0.5,0.5,1.0,1.0,1.0,-5.268995896673235,2.42515789873929
lunarlander,heuristic,23,12.0,5.0,2.0,0.8857142857142857,0.885,0.8000000000000002,0.8,0.3142857142857143,0.4960606060606061,0.5882352941176471,0.4,0.7714285714285715,0.800909090909091,0.8000000000000002,0.8,0.85,0.7,0.6666666666666666,0.5,0.0,1.0,1.0,0.65,0.375,0.5,0.5,1.0,1.0,1.0,0.5,0.16666666666666666,0.2857142857142857,0.0,4.0,0.0,0.0,0.8,0.41666666666666663,0.6666666666666666,0.0,2.0,0.0,1.0,-4.983576291817038,2.019338582778631
lunarlander,pg,11,12.0,5.0,2.0,0.8285714285714286,0.8211111111111111,0.8000000000000002,0.8,0.6,0.6176190476190475,0.6666666666666666,0.6,0.8285714285714285,0.8392857142857143,0.7692307692307693,0.6,1.0,1.0,1.0,1.0,0.0,1.0,1.0,0.65,0.6111111111111112,0.6666666666666666,0.5,0.0,1.0,1.0,0.95,0.8333333333333333,0.8,0.5,0.0,1.0,1.0,0.7,0.39285714285714285,0.5,0.5,1.0,1.0,1.0,-0.7822013389513426,1.5595861426888251
lunarlander,pg,13,12.0,5.0,2.0,0.6857142857142857,0.7388888888888889,0.6666666666666666,0.6,0.4857142857142857,0.5760606060606059,0.6,0.6,0.6857142857142857,0.6392857142857143,0.7692307692307693,0.4,0.6,0.26666666666666666,0.5,0.0,1.0,1.0,1.0,0.55,0.2777777777777778,0.4,0.0,1.0,1.0,1.0,0.45,0.2111111111111111,0.3636363636363636,0.0,1.0,1.0,1.0,0.19999999999999996,0.15555555555555556,0.33333333333333337,0.0,1.0,1.0,1.0,-0.8070317902080589,1.058129171496899
lunarlander,pg,17,12.0,5.0,2.0,0.6571428571428571,0.6968253968253968,0.7142857142857143,0.4,0.45714285714285713,0.4805555555555555,0.5882352941176471,0.4,0.6285714285714286,0.6385281385281385,0.6666666666666666,0.4,0.7999999999999999,0.45,0.5714285714285715,0.5,1.0,1.0,1.0,0.8500000000000001,0.5,0.6666666666666666,0.5,1.0,1.0,1.0,0.6,0.25,0.4,0.0,3.0,0.0,1.0,0.5,0.34090909090909094,0.5,0.5,3.0,0.0,1.0,-0.7780987464697109,1.5714569888530274
lunarlander,pg,19,12.0,5.0,2.0,0.5428571428571428,0.5776190476190477,0.6666666666666666,0.4,0.6857142857142857,0.740909090909091,0.6666666666666665,0.6,0.4,0.5119408369408369,0.625,0.2,1.0,1.0,1.0,1.0,0.0,1.0,1.0,1.0,1.0,1.0,1.0,0.0,1.0,1.0,0.7,0.29166666666666663,0.5,0.0,3.0,0.0,1.0,0.5,0.26666666666666666,0.4,0.0,3.0,0.0,1.0,-0.6763947217210823,1.3038806369041294
lunarlander,pg,23,12.0,5.0,2.0,0.6571428571428571,0.7109090909090909,0.625,0.6,0.6285714285714286,0.5442424242424242,0.7272727272727272,0.6,0.5714285714285714,0.49428571428571433,0.6666666666666666,0.4,0.7,0.625,0.6666666666666666,0.5,0.0,1.0,1.0,0.65,0.375,0.5,0.5,5.0,0.0,0.0,0.775,0.6428571428571428,0.6666666666666666,0.5,0.0,1.0,1.0,0.5,0.34090909090909094,0.5,0.5,3.0,0.0,1.0,-0.619663040671435,1.05416830668518
lunarlander,ppo,11,12.0,5.0,2.0,0.942857142857143,0.9266666666666665,0.9090909090909091,0.8,0.6571428571428571,0.7176190476190476,0.6666666666666666,0.6,0.4,0.3955122655122655,0.625,0.4,0.7,0.3333333333333333,0.5,0.0,1.0,1.0,1.0,0.5,0.26666666666666666,0.4,0.0,2.0,0.0,1.0,0.5,0.34090909090909094,0.5,0.5,1.0,1.0,1.0,0.4,0.19642857142857142,0.4,0.0,2.0,0.0,1.0,-0.555191081341442,1.2206610098148587
lunarlander,ppo,13,12.0,5.0,2.0,0.7714285714285714,0.7277777777777779,0.7272727272727272,0.6,0.4,0.5119408369408369,0.625,0.2,0.6000000000000001,0.5111111111111111,0.7142857142857143,0.4,0.6,0.29166666666666663,0.4,0.0,1.0,1.0,1.0,0.8,0.41666666666666663,0.6666666666666666,0.0,4.0,0.0,0.0,0.225,0.1534090909090909,0.3076923076923077,0.0,1.0,1.0,1.0,0.8,0.41666666666666663,0.6666666666666666,0.0,1.0,1.0,1.0,-1.2836408515121278,0.7135030833875122
lunarlander,ppo,17,12.0,5.0,2.0,0.45714285714285713,0.4276190476190476,0.6666666666666666,0.4,0.4285714285714286,0.40793650793650793,0.6666666666666666,0.2,0.8285714285714285,0.8444444444444443,0.7499999999999999,0.6,0.5,0.225,0.4,0.0,2.0,0.0,1.0,0.55,0.24285714285714285,0.4444444444444445,0.0,3.0,0.0,1.0,0.45,0.19444444444444442,0.3636363636363636,0.0,3.0,0.0,1.0,0.45,0.2111111111111111,0.3636363636363636,0.0,2.0,0.0,1.0,0.045236175752841244,0.5987664978720267
lunarlander,ppo,19,12.0,5.0,2.0,0.8285714285714285,0.8599999999999999,0.8000000000000002,0.8,0.7714285714285714,0.7592857142857143,0.7692307692307693,0.6,0.37142857142857144,0.5042424242424242,0.625,0.2,0.8500000000000001,0.5,0.6666666666666666,0.5,1.0,1.0,1.0,0.9,0.75,0.6666666666666666,0.5,0.0,1.0,1.0,0.8,0.41666666666666663,0.6666666666666666,0.0,1.0,1.0,1.0,0.55,0.25,0.4,0.0,1.0,1.0,1.0,-0.4733208530821009,1.0356017305491831
lunarlander,ppo,23,12.0,5.0,2.0,0.8285714285714285,0.7683333333333333,0.8000000000000002,0.8,0.34285714285714286,0.38055555555555554,0.5882352941176471,0.2,0.2,0.32805194805194804,0.625,0.0,0.9,0.75,0.6666666666666666,0.5,0.0,1.0,1.0,0.65,0.6111111111111112,0.6666666666666666,0.5,0.0,1.0,1.0,0.9750000000000001,0.8333333333333333,0.8,0.5,0.0,1.0,1.0,0.65,0.6111111111111112,0.6666666666666666,0.5,0.0,1.0,1.0,-0.5172892293120287,0.9862169518527891
lunarlander,random,11,12.0,5.0,2.0,0.6571428571428571,0.6533333333333333,0.6666666666666666,0.6,0.7142857142857143,0.6944444444444444,0.7142857142857143,0.6,0.6285714285714286,0.5585281385281384,0.6666666666666666,0.6,0.55,0.24285714285714285,0.4444444444444445,0.0,4.0,0.0,0.0,0.14999999999999997,0.14646464646464646,0.3076923076923077,0.0,4.0,0.0,0.0,0.75,0.41666666666666663,0.5,0.5,4.0,0.0,0.0,0.75,0.6428571428571428,0.6666666666666666,0.5,0.0,1.0,1.0,-2.304728242756465,2.1592333750245842
lunarlander,random,13,12.0,5.0,2.0,0.7142857142857143,0.6342424242424243,0.8000000000000002,0.8,0.8571428571428572,0.8261904761904761,0.8333333333333333,0.6,0.37142857142857144,0.41194083694083694,0.625,0.2,1.0,1.0,1.0,1.0,0.0,1.0,1.0,0.9500000000000001,0.8333333333333333,0.8,0.5,0.0,1.0,1.0,1.0,1.0,1.0,1.0,0.0,1.0,1.0,0.75,0.6428571428571428,0.6666666666666666,0.5,0.0,1.0,1.0,-2.7394255092664896,2.4004490583700093
lunarlander,random,17,12.0,5.0,2.0,0.3142857142857143,0.36571428571428566,0.5882352941176471,0.2,0.6000000000000001,0.5142857142857142,0.6666666666666666,0.4,0.7142857142857143,0.6087301587301588,0.7142857142857143,0.6,0.65,0.375,0.5,0.5,2.0,0.0,1.0,0.7999999999999999,0.45,0.5714285714285715,0.5,1.0,1.0,1.0,0.5,0.34090909090909094,0.5,0.5,2.0,0.0,1.0,0.6,0.26785714285714285,0.4444444444444445,0.0,5.0,0.0,0.0,-1.5070393119662349,1.2113768800583875
lunarlander,random,19,12.0,5.0,2.0,0.5428571428571429,0.5797979797979798,0.625,0.4,0.5428571428571429,0.5166666666666666,0.6153846153846154,0.4,0.4,0.4009090909090909,0.625,0.4,0.7,0.3333333333333333,0.5,0.0,3.0,0.0,1.0,0.75,0.41666666666666663,0.5,0.5,5.0,0.0,0.0,0.42500000000000004,0.19444444444444442,0.3636363636363636,0.0,4.0,0.0,0.0,0.9500000000000001,0.8333333333333333,0.8,0.5,0.0,1.0,1.0,-1.5131189561560578,1.3617580902109727
lunarlander,random,23,12.0,5.0,2.0,0.6857142857142857,0.5644444444444444,0.7272727272727272,0.6,0.4,0.5560606060606061,0.5882352941176471,0.4,0.9714285714285715,0.9666666666666666,0.9090909090909091,0.8,0.4,0.2159090909090909,0.3333333333333333,0.0,1.0,1.0,1.0,0.65,0.30952380952380953,0.4444444444444445,0.0,1.0,1.0,1.0,0.39999999999999997,0.2,0.33333333333333337,0.0,5.0,0.0,0.0,0.44999999999999996,0.25757575757575757,0.4,0.0,5.0,0.0,0.0,-2.2430818768033105,1.3212983408717942
queue,dqn,11,12.0,5.0,2.0,0.3142857142857143,0.36571428571428566,0.5882352941176471,0.2,0.5714285714285714,0.46928571428571425,0.7692307692307693,0.4,0.5714285714285714,0.46928571428571425,0.7692307692307693,0.4,0.5,0.26666666666666666,0.4,0.0,2.0,0.0,1.0,0.4,0.2159090909090909,0.3333333333333333,0.0,2.0,0.0,1.0,0.5,0.16666666666666666,0.2857142857142857,0.0,4.0,0.0,0.0,0.9,0.5833333333333333,0.8,0.5,1.0,1.0,1.0,-58.56590857923578,42.42490420093525
queue,dqn,13,12.0,5.0,2.0,0.3142857142857143,0.3777272727272727,0.5882352941176471,0.4,0.5714285714285714,0.46928571428571425,0.7692307692307693,0.4,0.5714285714285714,0.46928571428571425,0.7692307692307693,0.4,0.6,0.29166666666666663,0.4,0.0,3.0,0.0,1.0,0.5,0.26666666666666666,0.4,0.0,2.0,0.0,1.0,0.45,0.16666666666666666,0.2857142857142857,0.0,3.0,0.0,1.0,0.9,0.5833333333333333,0.8,0.5,1.0,1.0,1.0,-60.64236097868246,46.03344897961891
queue,dqn,17,12.0,5.0,2.0,0.2571428571428572,0.38,0.5882352941176471,0.2,0.5714285714285714,0.46928571428571425,0.7692307692307693,0.4,0.5714285714285714,0.46928571428571425,0.7692307692307693,0.4,0.4,0.19444444444444442,0.3636363636363636,0.0,2.0,0.0,1.0,0.3,0.17142857142857143,0.33333333333333337,0.0,2.0,0.0,1.0,0.6,0.3333333333333333,0.5,0.5,2.0,0.0,1.0,0.9,0.5833333333333333,0.8,0.5,1.0,1.0,1.0,-109.31397661502656,72.53922316373166
queue,dqn,19,12.0,5.0,2.0,0.3428571428571429,0.44939393939393935,0.5882352941176471,0.4,0.5714285714285714,0.46928571428571425,0.7692307692307693,0.4,0.5714285714285714,0.46928571428571425,0.7692307692307693,0.4,0.5,0.26666666666666666,0.4,0.0,2.0,0.0,1.0,0.3,0.17424242424242425,0.3076923076923077,0.0,2.0,0.0,1.0,0.6500000000000001,0.3333333333333333,0.5,0.5,1.0,1.0,1.0,0.9,0.5833333333333333,0.8,0.5,1.0,1.0,1.0,-79.55695056860094,69.20298639335194
queue,dqn,23,12.0,5.0,2.0,0.5714285714285714,0.5555555555555555,0.6666666666666665,0.6,0.5714285714285714,0.46928571428571425,0.7692307692307693,0.4,0.5714285714285714,0.46928571428571425,0.7692307692307693,0.4,0.7,0.39285714285714285,0.5,0.5,2.0,0.0,1.0,0.44999999999999996,0.25757575757575757,0.4,0.0,2.0,0.0,1.0,0.5,0.16666666666666666,0.2857142857142857,0.0,4.0,0.0,0.0,0.9,0.5833333333333333,0.8,0.5,1.0,1.0,1.0,-60.38428584678067,40.669311022535005
queue,heuristic,11,12.0,5.0,2.0,0.48571428571428565,0.5893939393939394,0.5882352941176471,0.4,0.5714285714285714,0.46928571428571425,0.7692307692307693,0.4,0.5714285714285714,0.46928571428571425,0.7692307692307693,0.4,0.19999999999999996,0.15555555555555556,0.33333333333333337,0.0,2.0,0.0,1.0,0.14999999999999997,0.14646464646464646,0.3076923076923077,0.0,2.0,0.0,1.0,0.5,0.16666666666666666,0.2857142857142857,0.0,4.0,0.0,0.0,0.9,0.5833333333333333,0.8,0.5,1.0,1.0,1.0,-114.87636914206651,70.40973252497227
queue,heuristic,13,12.0,5.0,2.0,0.4285714285714286,0.6227272727272728,0.5882352941176471,0.4,0.5142857142857143,0.4411111111111111,0.7142857142857143,0.4,0.5714285714285714,0.46928571428571425,0.7692307692307693,0.4,0.19999999999999996,0.15555555555555556,0.33333333333333337,0.0,5.0,0.0,0.0,0.19999999999999996,0.15555555555555556,0.33333333333333337,0.0,5.0,0.0,0.0,0.5,0.16666666666666666,0.2857142857142857,0.0,4.0,0.0,0.0,0.9,0.5833333333333333,0.8,0.5,1.0,1.0,1.0,-113.55890538476535,68.19056678311172
queue,heuristic,17,12.0,5.0,2.0,0.6,0.6542424242424243,0.6666666666666665,0.6,0.5714285714285714,0.46928571428571425,0.7692307692307693,0.4,0.5714285714285714,0.46928571428571425,0.7692307692307693,0.4,0.19999999999999996,0.15555555555555556,0.33333333333333337,0.0,2.0,0.0,1.0,0.19999999999999996,0.15555555555555556,0.33333333333333337,0.0,2.0,0.0,1.0,0.5,0.16666666666666666,0.2857142857142857,0.0,4.0,0.0,0.0,0.9,0.5833333333333333,0.8,0.5,1.0,1.0,1.0,-115.66686960330652,68.90075901846302
queue,heuristic,19,12.0,5.0,2.0,0.5142857142857142,0.6490476190476191,0.5882352941176471,0.4,0.5714285714285714,0.46928571428571425,0.7692307692307693,0.4,0.5714285714285714,0.46928571428571425,0.7692307692307693,0.4,0.25,0.1625,0.33333333333333337,0.0,2.0,0.0,1.0,0.19999999999999996,0.15555555555555556,0.33333333333333337,0.0,2.0,0.0,1.0,0.5,0.16666666666666666,0.2857142857142857,0.0,4.0,0.0,0.0,0.9,0.5833333333333333,0.8,0.5,1.0,1.0,1.0,-115.13350618513418,70.99523599502422
queue,heuristic,23,12.0,5.0,2.0,0.4,0.5560606060606061,0.5882352941176471,0.4,0.5714285714285714,0.46928571428571425,0.7692307692307693,0.4,0.5714285714285714,0.46928571428571425,0.7692307692307693,0.4,0.19999999999999996,0.15555555555555556,0.33333333333333337,0.0,2.0,0.0,1.0,0.14999999999999997,0.14646464646464646,0.3076923076923077,0.0,2.0,0.0,1.0,0.5,0.16666666666666666,0.2857142857142857,0.0,4.0,0.0,0.0,0.9,0.5833333333333333,0.8,0.5,1.0,1.0,1.0,-122.94224847727257,73.59215549598404
queue,pg,11,12.0,5.0,2.0,0.7714285714285714,0.7277777777777779,0.7272727272727272,0.6,0.5714285714285714,0.46928571428571425,0.7692307692307693,0.4,0.5714285714285714,0.46928571428571425,0.7692307692307693,0.4,0.19999999999999996,0.15555555555555556,0.33333333333333337,0.0,2.0,0.0,1.0,0.14999999999999997,0.14646464646464646,0.3076923076923077,0.0,2.0,0.0,1.0,0.47500000000000003,0.18253968253968253,0.3636363636363636,0.0,1.0,1.0,1.0,0.9,0.5833333333333333,0.8,0.5,1.0,1.0,1.0,-111.38150271493622,69.97617075607349
queue,pg,13,12.0,5.0,2.0,0.28571428571428575,0.3693939393939394,0.5882352941176471,0.4,0.5142857142857143,0.4411111111111111,0.7142857142857143,0.4,0.5714285714285714,0.46928571428571425,0.7692307692307693,0.4,0.19999999999999996,0.15555555555555556,0.33333333333333337,0.0,5.0,0.0,0.0,0.19999999999999996,0.15555555555555556,0.33333333333333337,0.0,5.0,0.0,0.0,0.5999999999999999,0.20833333333333331,0.3333333333333333,0.5,3.0,0.0,1.0,0.9,0.5833333333333333,0.8,0.5,1.0,1.0,1.0,-112.35105670478373,68.3112941554444
queue,pg,17,12.0,5.0,2.0,0.4285714285714286,0.5232900432900432,0.625,0.2,0.5714285714285714,0.46928571428571425,0.7692307692307693,0.4,0.5714285714285714,0.46928571428571425,0.7692307692307693,0.4,0.5,0.26666666666666666,0.4,0.0,2.0,0.0,1.0,0.35,0.19090909090909092,0.3076923076923077,0.0,2.0,0.0,1.0,0.85,0.5,0.6666666666666666,0.5,1.0,1.0,1.0,0.9,0.5833333333333333,0.8,0.5,1.0,1.0,1.0,-81.9514311590964,58.89076360971888
queue,pg,19,12.0,5.0,2.0,0.48571428571428577,0.44999999999999996,0.6153846153846154,0.4,0.5714285714285714,0.46928571428571425,0.7692307692307693,0.4,0.5714285714285714,0.46928571428571425,0.7692307692307693,0.4,0.19999999999999996,0.15555555555555556,0.33333333333333337,0.0,2.0,0.0,1.0,0.19999999999999996,0.15555555555555556,0.33333333333333337,0.0,2.0,0.0,1.0,0.25,0.16666666666666666,0.2857142857142857,0.0,3.0,0.0,1.0,0.9,0.5833333333333333,0.8,0.5,1.0,1.0,1.0,-112.52788796294794,68.51541173260408
queue,pg,23,12.0,5.0,2.0,0.6000000000000001,0.5666666666666667,0.6666666666666665,0.6,0.5714285714285714,0.46928571428571425,0.7692307692307693,0.4,0.5714285714285714,0.46928571428571425,0.7692307692307693,0.4,0.55,0.35,0.5,0.5,2.0,0.0,1.0,0.44999999999999996,0.25757575757575757,0.4,0.0,2.0,0.0,1.0,0.45,0.19642857142857142,0.4,0.0,1.0,1.0,1.0,0.9,0.5833333333333333,0.8,0.5,1.0,1.0,1.0,-60.816092952772266,40.67501527623176
queue,ppo,11,12.0,5.0,2.0,0.4857142857142857,0.4442857142857143,0.6666666666666666,0.4,0.5714285714285714,0.46928571428571425,0.7692307692307693,0.4,0.5714285714285714,0.46928571428571425,0.7692307692307693,0.4,0.44999999999999996,0.225,0.33333333333333337,0.0,2.0,0.0,1.0,0.4,0.2159090909090909,0.3333333333333333,0.0,2.0,0.0,1.0,0.625,0.25,0.4,0.0,2.0,0.0,1.0,0.9,0.5833333333333333,0.8,0.5,1.0,1.0,1.0,-58.83608695355633,42.14849788574042
queue,ppo,13,12.0,5.0,2.0,0.2857142857142857,0.361060606060606,0.5882352941176471,0.4,0.5714285714285714,0.46928571428571425,0.7692307692307693,0.4,0.5714285714285714,0.46928571428571425,0.7692307692307693,0.4,0.6000000000000001,0.3611111111111111,0.5,0.5,2.0,0.0,1.0,0.5,0.26666666666666666,0.4,0.0,2.0,0.0,1.0,0.5499999999999999,0.20833333333333331,0.3333333333333333,0.0,3.0,0.0,1.0,0.9,0.5833333333333333,0.8,0.5,1.0,1.0,1.0,-60.68626808142727,45.985795584920844
queue,ppo,17,12.0,5.0,2.0,0.5142857142857143,0.5393939393939393,0.6666666666666665,0.6,0.5714285714285714,0.46928571428571425,0.7692307692307693,0.4,0.5714285714285714,0.46928571428571425,0.7692307692307693,0.4,0.3,0.17142857142857143,0.33333333333333337,0.0,2.0,0.0,1.0,0.19999999999999996,0.15555555555555556,0.33333333333333337,0.0,2.0,0.0,1.0,0.45,0.16666666666666666,0.2857142857142857,0.0,3.0,0.0,1.0,0.9,0.5833333333333333,0.8,0.5,1.0,1.0,1.0,-110.76369602154892,71.352154886215
queue,ppo,19,12.0,5.0,2.0,0.6000000000000001,0.5009523809523809,0.6666666666666666,0.6,0.5714285714285714,0.46928571428571425,0.7692307692307693,0.4,0.5714285714285714,0.46928571428571425,0.7692307692307693,0.4,0.5,0.26666666666666666,0.4,0.0,3.0,0.0,1.0,0.44999999999999996,0.25757575757575757,0.4,0.0,2.0,0.0,1.0,0.45,0.16666666666666666,0.2857142857142857,0.0,3.0,0.0,1.0,0.9,0.5833333333333333,0.8,0.5,1.0,1.0,1.0,-57.99855181291445,42.32354119107266
queue,ppo,23,12.0,5.0,2.0,0.2571428571428571,0.36272727272727273,0.5882352941176471,0.4,0.5714285714285714,0.46928571428571425,0.7692307692307693,0.4,0.5714285714285714,0.46928571428571425,0.7692307692307693,0.4,0.3,0.17424242424242425,0.3076923076923077,0.0,2.0,0.0,1.0,0.3,0.17424242424242425,0.3076923076923077,0.0,2.0,0.0,1.0,0.3,0.17424242424242425,0.3076923076923077,0.0,3.0,0.0,1.0,0.9,0.5833333333333333,0.8,0.5,1.0,1.0,1.0,-97.52351498852035,63.01608292036343
queue,random,11,12.0,5.0,2.0,0.28571428571428575,0.355,0.5882352941176471,0.2,0.5714285714285714,0.46928571428571425,0.7692307692307693,0.4,0.5714285714285714,0.46928571428571425,0.7692307692307693,0.4,0.25,0.16233766233766234,0.3076923076923077,0.0,2.0,0.0,1.0,0.3,0.17424242424242425,0.3076923076923077,0.0,2.0,0.0,1.0,0.75,0.41666666666666663,0.5,0.5,4.0,0.0,0.0,0.9,0.5833333333333333,0.8,0.5,1.0,1.0,1.0,-79.62441997072364,58.22946687200562
queue,random,13,12.0,5.0,2.0,0.6000000000000001,0.5009523809523809,0.6666666666666666,0.6,0.5714285714285714,0.46928571428571425,0.7692307692307693,0.4,0.5714285714285714,0.46928571428571425,0.7692307692307693,0.4,0.5,0.26666666666666666,0.4,0.0,2.0,0.0,1.0,0.35,0.18333333333333335,0.33333333333333337,0.0,2.0,0.0,1.0,1.0,1.0,1.0,1.0,0.0,1.0,1.0,0.9,0.5833333333333333,0.8,0.5,1.0,1.0,1.0,-81.16650657972303,59.47743925849027
queue,random,17,12.0,5.0,2.0,0.6857142857142857,0.6392857142857143,0.7692307692307693,0.4,0.5714285714285714,0.46928571428571425,0.7692307692307693,0.4,0.5714285714285714,0.46928571428571425,0.7692307692307693,0.4,0.55,0.2777777777777778,0.4,0.0,2.0,0.0,1.0,0.45,0.2111111111111111,0.3636363636363636,0.0,2.0,0.0,1.0,0.5,0.34090909090909094,0.5,0.5,2.0,0.0,1.0,0.9,0.5833333333333333,0.8,0.5,1.0,1.0,1.0,-83.51230306211767,57.48813122524026
queue,random,19,12.0,5.0,2.0,0.5142857142857142,0.4688888888888889,0.6666666666666666,0.4,0.5714285714285714,0.46928571428571425,0.7692307692307693,0.4,0.5714285714285714,0.46928571428571425,0.7692307692307693,0.4,0.4,0.2159090909090909,0.3333333333333333,0.0,2.0,0.0,1.0,0.3,0.17424242424242425,0.3076923076923077,0.0,2.0,0.0,1.0,0.42500000000000004,0.19444444444444442,0.3636363636363636,0.0,4.0,0.0,0.0,0.9,0.5833333333333333,0.8,0.5,1.0,1.0,1.0,-78.77695477781802,57.5747508456396
queue,random,23,12.0,5.0,2.0,0.2571428571428572,0.34844155844155844,0.5882352941176471,0.2,0.5714285714285714,0.46928571428571425,0.7692307692307693,0.4,0.5714285714285714,0.46928571428571425,0.7692307692307693,0.4,0.39999999999999997,0.2,0.33333333333333337,0.0,5.0,0.0,0.0,0.3,0.17424242424242425,0.3076923076923077,0.0,5.0,0.0,0.0,0.39999999999999997,0.2,0.33333333333333337,0.0,5.0,0.0,0.0,0.9,0.5833333333333333,0.8,0.5,1.0,1.0,1.0,-83.27365602601522,56.830153655905825
traffic,dqn,11,12.0,5.0,2.0,0.5142857142857143,0.4411111111111111,0.7142857142857143,0.4,0.5714285714285714,0.46928571428571425,0.7692307692307693,0.4,0.4285714285714286,0.4097979797979798,0.625,0.4,0.9,0.5833333333333333,0.8,0.5,1.0,1.0,1.0,0.9,0.5833333333333333,0.8,0.5,1.0,1.0,1.0,0.575,0.25,0.4,0.0,1.0,1.0,1.0,0.7999999999999999,0.45,0.5714285714285715,0.5,2.0,0.0,1.0,-243.67403421998927,135.61759571973715
traffic,dqn,13,12.0,5.0,2.0,0.7428571428571429,0.5961904761904762,0.8333333333333333,0.6,0.5714285714285714,0.46928571428571425,0.7692307692307693,0.4,0.4285714285714286,0.4097979797979798,0.625,0.4,0.9,0.5833333333333333,0.8,0.5,1.0,1.0,1.0,0.9,0.5833333333333333,0.8,0.5,1.0,1.0,1.0,0.45,0.16666666666666666,0.2857142857142857,0.0,5.0,0.0,0.0,0.7999999999999999,0.45,0.5714285714285715,0.5,2.0,0.0,1.0,-221.97640694511438,132.23800518414825
traffic,dqn,17,12.0,5.0,2.0,0.8285714285714286,0.6861904761904761,0.8333333333333333,0.8,0.5714285714285714,0.46928571428571425,0.7692307692307693,0.4,0.4285714285714286,0.4097979797979798,0.625,0.4,0.9500000000000001,0.8333333333333333,0.8,0.5,0.0,1.0,1.0,0.9,0.5833333333333333,0.8,0.5,1.0,1.0,1.0,0.6499999999999999,0.5833333333333334,0.6666666666666666,0.5,0.0,1.0,1.0,0.7999999999999999,0.45,0.5714285714285715,0.5,2.0,0.0,1.0,-227.48830242000778,131.00589090962401
traffic,dqn,19,12.0,5.0,2.0,0.8571428571428572,0.71,0.9090909090909091,0.8,0.5714285714285714,0.46928571428571425,0.7692307692307693,0.4,0.4285714285714286,0.4097979797979798,0.625,0.4,0.9,0.5833333333333333,0.8,0.5,1.0,1.0,1.0,0.9,0.5833333333333333,0.8,0.5,1.0,1.0,1.0,0.925,0.5833333333333333,0.8,0.5,3.0,0.0,1.0,0.7999999999999999,0.45,0.5714285714285715,0.5,2.0,0.0,1.0,-211.86130690743383,127.04342917975048
traffic,dqn,23,12.0,5.0,2.0,0.942857142857143,0.9266666666666665,0.9090909090909091,0.8,0.5714285714285714,0.46928571428571425,0.7692307692307693,0.4,0.4285714285714286,0.4097979797979798,0.625,0.4,0.9,0.5833333333333333,0.8,0.5,1.0,1.0,1.0,0.9,0.5833333333333333,0.8,0.5,1.0,1.0,1.0,0.5,0.16666666666666666,0.2857142857142857,0.0,4.0,0.0,0.0,0.7999999999999999,0.45,0.5714285714285715,0.5,2.0,0.0,1.0,-223.16613235304078,130.90727615402156
traffic,heuristic,11,12.0,5.0,2.0,0.9142857142857144,0.8766666666666667,0.9090909090909091,0.8,0.5714285714285714,0.46928571428571425,0.7692307692307693,0.4,0.4285714285714286,0.4097979797979798,0.625,0.4,0.9,0.5833333333333333,0.8,0.5,1.0,1.0,1.0,0.9,0.5833333333333333,0.8,0.5,1.0,1.0,1.0,0.5,0.16666666666666666,0.2857142857142857,0.0,4.0,0.0,0.0,0.7999999999999999,0.45,0.5714285714285715,0.5,2.0,0.0,1.0,-226.32345764541608,133.89994882193466
traffic,heuristic,13,12.0,5.0,2.0,0.8857142857142858,0.81,0.9090909090909091,0.8,0.5714285714285714,0.46928571428571425,0.7692307692307693,0.4,0.4285714285714286,0.4097979797979798,0.625,0.4,0.9,0.5833333333333333,0.8,0.5,1.0,1.0,1.0,0.9,0.5833333333333333,0.8,0.5,1.0,1.0,1.0,0.5,0.16666666666666666,0.2857142857142857,0.0,4.0,0.0,0.0,0.7999999999999999,0.45,0.5714285714285715,0.5,2.0,0.0,1.0,-221.9249402784477,132.1624959618634
traffic,heuristic,17,12.0,5.0,2.0,0.9142857142857144,0.8766666666666667,0.9090909090909091,0.8,0.5714285714285714,0.46928571428571425,0.7692307692307693,0.4,0.4285714285714286,0.4097979797979798,0.625,0.4,0.9,0.5833333333333333,0.8,0.5,1.0,1.0,1.0,0.9,0.5833333333333333,0.8,0.5,1.0,1.0,1.0,0.5,0.16666666666666666,0.2857142857142857,0.0,4.0,0.0,0.0,0.7999999999999999,0.45,0.5714285714285715,0.5,2.0,0.0,1.0,-222.53326303959798,131.20860506747775
traffic,heuristic,19,12.0,5.0,2.0,0.8857142857142858,0.81,0.9090909090909091,0.8,0.5714285714285714,0.46928571428571425,0.7692307692307693,0.4,0.4285714285714286,0.4097979797979798,0.625,0.4,0.9,0.5833333333333333,0.8,0.5,1.0,1.0,1.0,0.9,0.5833333333333333,0.8,0.5,1.0,1.0,1.0,0.5,0.16666666666666666,0.2857142857142857,0.0,4.0,0.0,0.0,0.7999999999999999,0.45,0.5714285714285715,0.5,2.0,0.0,1.0,-217.99424046769465,129.65564011574315
traffic,heuristic,23,12.0,5.0,2.0,0.9142857142857144,0.8766666666666667,0.9090909090909091,0.8,0.5714285714285714,0.46928571428571425,0.7692307692307693,0.4,0.4285714285714286,0.4097979797979798,0.625,0.4,0.9,0.5833333333333333,0.8,0.5,1.0,1.0,1.0,0.9,0.5833333333333333,0.8,0.5,1.0,1.0,1.0,0.5,0.16666666666666666,0.2857142857142857,0.0,4.0,0.0,0.0,0.7999999999999999,0.45,0.5714285714285715,0.5,2.0,0.0,1.0,-223.16613235304078,130.90727615402156
traffic,pg,11,12.0,5.0,2.0,0.942857142857143,0.9266666666666665,0.9090909090909091,0.8,0.5714285714285714,0.46928571428571425,0.7692307692307693,0.4,0.4285714285714286,0.4097979797979798,0.625,0.4,0.9,0.5833333333333333,0.8,0.5,1.0,1.0,1.0,0.9,0.5833333333333333,0.8,0.5,1.0,1.0,1.0,0.725,0.3611111111111111,0.5,0.5,2.0,0.0,1.0,0.7999999999999999,0.45,0.5714285714285715,0.5,2.0,0.0,1.0,-276.04396524045615,158.6689090743722
traffic,pg,13,12.0,5.0,2.0,0.9142857142857144,0.8766666666666667,0.9090909090909091,0.8,0.5714285714285714,0.46928571428571425,0.7692307692307693,0.4,0.4285714285714286,0.4097979797979798,0.625,0.4,0.9500000000000001,0.8333333333333333,0.8,0.5,0.0,1.0,1.0,0.9,0.5833333333333333,0.8,0.5,1.0,1.0,1.0,0.8500000000000001,0.6428571428571428,0.6666666666666666,0.5,0.0,1.0,1.0,0.7999999999999999,0.45,0.5714285714285715,0.5,2.0,0.0,1.0,-230.48469397284353,136.18132704822185
traffic,pg,17,12.0,5.0,2.0,0.942857142857143,0.9266666666666665,0.9090909090909091,0.8,0.5714285714285714,0.46928571428571425,0.7692307692307693,0.4,0.4285714285714286,0.4097979797979798,0.625,0.4,0.9500000000000001,0.8333333333333333,0.8,0.5,0.0,1.0,1.0,0.9,0.5833333333333333,0.8,0.5,1.0,1.0,1.0,0.6499999999999999,0.5833333333333334,0.6666666666666666,0.5,0.0,1.0,1.0,0.7999999999999999,0.45,0.5714285714285715,0.5,2.0,0.0,1.0,-277.8684094564336,159.4571720297242
traffic,pg,19,12.0,5.0,2.0,0.942857142857143,0.9266666666666665,0.9090909090909091,0.8,0.5714285714285714,0.46928571428571425,0.7692307692307693,0.4,0.4285714285714286,0.4097979797979798,0.625,0.4,0.9500000000000001,0.8333333333333333,0.8,0.5,0.0,1.0,1.0,0.9,0.5833333333333333,0.8,0.5,1.0,1.0,1.0,0.8,0.6428571428571428,0.6666666666666666,0.5,0.0,1.0,1.0,0.7999999999999999,0.45,0.5714285714285715,0.5,2.0,0.0,1.0,-273.56849637848615,156.60950353220906
traffic,pg,23,12.0,5.0,2.0,0.9142857142857143,0.9028571428571428,0.8333333333333333,0.8,0.5714285714285714,0.46928571428571425,0.7692307692307693,0.4,0.4285714285714286,0.4097979797979798,0.625,0.4,0.9500000000000001,0.8333333333333333,0.8,0.5,0.0,1.0,1.0,0.9,0.5833333333333333,0.8,0.5,1.0,1.0,1.0,0.6000000000000001,0.5833333333333334,0.6666666666666666,0.5,0.0,1.0,1.0,0.7999999999999999,0.45,0.5714285714285715,0.5,2.0,0.0,1.0,-273.9044299201601,156.37015720480426
traffic,ppo,11,12.0,5.0,2.0,0.9714285714285715,0.9666666666666666,0.9090909090909091,0.8,0.5714285714285714,0.46928571428571425,0.7692307692307693,0.4,0.4285714285714286,0.4097979797979798,0.625,0.4,0.9,0.5833333333333333,0.8,0.5,1.0,1.0,1.0,0.9,0.5833333333333333,0.8,0.5,1.0,1.0,1.0,0.6,0.6,0.6666666666666666,0.5,0.0,1.0,1.0,0.7999999999999999,0.45,0.5714285714285715,0.5,2.0,0.0,1.0,-212.97708908191257,124.49868955044346
traffic,ppo,13,12.0,5.0,2.0,0.942857142857143,0.9266666666666665,0.9090909090909091,0.8,0.5714285714285714,0.46928571428571425,0.7692307692307693,0.4,0.4285714285714286,0.4097979797979798,0.625,0.4,0.9500000000000001,0.8333333333333333,0.8,0.5,0.0,1.0,1.0,0.9,0.5833333333333333,0.8,0.5,1.0,1.0,1.0,0.75,0.375,0.5,0.5,2.0,0.0,1.0,0.7999999999999999,0.45,0.5714285714285715,0.5,2.0,0.0,1.0,-221.35960694511436,131.70345078880518
traffic,ppo,17,12.0,5.0,2.0,0.9142857142857143,0.9028571428571428,0.8333333333333333,0.8,0.5714285714285714,0.46928571428571425,0.7692307692307693,0.4,0.4285714285714286,0.4097979797979798,0.625,0.4,0.9500000000000001,0.8333333333333333,0.8,0.5,0.0,1.0,1.0,0.9,0.5833333333333333,0.8,0.5,1.0,1.0,1.0,0.775,0.6111111111111112,0.6666666666666666,0.5,0.0,1.0,1.0,0.7999999999999999,0.45,0.5714285714285715,0.5,2.0,0.0,1.0,-230.3997496550959,133.2763270751796
traffic,ppo,19,12.0,5.0,2.0,0.942857142857143,0.9266666666666665,0.9090909090909091,0.8,0.5714285714285714,0.46928571428571425,0.7692307692307693,0.4,0.4285714285714286,0.4097979797979798,0.625,0.4,0.9,0.5833333333333333,0.8,0.5,1.0,1.0,1.0,0.9,0.5833333333333333,0.8,0.5,1.0,1.0,1.0,0.6500000000000001,0.3333333333333333,0.5,0.5,2.0,0.0,1.0,0.7999999999999999,0.45,0.5714285714285715,0.5,2.0,0.0,1.0,-217.91130713436132,129.58271203385377
traffic,ppo,23,12.0,5.0,2.0,0.9142857142857143,0.9028571428571428,0.8333333333333333,0.8,0.5714285714285714,0.46928571428571425,0.7692307692307693,0.4,0.4285714285714286,0.4097979797979798,0.625,0.4,0.9500000000000001,0.8333333333333333,0.8,0.5,0.0,1.0,1.0,0.9,0.5833333333333333,0.8,0.5,1.0,1.0,1.0,0.6,0.35,0.5,0.5,2.0,0.0,1.0,0.7999999999999999,0.45,0.5714285714285715,0.5,2.0,0.0,1.0,-226.8940841641038,131.3260070183493
traffic,random,11,12.0,5.0,2.0,0.7428571428571428,0.6226190476190476,0.7692307692307693,0.6,0.5714285714285714,0.46928571428571425,0.7692307692307693,0.4,0.4285714285714286,0.4097979797979798,0.625,0.4,0.9,0.5833333333333333,0.8,0.5,1.0,1.0,1.0,0.9,0.5833333333333333,0.8,0.5,1.0,1.0,1.0,0.75,0.41666666666666663,0.5,0.5,4.0,0.0,0.0,0.7999999999999999,0.45,0.5714285714285715,0.5,2.0,0.0,1.0,-229.2210576454161,135.34504216217115
traffic,random,13,12.0,5.0,2.0,0.7428571428571429,0.5961904761904762,0.8333333333333333,0.6,0.5714285714285714,0.46928571428571425,0.7692307692307693,0.4,0.4285714285714286,0.4097979797979798,0.625,0.4,0.9,0.5833333333333333,0.8,0.5,1.0,1.0,1.0,0.9,0.5833333333333333,0.8,0.5,1.0,1.0,1.0,1.0,1.0,1.0,1.0,0.0,1.0,1.0,0.7999999999999999,0.45,0.5714285714285715,0.5,2.0,0.0,1.0,-218.75660735127096,130.54745065320023
traffic,random,17,12.0,5.0,2.0,0.9142857142857143,0.9028571428571428,0.8333333333333333,0.8,0.5714285714285714,0.46928571428571425,0.7692307692307693,0.4,0.4285714285714286,0.4097979797979798,0.625,0.4,0.9,0.5833333333333333,0.8,0.5,1.0,1.0,1.0,0.9,0.5833333333333333,0.8,0.5,1.0,1.0,1.0,0.5,0.34090909090909094,0.5,0.5,2.0,0.0,1.0,0.7999999999999999,0.45,0.5714285714285715,0.5,2.0,0.0,1.0,-221.06076203540974,130.22066328796154
traffic,random,19,12.0,5.0,2.0,0.9428571428571428,0.9428571428571428,0.888888888888889,0.8,0.5714285714285714,0.46928571428571425,0.7692307692307693,0.4,0.4285714285714286,0.4097979797979798,0.625,0.4,0.9,0.5833333333333333,0.8,0.5,1.0,1.0,1.0,0.9,0.5833333333333333,0.8,0.5,1.0,1.0,1.0,0.42500000000000004,0.19444444444444442,0.3636363636363636,0.0,4.0,0.0,0.0,0.7999999999999999,0.45,0.5714285714285715,0.5,2.0,0.0,1.0,-217.44624046769468,129.32998106127258
traffic,random,23,12.0,5.0,2.0,0.6571428571428571,0.6192857142857142,0.7692307692307693,0.4,0.5714285714285714,0.46928571428571425,0.7692307692307693,0.4,0.4285714285714286,0.4097979797979798,0.625,0.4,0.9,0.5833333333333333,0.8,0.5,1.0,1.0,1.0,0.9,0.5833333333333333,0.8,0.5,1.0,1.0,1.0,0.39999999999999997,0.2,0.33333333333333337,0.0,5.0,0.0,0.0,0.7999999999999999,0.45,0.5714285714285715,0.5,2.0,0.0,1.0,-225.1843783407119,132.0525353574238
