env,policy,task,detector,num_seeds,auc_mean,auc_std,ap_mean,ap_std,best_f1_mean,best_f1_std,topk_precision_mean,topk_precision_std,localization_error_mean,localization_error_std,hit_at_1_mean,hit_at_1_std,hit_at_3_mean,hit_at_3_std,auc_summary,ap_summary,best_f1_summary,topk_precision_summary,localization_error_summary,hit_at_1_summary,hit_at_3_summary
cartpole,dqn,anomaly,reward_collapse,5.0,0.44571428571428573,0.02285714285714282,0.41200000000000003,0.006531972647421806,0.5882352941176471,0.0,0.36,0.08,,,,,,,0.446 +/- 0.023,0.412 +/- 0.007,0.588 +/- 0.000,0.360 +/- 0.080,nan +/- nan,nan +/- nan,nan +/- nan
cartpole,dqn,anomaly,rlva_anomaly,5.0,0.5885714285714286,0.08590455073355949,0.5619985569985569,0.08803941962845489,0.6705128205128205,0.05275917523987759,0.48,0.0979795897113271,,,,,,,0.589 +/- 0.086,0.562 +/- 0.088,0.671 +/- 0.053,0.480 +/- 0.098,nan +/- nan,nan +/- nan,nan +/- nan
cartpole,dqn,anomaly,state_outlier,5.0,0.7085714285714285,0.18639435920342962,0.6635786435786436,0.1326433038950156,0.7734848484848484,0.10863752588026272,0.6,0.1788854381999832,,,,,,,0.709 +/- 0.186,0.664 +/- 0.133,0.773 +/- 0.109,0.600 +/- 0.179,nan +/- nan,nan +/- nan,nan +/- nan
cartpole,dqn,shift,action_shift,5.0,0.7,0.19748417658131498,0.478888888888889,0.32535640476784344,0.5476190476190476,0.2676851299534323,0.4,0.37416573867739417,1.6,1.9595917942265426,0.6,0.48989794855663565,0.6,0.48989794855663565,0.700 +/- 0.197,0.479 +/- 0.325,0.548 +/- 0.268,0.400 +/- 0.374,1.600 +/- 1.960,0.600 +/- 0.490,0.600 +/- 0.490
cartpole,dqn,shift,reward_jump,5.0,0.49000000000000005,0.1562049935181331,0.19761904761904764,0.06801360408136047,0.32857142857142857,0.08571428571428573,0.0,0.0,2.6,0.8,0.2,0.4,1.0,0.0,0.490 +/- 0.156,0.198 +/- 0.068,0.329 +/- 0.086,0.000 +/- 0.000,2.600 +/- 0.800,0.200 +/- 0.400,1.000 +/- 0.000
cartpole,dqn,shift,rlva_shift,5.0,0.65,0.13038404810405296,0.3822222222222222,0.1708782687062617,0.47333333333333333,0.10413666234542203,0.2,0.24494897427831783,3.0,1.5491933384829668,0.2,0.4,0.4,0.48989794855663565,0.650 +/- 0.130,0.382 +/- 0.171,0.473 +/- 0.104,0.200 +/- 0.245,3.000 +/- 1.549,0.200 +/- 0.400,0.400 +/- 0.490
cartpole,dqn,shift,state_shift,5.0,0.55,0.20976176963403032,0.35607142857142854,0.17526235598107276,0.4666666666666667,0.12472191289246469,0.3,0.24494897427831783,2.2,1.6,0.4,0.48989794855663565,0.6,0.48989794855663565,0.550 +/- 0.210,0.356 +/- 0.175,0.467 +/- 0.125,0.300 +/- 0.245,2.200 +/- 1.600,0.400 +/- 0.490,0.600 +/- 0.490
cartpole,heuristic,anomaly,reward_collapse,5.0,0.39714285714285713,0.08050858744917355,0.41030303030303034,0.02202761435804395,0.5882352941176471,0.0,0.16,0.08,,,,,,,0.397 +/- 0.081,0.410 +/- 0.022,0.588 +/- 0.000,0.160 +/- 0.080,nan +/- nan,nan +/- nan,nan +/- nan
cartpole,heuristic,anomaly,rlva_anomaly,5.0,0.5142857142857143,0.20761030999525656,0.5398066378066378,0.12747995741368845,0.6631598793363499,0.06057309412422916,0.4800000000000001,0.15999999999999998,,,,,,,0.514 +/- 0.208,0.540 +/- 0.127,0.663 +/- 0.061,0.480 +/- 0.160,nan +/- nan,nan +/- nan,nan +/- nan
cartpole,heuristic,anomaly,state_outlier,5.0,0.5942857142857143,0.11342533280730975,0.529966810966811,0.05660110751166312,0.6800366300366301,0.05543538842756727,0.52,0.09797958971132711,,,,,,,0.594 +/- 0.113,0.530 +/- 0.057,0.680 +/- 0.055,0.520 +/- 0.098,nan +/- nan,nan +/- nan,nan +/- nan
cartpole,heuristic,shift,action_shift,5.0,0.5,0.0,0.16666666666666666,0.0,0.2857142857142857,0.0,0.0,0.0,4.0,0.0,0.0,0.0,0.0,0.0,0.500 +/- 0.000,0.167 +/- 0.000,0.286 +/- 0.000,0.000 +/- 0.000,4.000 +/- 0.000,0.000 +/- 0.000,0.000 +/- 0.000
cartpole,heuristic,shift,reward_jump,5.0,0.43,0.12489995996796797,0.25333333333333335,0.16512621435334449,0.36190476190476184,0.15238095238095237,0.2,0.24494897427831783,2.2,1.16619037896906,0.2,0.4,1.0,0.0,0.430 +/- 0.125,0.253 +/- 0.165,0.362 +/- 0.152,0.200 +/- 0.245,2.200 +/- 1.166,0.200 +/- 0.400,1.000 +/- 0.000
cartpole,heuristic,shift,rlva_shift,5.0,0.52,0.11661903789690597,0.30984126984126986,0.16076814696123565,0.4660606060606061,0.11010304881811854,0.1,0.2,1.8,1.32664991614216,0.4,0.48989794855663565,0.8,0.4000000000000001,0.520 +/- 0.117,0.310 +/- 0.161,0.466 +/- 0.110,0.100 +/- 0.200,1.800 +/- 1.327,0.400 +/- 0.490,0.800 +/- 0.400
cartpole,heuristic,shift,state_shift,5.0,0.56,0.11135528725660043,0.4028643578643579,0.18401756396300714,0.5193939393939393,0.12827312458328174,0.3,0.24494897427831783,2.0,1.8973665961010275,0.4,0.48989794855663565,0.8,0.4,0.560 +/- 0.111,0.403 +/- 0.184,0.519 +/- 0.128,0.300 +/- 0.245,2.000 +/- 1.897,0.400 +/- 0.490,0.800 +/- 0.400
cartpole,pg,anomaly,reward_collapse,5.0,0.39714285714285713,0.0397953950776689,0.3956666666666667,0.011907047399661164,0.5882352941176471,0.0,0.28,0.09797958971132713,,,,,,,0.397 +/- 0.040,0.396 +/- 0.012,0.588 +/- 0.000,0.280 +/- 0.098,nan +/- nan,nan +/- nan,nan +/- nan
cartpole,pg,anomaly,rlva_anomaly,5.0,0.5714285714285715,0.19208841501681845,0.5521486291486292,0.14687435678516192,0.7029864253393666,0.0943651462108418,0.43999999999999995,0.19595917942265426,,,,,,,0.571 +/- 0.192,0.552 +/- 0.147,0.703 +/- 0.094,0.440 +/- 0.196,nan +/- nan,nan +/- nan,nan +/- nan
cartpole,pg,anomaly,state_outlier,5.0,0.6742857142857144,0.09995917534020517,0.6278874458874459,0.08580683203794541,0.7163419913419913,0.10043406664496812,0.56,0.14966629547095767,,,,,,,0.674 +/- 0.100,0.628 +/- 0.086,0.716 +/- 0.100,0.560 +/- 0.150,nan +/- nan,nan +/- nan,nan +/- nan
cartpole,pg,shift,action_shift,5.0,0.6399999999999999,0.07999999999999996,0.3396031746031746,0.061984279413669456,0.5031746031746032,0.040343698498853456,0.3,0.24494897427831783,1.8,1.1661903789690602,0.6,0.48989794855663565,0.8,0.4,0.640 +/- 0.080,0.340 +/- 0.062,0.503 +/- 0.040,0.300 +/- 0.245,1.800 +/- 1.166,0.600 +/- 0.490,0.800 +/- 0.400
cartpole,pg,shift,reward_jump,5.0,0.5,0.06123724356957942,0.2533333333333333,0.16512621435334449,0.36190476190476184,0.15238095238095237,0.1,0.2,1.6,1.019803902718557,0.4,0.48989794855663565,1.0,0.0,0.500 +/- 0.061,0.253 +/- 0.165,0.362 +/- 0.152,0.100 +/- 0.200,1.600 +/- 1.020,0.400 +/- 0.490,1.000 +/- 0.000
cartpole,pg,shift,rlva_shift,5.0,0.5800000000000001,0.0678232998312527,0.38111111111111107,0.1253809011387714,0.5133333333333333,0.08589399151150082,0.4,0.2,2.2,1.6,0.4,0.48989794855663565,0.6,0.48989794855663565,0.580 +/- 0.068,0.381 +/- 0.125,0.513 +/- 0.086,0.400 +/- 0.200,2.200 +/- 1.600,0.400 +/- 0.490,0.600 +/- 0.490
cartpole,pg,shift,state_shift,5.0,0.64,0.09695359714832656,0.4143650793650794,0.18207210646508404,0.5425685425685426,0.1210608552466349,0.2,0.24494897427831783,1.4,1.4966629547095764,0.6,0.48989794855663565,0.8,0.4,0.640 +/- 0.097,0.414 +/- 0.182,0.543 +/- 0.121,0.200 +/- 0.245,1.400 +/- 1.497,0.600 +/- 0.490,0.800 +/- 0.400
cartpole,ppo,anomaly,reward_collapse,5.0,0.41714285714285715,0.03181579635902871,0.40612121212121205,0.01225741656262508,0.6029411764705883,0.01801095399105277,0.36000000000000004,0.14966629547095767,,,,,,,0.417 +/- 0.032,0.406 +/- 0.012,0.603 +/- 0.018,0.360 +/- 0.150,nan +/- nan,nan +/- nan,nan +/- nan
cartpole,ppo,anomaly,rlva_anomaly,5.0,0.48571428571428577,0.18070158058105026,0.5257200577200577,0.1389154100275998,0.6448179271708684,0.04936334066534606,0.4,0.12649110640673517,,,,,,,0.486 +/- 0.181,0.526 +/- 0.139,0.645 +/- 0.049,0.400 +/- 0.126,nan +/- nan,nan +/- nan,nan +/- nan
cartpole,ppo,anomaly,state_outlier,5.0,0.5657142857142858,0.1898656882952703,0.5711096681096681,0.1698193649908831,0.6928571428571428,0.07757302170307098,0.44000000000000006,0.14966629547095764,,,,,,,0.566 +/- 0.190,0.571 +/- 0.170,0.693 +/- 0.078,0.440 +/- 0.150,nan +/- nan,nan +/- nan,nan +/- nan
cartpole,ppo,shift,action_shift,5.0,0.43499999999999994,0.18614510468986284,0.2344444444444444,0.07873615888554243,0.3704761904761905,0.07428571428571429,0.1,0.20000000000000004,1.2,0.4,0.8,0.4,1.0,0.0,0.435 +/- 0.186,0.234 +/- 0.079,0.370 +/- 0.074,0.100 +/- 0.200,1.200 +/- 0.400,0.800 +/- 0.400,1.000 +/- 0.000
cartpole,ppo,shift,reward_jump,5.0,0.44000000000000006,0.11575836902790224,0.2033333333333333,0.06531972647421808,0.32857142857142857,0.08571428571428572,0.1,0.20000000000000004,2.0,1.2649110640673518,0.6,0.48989794855663565,0.8,0.4,0.440 +/- 0.116,0.203 +/- 0.065,0.329 +/- 0.086,0.100 +/- 0.200,2.000 +/- 1.265,0.600 +/- 0.490,0.800 +/- 0.400
cartpole,ppo,shift,rlva_shift,5.0,0.55,0.08366600265340755,0.2671428571428572,0.063623574118981,0.4155555555555555,0.05515410509329269,0.1,0.20000000000000004,2.0,1.0954451150103321,0.4,0.48989794855663565,0.8,0.4,0.550 +/- 0.084,0.267 +/- 0.064,0.416 +/- 0.055,0.100 +/- 0.200,2.000 +/- 1.095,0.400 +/- 0.490,0.800 +/- 0.400
cartpole,ppo,shift,state_shift,5.0,0.6199999999999999,0.13638181696985854,0.31380952380952376,0.10004137466064193,0.4720634920634921,0.05894512353717909,0.2,0.24494897427831783,1.2,0.4000000000000001,0.8,0.4000000000000001,1.0,0.0,0.620 +/- 0.136,0.314 +/- 0.100,0.472 +/- 0.059,0.200 +/- 0.245,1.200 +/- 0.400,0.800 +/- 0.400,1.000 +/- 0.000
cartpole,random,anomaly,reward_collapse,5.0,0.45714285714285713,0.09938586931957762,0.4341904761904763,0.05482803460534408,0.5882352941176471,0.0,0.39999999999999997,0.12649110640673517,,,,,,,0.457 +/- 0.099,0.434 +/- 0.055,0.588 +/- 0.000,0.400 +/- 0.126,nan +/- nan,nan +/- nan,nan +/- nan
cartpole,random,anomaly,rlva_anomaly,5.0,0.6,0.11849395059044411,0.5532135642135642,0.09309973922717246,0.7150366300366301,0.06419126254834968,0.48,0.16,,,,,,,0.600 +/- 0.118,0.553 +/- 0.093,0.715 +/- 0.064,0.480 +/- 0.160,nan +/- nan,nan +/- nan,nan +/- nan
cartpole,random,anomaly,state_outlier,5.0,0.5885714285714286,0.09142857142857143,0.5652611832611834,0.09764166763478248,0.6773809523809524,0.03375582590180436,0.4,0.12649110640673517,,,,,,,0.589 +/- 0.091,0.565 +/- 0.098,0.677 +/- 0.034,0.400 +/- 0.126,nan +/- nan,nan +/- nan,nan +/- nan
cartpole,random,shift,action_shift,5.0,0.615,0.22891046284519193,0.43040404040404034,0.2971196968799842,0.5393939393939394,0.24025545021714909,0.4,0.37416573867739417,3.0,1.7888543819998317,0.2,0.4000000000000001,0.4,0.48989794855663565,0.615 +/- 0.229,0.430 +/- 0.297,0.539 +/- 0.240,0.400 +/- 0.374,3.000 +/- 1.789,0.200 +/- 0.400,0.400 +/- 0.490
cartpole,random,shift,reward_jump,5.0,0.545,0.17635192088548401,0.26111111111111107,0.09875771574795097,0.387012987012987,0.0965416495586795,0.2,0.24494897427831783,2.2,1.32664991614216,0.2,0.4000000000000001,0.8,0.4000000000000001,0.545 +/- 0.176,0.261 +/- 0.099,0.387 +/- 0.097,0.200 +/- 0.245,2.200 +/- 1.327,0.200 +/- 0.400,0.800 +/- 0.400
cartpole,random,shift,rlva_shift,5.0,0.62,0.20880613017821104,0.43277777777777776,0.25108652780355306,0.547012987012987,0.1778772233619469,0.2,0.24494897427831783,1.4,1.4966629547095764,0.6,0.48989794855663565,0.8,0.4000000000000001,0.620 +/- 0.209,0.433 +/- 0.251,0.547 +/- 0.178,0.200 +/- 0.245,1.400 +/- 1.497,0.600 +/- 0.490,0.800 +/- 0.400
cartpole,random,shift,state_shift,5.0,0.54,0.24372115213907883,0.4499603174603174,0.23374492636668456,0.5393939393939393,0.15617089365727424,0.3,0.24494897427831783,1.4,1.7435595774162693,0.6,0.48989794855663565,0.8,0.4,0.540 +/- 0.244,0.450 +/- 0.234,0.539 +/- 0.156,0.300 +/- 0.245,1.400 +/- 1.744,0.600 +/- 0.490,0.800 +/- 0.400
inventory,dqn,anomaly,reward_collapse,5.0,0.9600000000000002,0.029137254363387356,0.9525714285714285,0.034027599842192946,0.9121212121212121,0.052835138709583944,0.8400000000000001,0.07999999999999999,,,,,,,0.960 +/- 0.029,0.953 +/- 0.034,0.912 +/- 0.053,0.840 +/- 0.080,nan +/- nan,nan +/- nan,nan +/- nan
inventory,dqn,anomaly,rlva_anomaly,5.0,0.9314285714285715,0.08590455073355946,0.9335151515151516,0.07086857169173921,0.9136363636363637,0.09136250564655359,0.8400000000000001,0.14966629547095767,,,,,,,0.931 +/- 0.086,0.934 +/- 0.071,0.914 +/- 0.091,0.840 +/- 0.150,nan +/- nan,nan +/- nan,nan +/- nan
inventory,dqn,anomaly,state_outlier,5.0,0.8914285714285715,0.058274508726774706,0.8471428571428572,0.08194960012990452,0.8787878787878787,0.03711348095126029,0.76,0.08000000000000003,,,,,,,0.891 +/- 0.058,0.847 +/- 0.082,0.879 +/- 0.037,0.760 +/- 0.080,nan +/- nan,nan +/- nan,nan +/- nan
inventory,dqn,shift,action_shift,5.0,0.8600000000000001,0.15540270267920053,0.6348484848484848,0.18466210176255587,0.74,0.12000000000000002,0.5,0.0,0.4,0.8,0.8,0.4,1.0,0.0,0.860 +/- 0.155,0.635 +/- 0.185,0.740 +/- 0.120,0.500 +/- 0.000,0.400 +/- 0.800,0.800 +/- 0.400,1.000 +/- 0.000
inventory,dqn,shift,reward_jump,5.0,0.7,0.1264911064067352,0.4023809523809524,0.21601812933072648,0.5266666666666667,0.13835006592243007,0.1,0.2,2.4,1.2,0.2,0.4,1.0,0.0,0.700 +/- 0.126,0.402 +/- 0.216,0.527 +/- 0.138,0.100 +/- 0.200,2.400 +/- 1.200,0.200 +/- 0.400,1.000 +/- 0.000
inventory,dqn,shift,rlva_shift,5.0,0.75,0.1341640786499874,0.4685714285714286,0.2699254537217515,0.6031746031746031,0.20246652408150279,0.3,0.39999999999999997,2.4,1.2,0.2,0.4,1.0,0.0,0.750 +/- 0.134,0.469 +/- 0.270,0.603 +/- 0.202,0.300 +/- 0.400,2.400 +/- 1.200,0.200 +/- 0.400,1.000 +/- 0.000
inventory,dqn,shift,state_shift,5.0,0.7200000000000001,0.12083045973594575,0.4119047619047619,0.2122055115644313,0.5488888888888889,0.12738587242636903,0.1,0.2,1.6,0.8,0.2,0.4,1.0,0.0,0.720 +/- 0.121,0.412 +/- 0.212,0.549 +/- 0.127,0.100 +/- 0.200,1.600 +/- 0.800,0.200 +/- 0.400,1.000 +/- 0.000
inventory,heuristic,anomaly,reward_collapse,5.0,0.5714285714285714,0.0,0.4692857142857142,5.551115123125783e-17,0.7692307692307693,0.0,0.4,0.0,,,,,,,0.571 +/- 0.000,0.469 +/- 0.000,0.769 +/- 0.000,0.400 +/- 0.000,nan +/- nan,nan +/- nan,nan +/- nan
inventory,heuristic,anomaly,rlva_anomaly,5.0,0.9142857142857144,0.025555062599997604,0.8699999999999999,0.052281290471193655,0.909090909090909,1.1102230246251565e-16,0.8,0.0,,,,,,,0.914 +/- 0.026,0.870 +/- 0.052,0.909 +/- 0.000,0.800 +/- 0.000,nan +/- nan,nan +/- nan,nan +/- nan
inventory,heuristic,anomaly,state_outlier,5.0,0.42857142857142866,5.551115123125783e-17,0.4097979797979797,5.551115123125783e-17,0.625,0.0,0.4,0.0,,,,,,,0.429 +/- 0.000,0.410 +/- 0.000,0.625 +/- 0.000,0.400 +/- 0.000,nan +/- nan,nan +/- nan,nan +/- nan
inventory,heuristic,shift,action_shift,5.0,0.5,0.0,0.16666666666666666,0.0,0.2857142857142857,0.0,0.0,0.0,4.0,0.0,0.0,0.0,0.0,0.0,0.500 +/- 0.000,0.167 +/- 0.000,0.286 +/- 0.000,0.000 +/- 0.000,4.000 +/- 0.000,0.000 +/- 0.000,0.000 +/- 0.000
inventory,heuristic,shift,reward_jump,5.0,0.9,0.0,0.5833333333333333,0.0,0.8,0.0,0.5,0.0,1.0,0.0,1.0,0.0,1.0,0.0,0.900 +/- 0.000,0.583 +/- 0.000,0.800 +/- 0.000,0.500 +/- 0.000,1.000 +/- 0.000,1.000 +/- 0.000,1.000 +/- 0.000
inventory,heuristic,shift,rlva_shift,5.0,0.9,0.0,0.5833333333333333,0.0,0.8,0.0,0.5,0.0,1.0,0.0,1.0,0.0,1.0,0.0,0.900 +/- 0.000,0.583 +/- 0.000,0.800 +/- 0.000,0.500 +/- 0.000,1.000 +/- 0.000,1.000 +/- 0.000,1.000 +/- 0.000
inventory,heuristic,shift,state_shift,5.0,0.7999999999999999,0.0,0.45,0.0,0.5714285714285715,0.0,0.5,0.0,2.0,0.0,0.0,0.0,1.0,0.0,0.800 +/- 0.000,0.450 +/- 0.000,0.571 +/- 0.000,0.500 +/- 0.000,2.000 +/- 0.000,0.000 +/- 0.000,1.000 +/- 0.000
inventory,pg,anomaly,reward_collapse,5.0,0.8342857142857143,0.16989792854078295,0.8717272727272727,0.1213486201129036,0.8238461538461538,0.15530843524796586,0.76,0.19595917942265426,,,,,,,0.834 +/- 0.170,0.872 +/- 0.121,0.824 +/- 0.155,0.760 +/- 0.196,nan +/- nan,nan +/- nan,nan +/- nan
inventory,pg,anomaly,rlva_anomaly,5.0,0.8799999999999999,0.0979795897113271,0.93,0.05715476066494084,0.9333333333333333,0.05443310539518171,0.8799999999999999,0.0979795897113271,,,,,,,0.880 +/- 0.098,0.930 +/- 0.057,0.933 +/- 0.054,0.880 +/- 0.098,nan +/- nan,nan +/- nan,nan +/- nan
inventory,pg,anomaly,state_outlier,5.0,0.9028571428571428,0.12597375820027776,0.8955238095238094,0.14015292910751087,0.8952602952602954,0.07386069828697835,0.76,0.19595917942265426,,,,,,,0.903 +/- 0.126,0.896 +/- 0.140,0.895 +/- 0.074,0.760 +/- 0.196,nan +/- nan,nan +/- nan,nan +/- nan
inventory,pg,shift,action_shift,5.0,0.875,0.13416407864998744,0.6900000000000001,0.2537715508089904,0.7342857142857143,0.17925013875837853,0.6,0.2,0.4,0.8,0.8,0.4,1.0,0.0,0.875 +/- 0.134,0.690 +/- 0.254,0.734 +/- 0.179,0.600 +/- 0.200,0.400 +/- 0.800,0.800 +/- 0.400,1.000 +/- 0.000
inventory,pg,shift,reward_jump,5.0,0.8,0.07071067811865478,0.4383333333333333,0.09303523824635239,0.6552380952380952,0.0839825054668518,0.2,0.24494897427831783,1.4,0.8000000000000002,0.8,0.4000000000000001,1.0,0.0,0.800 +/- 0.071,0.438 +/- 0.093,0.655 +/- 0.084,0.200 +/- 0.245,1.400 +/- 0.800,0.800 +/- 0.400,1.000 +/- 0.000
inventory,pg,shift,rlva_shift,5.0,0.8300000000000001,0.07483314773547886,0.4883333333333333,0.09626352718795764,0.681904761904762,0.10250380226341874,0.4,0.20000000000000004,1.4,0.8000000000000002,0.8,0.4000000000000001,1.0,0.0,0.830 +/- 0.075,0.488 +/- 0.096,0.682 +/- 0.103,0.400 +/- 0.200,1.400 +/- 0.800,0.800 +/- 0.400,1.000 +/- 0.000
inventory,pg,shift,state_shift,5.0,0.89,0.048989794855663585,0.7133333333333333,0.1222020185321557,0.72,0.06531972647421812,0.5,0.0,0.4,0.8000000000000002,0.8,0.4,1.0,0.0,0.890 +/- 0.049,0.713 +/- 0.122,0.720 +/- 0.065,0.500 +/- 0.000,0.400 +/- 0.800,0.800 +/- 0.400,1.000 +/- 0.000
inventory,ppo,anomaly,reward_collapse,5.0,0.8400000000000001,0.08590455073355953,0.8489278499278499,0.13143024839214532,0.8689976689976691,0.0504933343651524,0.76,0.08000000000000003,,,,,,,0.840 +/- 0.086,0.849 +/- 0.131,0.869 +/- 0.050,0.760 +/- 0.080,nan +/- nan,nan +/- nan,nan +/- nan
inventory,ppo,anomaly,rlva_anomaly,5.0,0.8800000000000001,0.06857142857142855,0.8795627705627705,0.09362802387743674,0.8777777777777779,0.022222222222222275,0.76,0.08000000000000003,,,,,,,0.880 +/- 0.069,0.880 +/- 0.094,0.878 +/- 0.022,0.760 +/- 0.080,nan +/- nan,nan +/- nan,nan +/- nan
inventory,ppo,anomaly,state_outlier,5.0,0.8800000000000001,0.15999999999999998,0.8652063492063494,0.1995178466359044,0.8984126984126984,0.10461750510021638,0.7999999999999999,0.21908902300206645,,,,,,,0.880 +/- 0.160,0.865 +/- 0.200,0.898 +/- 0.105,0.800 +/- 0.219,nan +/- nan,nan +/- nan,nan +/- nan
inventory,ppo,shift,action_shift,5.0,0.89,0.12409673645990857,0.8055555555555556,0.12668615834434865,0.7866666666666666,0.12220201853215575,0.6,0.2,0.0,0.0,1.0,0.0,1.0,0.0,0.890 +/- 0.124,0.806 +/- 0.127,0.787 +/- 0.122,0.600 +/- 0.200,0.000 +/- 0.000,1.000 +/- 0.000,1.000 +/- 0.000
inventory,ppo,shift,reward_jump,5.0,0.77,0.16309506430300097,0.45151515151515154,0.11036711425135946,0.64,0.13063945294843618,0.3,0.24494897427831783,1.0,0.0,1.0,0.0,1.0,0.0,0.770 +/- 0.163,0.452 +/- 0.110,0.640 +/- 0.131,0.300 +/- 0.245,1.000 +/- 0.000,1.000 +/- 0.000,1.000 +/- 0.000
inventory,ppo,shift,rlva_shift,5.0,0.8600000000000001,0.07348469228349536,0.5899999999999999,0.18153665072253466,0.700952380952381,0.08803215244412452,0.3,0.24494897427831783,0.6,0.48989794855663565,1.0,0.0,1.0,0.0,0.860 +/- 0.073,0.590 +/- 0.182,0.701 +/- 0.088,0.300 +/- 0.245,0.600 +/- 0.490,1.000 +/- 0.000,1.000 +/- 0.000
inventory,ppo,shift,state_shift,5.0,0.93,0.039999999999999994,0.7666666666666666,0.1333333333333333,0.7733333333333333,0.053333333333333365,0.5,0.0,0.4,0.8,0.8,0.4,1.0,0.0,0.930 +/- 0.040,0.767 +/- 0.133,0.773 +/- 0.053,0.500 +/- 0.000,0.400 +/- 0.800,0.800 +/- 0.400,1.000 +/- 0.000
inventory,random,anomaly,reward_collapse,5.0,0.6628571428571428,0.11342533280730974,0.6012857142857143,0.16363373735266212,0.7692307692307693,0.0,0.48,0.09797958971132711,,,,,,,0.663 +/- 0.113,0.601 +/- 0.164,0.769 +/- 0.000,0.480 +/- 0.098,nan +/- nan,nan +/- nan,nan +/- nan
inventory,random,anomaly,rlva_anomaly,5.0,0.8914285714285715,0.06101187572589321,0.8344761904761905,0.10035836015756107,0.8969696969696969,0.06165754530113882,0.76,0.14966629547095767,,,,,,,0.891 +/- 0.061,0.834 +/- 0.100,0.897 +/- 0.062,0.760 +/- 0.150,nan +/- nan,nan +/- nan,nan +/- nan
inventory,random,anomaly,state_outlier,5.0,0.5599999999999999,0.029137254363387308,0.4648412698412699,0.014120294474598687,0.7377289377289377,0.041416246227406826,0.4,0.0,,,,,,,0.560 +/- 0.029,0.465 +/- 0.014,0.738 +/- 0.041,0.400 +/- 0.000,nan +/- nan,nan +/- nan,nan +/- nan
inventory,random,shift,action_shift,5.0,0.615,0.22891046284519193,0.43040404040404034,0.2971196968799842,0.5393939393939394,0.24025545021714909,0.4,0.37416573867739417,3.0,1.7888543819998317,0.2,0.4000000000000001,0.4,0.48989794855663565,0.615 +/- 0.229,0.430 +/- 0.297,0.539 +/- 0.240,0.400 +/- 0.374,3.000 +/- 1.789,0.200 +/- 0.400,0.400 +/- 0.490
inventory,random,shift,reward_jump,5.0,0.9,0.0,0.5833333333333333,0.0,0.8,0.0,0.5,0.0,1.0,0.0,1.0,0.0,1.0,0.0,0.900 +/- 0.000,0.583 +/- 0.000,0.800 +/- 0.000,0.500 +/- 0.000,1.000 +/- 0.000,1.000 +/- 0.000,1.000 +/- 0.000
inventory,random,shift,rlva_shift,5.0,0.9,0.0,0.5833333333333333,0.0,0.8,0.0,0.5,0.0,1.0,0.0,1.0,0.0,1.0,0.0,0.900 +/- 0.000,0.583 +/- 0.000,0.800 +/- 0.000,0.500 +/- 0.000,1.000 +/- 0.000,1.000 +/- 0.000,1.000 +/- 0.000
inventory,random,shift,state_shift,5.0,0.8400000000000001,0.020000000000000063,0.49000000000000005,0.019999999999999997,0.6476190476190476,0.03809523809523805,0.5,0.0,2.0,0.0,0.0,0.0,1.0,0.0,0.840 +/- 0.020,0.490 +/- 0.020,0.648 +/- 0.038,0.500 +/- 0.000,2.000 +/- 0.000,0.000 +/- 0.000,1.000 +/- 0.000
lunarlander,dqn,anomaly,reward_collapse,5.0,0.5314285714285715,0.12853967861945137,0.5901818181818181,0.10792883568043744,0.6445118606883312,0.048448648148789866,0.4,0.12649110640673517,,,,,,,0.531 +/- 0.129,0.590 +/- 0.108,0.645 +/- 0.048,0.400 +/- 0.126,nan +/- nan,nan +/- nan,nan +/- nan
lunarlander,dqn,anomaly,rlva_anomaly,5.0,0.7657142857142857,0.055402055513329454,0.7344834054834055,0.09659865404416419,0.7500366300366301,0.05213400123707233,0.6799999999999999,0.09797958971132717,,,,,,,0.766 +/- 0.055,0.734 +/- 0.097,0.750 +/- 0.052,0.680 +/- 0.098,nan +/- nan,nan +/- nan,nan +/- nan
lunarlander,dqn,anomaly,state_outlier,5.0,0.6342857142857143,0.16000000000000003,0.6583232323232322,0.17829294942139506,0.711111111111111,0.09992280971447194,0.48,0.2039607805437114,,,,,,,0.634 +/- 0.160,0.658 +/- 0.178,0.711 +/- 0.100,0.480 +/- 0.204,nan +/- nan,nan +/- nan,nan +/- nan
lunarlander,dqn,shift,action_shift,5.0,0.785,0.1135781669160055,0.5685714285714286,0.20202012652029097,0.6488888888888888,0.11452532201533445,0.3,0.24494897427831783,1.2,1.9390719429665315,0.8,0.4,0.8,0.4,0.785 +/- 0.114,0.569 +/- 0.202,0.649 +/- 0.115,0.300 +/- 0.245,1.200 +/- 1.939,0.800 +/- 0.400,0.800 +/- 0.400
lunarlander,dqn,shift,reward_jump,5.0,0.79,0.11575836902790228,0.5907936507936508,0.18654582526326993,0.6409523809523809,0.10131113254835962,0.4,0.2,2.0,2.449489742783178,0.6,0.48989794855663565,0.6,0.48989794855663565,0.790 +/- 0.116,0.591 +/- 0.187,0.641 +/- 0.101,0.400 +/- 0.200,2.000 +/- 2.449,0.600 +/- 0.490,0.600 +/- 0.490
lunarlander,dqn,shift,rlva_shift,5.0,0.8700000000000001,0.060000000000000026,0.6066666666666667,0.16316317667360555,0.700952380952381,0.08803215244412452,0.4,0.20000000000000004,2.2,2.3151673805580453,0.6,0.48989794855663565,0.6,0.48989794855663565,0.870 +/- 0.060,0.607 +/- 0.163,0.701 +/- 0.088,0.400 +/- 0.200,2.200 +/- 2.315,0.600 +/- 0.490,0.600 +/- 0.490
lunarlander,dqn,shift,state_shift,5.0,0.7899999999999999,0.1319090595827292,0.54,0.23484037131634755,0.6476190476190476,0.18650624788158227,0.6,0.2,0.8,0.4,1.0,0.0,1.0,0.0,0.790 +/- 0.132,0.540 +/- 0.235,0.648 +/- 0.187,0.600 +/- 0.200,0.800 +/- 0.400,1.000 +/- 0.000,1.000 +/- 0.000
lunarlander,heuristic,anomaly,reward_collapse,5.0,0.21714285714285717,0.12467099559583673,0.38905483405483404,0.09550795603152362,0.5882352941176471,0.0,0.16,0.14966629547095767,,,,,,,0.217 +/- 0.125,0.389 +/- 0.096,0.588 +/- 0.000,0.160 +/- 0.150,nan +/- nan,nan +/- nan,nan +/- nan
lunarlander,heuristic,anomaly,rlva_anomaly,5.0,0.7085714285714285,0.09963197585235822,0.7178802308802308,0.12383977625464689,0.7195238095238096,0.05103020314140506,0.5599999999999999,0.14966629547095764,,,,,,,0.709 +/- 0.100,0.718 +/- 0.124,0.720 +/- 0.051,0.560 +/- 0.150,nan +/- nan,nan +/- nan,nan +/- nan
lunarlander,heuristic,anomaly,state_outlier,5.0,0.6228571428571429,0.12440880604044136,0.586998556998557,0.1476022274421971,0.7066450216450216,0.05909858345737693,0.5199999999999999,0.16,,,,,,,0.623 +/- 0.124,0.587 +/- 0.148,0.707 +/- 0.059,0.520 +/- 0.160,nan +/- nan,nan +/- nan,nan +/- nan
lunarlander,heuristic,shift,action_shift,5.0,0.5,0.0,0.16666666666666666,0.0,0.2857142857142857,0.0,0.0,0.0,4.0,0.0,0.0,0.0,0.0,0.0,0.500 +/- 0.000,0.167 +/- 0.000,0.286 +/- 0.000,0.000 +/- 0.000,4.000 +/- 0.000,0.000 +/- 0.000,0.000 +/- 0.000
lunarlander,heuristic,shift,reward_jump,5.0,0.6499999999999999,0.1816590212458495,0.42634920634920637,0.29108257030644347,0.5416161616161616,0.23367581669359286,0.3,0.39999999999999997,1.2,0.9797958971132712,0.8,0.4000000000000001,1.0,0.0,0.650 +/- 0.182,0.426 +/- 0.291,0.542 +/- 0.234,0.300 +/- 0.400,1.200 +/- 0.980,0.800 +/- 0.400,1.000 +/- 0.000
lunarlander,heuristic,shift,rlva_shift,5.0,0.72,0.18601075237738274,0.59008658008658,0.2544054007023504,0.6466666666666666,0.20396078054371142,0.5,0.31622776601683794,0.6,0.7999999999999999,0.8,0.4,1.0,0.0,0.720 +/- 0.186,0.590 +/- 0.254,0.647 +/- 0.204,0.500 +/- 0.316,0.600 +/- 0.800,0.800 +/- 0.400,1.000 +/- 0.000
lunarlander,heuristic,shift,state_shift,5.0,0.51,0.22891046284519195,0.2986652236652237,0.10788730349021088,0.4748717948717949,0.11966861980791961,0.2,0.24494897427831783,1.4,0.4898979485566356,0.6,0.48989794855663565,1.0,0.0,0.510 +/- 0.229,0.299 +/- 0.108,0.475 +/- 0.120,0.200 +/- 0.245,1.400 +/- 0.490,0.600 +/- 0.490,1.000 +/- 0.000
lunarlander,pg,anomaly,reward_collapse,5.0,0.5714285714285714,0.08666143364630344,0.5918773448773449,0.08693088318176691,0.6497682709447414,0.05067788538737411,0.56,0.07999999999999999,,,,,,,0.571 +/- 0.087,0.592 +/- 0.087,0.650 +/- 0.051,0.560 +/- 0.080,nan +/- nan,nan +/- nan,nan +/- nan
lunarlander,pg,anomaly,rlva_anomaly,5.0,0.6742857142857142,0.09142857142857146,0.7090707070707071,0.0785812218729326,0.6945238095238095,0.05983537506227854,0.5599999999999999,0.14966629547095767,,,,,,,0.674 +/- 0.091,0.709 +/- 0.079,0.695 +/- 0.060,0.560 +/- 0.150,nan +/- nan,nan +/- nan,nan +/- nan
lunarlander,pg,anomaly,state_outlier,5.0,0.6228571428571428,0.14043663688508007,0.6246652236652236,0.12342892527855134,0.6993589743589743,0.05904399456240749,0.4,0.12649110640673517,,,,,,,0.623 +/- 0.140,0.625 +/- 0.123,0.699 +/- 0.059,0.400 +/- 0.126,nan +/- nan,nan +/- nan,nan +/- nan
lunarlander,pg,shift,action_shift,5.0,0.6950000000000001,0.16763054614240208,0.44579365079365074,0.24746199740818725,0.546060606060606,0.1647816263706243,0.2,0.24494897427831783,1.4,1.3564659966250536,0.6,0.48989794855663565,1.0,0.0,0.695 +/- 0.168,0.446 +/- 0.247,0.546 +/- 0.165,0.200 +/- 0.245,1.400 +/- 1.356,0.600 +/- 0.490,1.000 +/- 0.000
lunarlander,pg,shift,reward_jump,5.0,0.74,0.16248076809271922,0.5527777777777778,0.25037009642763886,0.6466666666666667,0.2039607805437114,0.5,0.31622776601683794,1.4,1.8547236990991407,0.8,0.4,0.8,0.4,0.740 +/- 0.162,0.553 +/- 0.250,0.647 +/- 0.204,0.500 +/- 0.316,1.400 +/- 1.855,0.800 +/- 0.400,0.800 +/- 0.400
lunarlander,pg,shift,rlva_shift,5.0,0.82,0.16,0.6683333333333333,0.29356051808405326,0.7476190476190476,0.21274578955893977,0.6,0.37416573867739417,0.4,0.48989794855663565,1.0,0.0,1.0,0.0,0.820 +/- 0.160,0.668 +/- 0.294,0.748 +/- 0.213,0.600 +/- 0.374,0.400 +/- 0.490,1.000 +/- 0.000,1.000 +/- 0.000
lunarlander,pg,shift,state_shift,5.0,0.48,0.16,0.2993795093795094,0.08239288806266362,0.44666666666666666,0.06863753427324665,0.3,0.24494897427831783,2.2,0.9797958971132712,0.4,0.48989794855663565,1.0,0.0,0.480 +/- 0.160,0.299 +/- 0.082,0.447 +/- 0.069,0.300 +/- 0.245,2.200 +/- 0.980,0.400 +/- 0.490,1.000 +/- 0.000
lunarlander,ppo,anomaly,reward_collapse,5.0,0.52,0.16502318946507025,0.5554675324675324,0.15626204990048279,0.6631598793363499,0.060573094124229156,0.36,0.19595917942265423,,,,,,,0.520 +/- 0.165,0.555 +/- 0.156,0.663 +/- 0.061,0.360 +/- 0.196,nan +/- nan,nan +/- nan,nan +/- nan
lunarlander,ppo,anomaly,rlva_anomaly,5.0,0.7657142857142857,0.164030858221798,0.742079365079365,0.17190511659228527,0.7806060606060606,0.08134769326333345,0.6799999999999999,0.16,,,,,,,0.766 +/- 0.164,0.742 +/- 0.172,0.781 +/- 0.081,0.680 +/- 0.160,nan +/- nan,nan +/- nan,nan +/- nan
lunarlander,ppo,anomaly,state_outlier,5.0,0.4800000000000001,0.21563385444700808,0.5166724386724385,0.17769490619198752,0.6678571428571429,0.05369034420847464,0.31999999999999995,0.20396078054371136,,,,,,,0.480 +/- 0.216,0.517 +/- 0.178,0.668 +/- 0.054,0.320 +/- 0.204,nan +/- nan,nan +/- nan,nan +/- nan
lunarlander,ppo,shift,action_shift,5.0,0.5900000000000001,0.2658006772000403,0.38775252525252524,0.24242831962059608,0.5275990675990675,0.18414479355067975,0.2,0.24494897427831783,1.2,0.9797958971132713,0.8,0.4,1.0,0.0,0.590 +/- 0.266,0.388 +/- 0.242,0.528 +/- 0.184,0.200 +/- 0.245,1.200 +/- 0.980,0.800 +/- 0.400,1.000 +/- 0.000
lunarlander,ppo,shift,reward_jump,5.0,0.6799999999999999,0.1503329637837291,0.45746031746031746,0.1966259870555983,0.5688888888888888,0.12057475525556029,0.2,0.24494897427831783,1.8,1.6,0.4,0.48989794855663565,0.8,0.4000000000000001,0.680 +/- 0.150,0.457 +/- 0.197,0.569 +/- 0.121,0.200 +/- 0.245,1.800 +/- 1.600,0.400 +/- 0.490,0.800 +/- 0.400
lunarlander,ppo,shift,rlva_shift,5.0,0.71,0.1496662954709577,0.42000000000000004,0.1883112081399063,0.5266666666666666,0.11999999999999997,0.2,0.24494897427831783,1.0,0.6324555320336759,0.8,0.4,1.0,0.0,0.710 +/- 0.150,0.420 +/- 0.188,0.527 +/- 0.120,0.200 +/- 0.245,1.000 +/- 0.632,0.800 +/- 0.400,1.000 +/- 0.000
lunarlander,ppo,shift,state_shift,5.0,0.5700000000000001,0.14352700094407325,0.33706349206349207,0.1578993335846775,0.49939393939393933,0.13722154373900514,0.1,0.2,1.2,0.7483314773547883,0.6,0.48989794855663565,1.0,0.0,0.570 +/- 0.144,0.337 +/- 0.158,0.499 +/- 0.137,0.100 +/- 0.200,1.200 +/- 0.748,0.600 +/- 0.490,1.000 +/- 0.000
lunarlander,random,anomaly,reward_collapse,5.0,0.6228571428571429,0.1548139106759322,0.6215295815295815,0.12164400828747425,0.6835811247575954,0.0864825832118722,0.48,0.09797958971132711,,,,,,,0.623 +/- 0.155,0.622 +/- 0.122,0.684 +/- 0.086,0.480 +/- 0.098,nan +/- nan,nan +/- nan,nan +/- nan
lunarlander,random,anomaly,rlva_anomaly,5.0,0.582857142857143,0.14635712542703652,0.5595064935064935,0.1023528043496794,0.6814349376114082,0.07516376059978776,0.52,0.2039607805437114,,,,,,,0.583 +/- 0.146,0.560 +/- 0.102,0.681 +/- 0.075,0.520 +/- 0.204,nan +/- nan,nan +/- nan,nan +/- nan
lunarlander,random,anomaly,state_outlier,5.0,0.6171428571428572,0.22027811734167296,0.5893549783549783,0.20526930207602012,0.708008658008658,0.10579556511756887,0.5199999999999999,0.20396078054371142,,,,,,,0.617 +/- 0.220,0.589 +/- 0.205,0.708 +/- 0.106,0.520 +/- 0.204,nan +/- nan,nan +/- nan,nan +/- nan
lunarlander,random,shift,action_shift,5.0,0.615,0.22891046284519193,0.43040404040404034,0.2971196968799842,0.5393939393939394,0.24025545021714909,0.4,0.37416573867739417,3.0,1.7888543819998317,0.2,0.4000000000000001,0.4,0.48989794855663565,0.615 +/- 0.229,0.430 +/- 0.297,0.539 +/- 0.240,0.400 +/- 0.374,3.000 +/- 1.789,0.200 +/- 0.400,0.400 +/- 0.490
lunarlander,random,shift,reward_jump,5.0,0.6599999999999999,0.27276363393971714,0.43119769119769114,0.22722464321045974,0.5247130647130648,0.1625527798916785,0.3,0.24494897427831783,2.2,1.9390719429665317,0.6,0.48989794855663565,0.6,0.48989794855663565,0.660 +/- 0.273,0.431 +/- 0.227,0.525 +/- 0.163,0.300 +/- 0.245,2.200 +/- 1.939,0.600 +/- 0.490,0.600 +/- 0.490
lunarlander,random,shift,rlva_shift,5.0,0.66,0.19849433241279205,0.4334199134199134,0.28916027795684857,0.5555555555555556,0.23040490392586357,0.3,0.39999999999999997,2.0,1.4142135623730951,0.4,0.48989794855663565,0.8,0.4000000000000001,0.660 +/- 0.198,0.433 +/- 0.289,0.556 +/- 0.230,0.300 +/- 0.400,2.000 +/- 1.414,0.400 +/- 0.490,0.800 +/- 0.400
lunarlander,random,shift,state_shift,5.0,0.7,0.16733200530681516,0.528896103896104,0.22821583335836623,0.5955555555555555,0.15032475133589124,0.3,0.24494897427831783,2.0,2.449489742783178,0.6,0.48989794855663565,0.6,0.48989794855663565,0.700 +/- 0.167,0.529 +/- 0.228,0.596 +/- 0.150,0.300 +/- 0.245,2.000 +/- 2.449,0.600 +/- 0.490,0.600 +/- 0.490
queue,dqn,anomaly,reward_collapse,5.0,0.5714285714285714,0.0,0.4692857142857142,5.551115123125783e-17,0.7692307692307693,0.0,0.4,0.0,,,,,,,0.571 +/- 0.000,0.469 +/- 0.000,0.769 +/- 0.000,0.400 +/- 0.000,nan +/- nan,nan +/- nan,nan +/- nan
queue,dqn,anomaly,rlva_anomaly,5.0,0.36,0.10932072268405137,0.4256782106782106,0.07129098705884739,0.6039215686274509,0.03137254901960777,0.36000000000000004,0.14966629547095764,,,,,,,0.360 +/- 0.109,0.426 +/- 0.071,0.604 +/- 0.031,0.360 +/- 0.150,nan +/- nan,nan +/- nan,nan +/- nan
queue,dqn,anomaly,state_outlier,5.0,0.5714285714285714,0.0,0.4692857142857142,5.551115123125783e-17,0.7692307692307693,0.0,0.4,0.0,,,,,,,0.571 +/- 0.000,0.469 +/- 0.000,0.769 +/- 0.000,0.400 +/- 0.000,nan +/- nan,nan +/- nan,nan +/- nan
queue,dqn,shift,action_shift,5.0,0.54,0.07348469228349537,0.23333333333333334,0.0816496580927726,0.37142857142857144,0.10497813183356479,0.2,0.24494897427831783,2.8,1.16619037896906,0.2,0.4,0.6,0.48989794855663565,0.540 +/- 0.073,0.233 +/- 0.082,0.371 +/- 0.105,0.200 +/- 0.245,2.800 +/- 1.166,0.200 +/- 0.400,0.600 +/- 0.490
queue,dqn,shift,reward_jump,5.0,0.39,0.08,0.21716450216450217,0.04004794637722156,0.35487179487179493,0.03801795485712952,0.0,0.0,2.0,0.0,0.0,0.0,1.0,0.0,0.390 +/- 0.080,0.217 +/- 0.040,0.355 +/- 0.038,0.000 +/- 0.000,2.000 +/- 0.000,0.000 +/- 0.000,1.000 +/- 0.000
queue,dqn,shift,rlva_shift,5.0,0.54,0.10198039027185568,0.2824603174603174,0.06405917363959085,0.4127272727272727,0.04585280077424907,0.1,0.2,2.2,0.39999999999999997,0.0,0.0,1.0,0.0,0.540 +/- 0.102,0.282 +/- 0.064,0.413 +/- 0.046,0.100 +/- 0.200,2.200 +/- 0.400,0.000 +/- 0.000,1.000 +/- 0.000
queue,dqn,shift,state_shift,5.0,0.9,0.0,0.5833333333333333,0.0,0.8,0.0,0.5,0.0,1.0,0.0,1.0,0.0,1.0,0.0,0.900 +/- 0.000,0.583 +/- 0.000,0.800 +/- 0.000,0.500 +/- 0.000,1.000 +/- 0.000,1.000 +/- 0.000,1.000 +/- 0.000
queue,heuristic,anomaly,reward_collapse,5.0,0.5599999999999999,0.022857142857142826,0.4636507936507936,0.01126984126984125,0.7582417582417582,0.021978021978021994,0.4,0.0,,,,,,,0.560 +/- 0.023,0.464 +/- 0.011,0.758 +/- 0.022,0.400 +/- 0.000,nan +/- nan,nan +/- nan,nan +/- nan
queue,heuristic,anomaly,rlva_anomaly,5.0,0.48571428571428565,0.06998542122237648,0.6142943722943723,0.03711051579389707,0.6039215686274509,0.03137254901960777,0.43999999999999995,0.07999999999999999,,,,,,,0.486 +/- 0.070,0.614 +/- 0.037,0.604 +/- 0.031,0.440 +/- 0.080,nan +/- nan,nan +/- nan,nan +/- nan
queue,heuristic,anomaly,state_outlier,5.0,0.5714285714285714,0.0,0.4692857142857142,5.551115123125783e-17,0.7692307692307693,0.0,0.4,0.0,,,,,,,0.571 +/- 0.000,0.469 +/- 0.000,0.769 +/- 0.000,0.400 +/- 0.000,nan +/- nan,nan +/- nan,nan +/- nan
queue,heuristic,shift,action_shift,5.0,0.5,0.0,0.16666666666666666,0.0,0.2857142857142857,0.0,0.0,0.0,4.0,0.0,0.0,0.0,0.0,0.0,0.500 +/- 0.000,0.167 +/- 0.000,0.286 +/- 0.000,0.000 +/- 0.000,4.000 +/- 0.000,0.000 +/- 0.000,0.000 +/- 0.000
queue,heuristic,shift,reward_jump,5.0,0.17999999999999994,0.02449489742783177,0.15191919191919193,0.004453617714151235,0.32307692307692315,0.012561485860426564,0.0,0.0,2.6,1.2000000000000002,0.0,0.0,0.8,0.4000000000000001,0.180 +/- 0.024,0.152 +/- 0.004,0.323 +/- 0.013,0.000 +/- 0.000,2.600 +/- 1.200,0.000 +/- 0.000,0.800 +/- 0.400
queue,heuristic,shift,rlva_shift,5.0,0.20999999999999996,0.020000000000000018,0.15694444444444444,0.002777777777777779,0.33333333333333337,0.0,0.0,0.0,2.6,1.2000000000000002,0.0,0.0,0.8,0.4000000000000001,0.210 +/- 0.020,0.157 +/- 0.003,0.333 +/- 0.000,0.000 +/- 0.000,2.600 +/- 1.200,0.000 +/- 0.000,0.800 +/- 0.400
queue,heuristic,shift,state_shift,5.0,0.9,0.0,0.5833333333333333,0.0,0.8,0.0,0.5,0.0,1.0,0.0,1.0,0.0,1.0,0.0,0.900 +/- 0.000,0.583 +/- 0.000,0.800 +/- 0.000,0.500 +/- 0.000,1.000 +/- 0.000,1.000 +/- 0.000,1.000 +/- 0.000
queue,pg,anomaly,reward_collapse,5.0,0.5599999999999999,0.022857142857142826,0.4636507936507936,0.01126984126984125,0.7582417582417582,0.021978021978021994,0.4,0.0,,,,,,,0.560 +/- 0.023,0.464 +/- 0.011,0.758 +/- 0.022,0.400 +/- 0.000,nan +/- nan,nan +/- nan,nan +/- nan
queue,pg,anomaly,rlva_anomaly,5.0,0.5142857142857143,0.1636322407231583,0.5274256854256854,0.12055429363732342,0.6445118606883312,0.04844864814878986,0.44000000000000006,0.14966629547095764,,,,,,,0.514 +/- 0.164,0.527 +/- 0.121,0.645 +/- 0.048,0.440 +/- 0.150,nan +/- nan,nan +/- nan,nan +/- nan
queue,pg,anomaly,state_outlier,5.0,0.5714285714285714,0.0,0.4692857142857142,5.551115123125783e-17,0.7692307692307693,0.0,0.4,0.0,,,,,,,0.571 +/- 0.000,0.469 +/- 0.000,0.769 +/- 0.000,0.400 +/- 0.000,nan +/- nan,nan +/- nan,nan +/- nan
queue,pg,shift,action_shift,5.0,0.525,0.19748417658131498,0.2507936507936508,0.1253779873332434,0.40987012987012983,0.13375499749667083,0.2,0.24494897427831783,1.8,0.9797958971132713,0.6,0.48989794855663565,1.0,0.0,0.525 +/- 0.197,0.251 +/- 0.125,0.410 +/- 0.134,0.200 +/- 0.245,1.800 +/- 0.980,0.600 +/- 0.490,1.000 +/- 0.000
queue,pg,shift,reward_jump,5.0,0.26999999999999996,0.11224972160321824,0.1812121212121212,0.04110800871822268,0.33641025641025646,0.03379950164776222,0.0,0.0,2.6,1.2000000000000002,0.0,0.0,0.8,0.4000000000000001,0.270 +/- 0.112,0.181 +/- 0.041,0.336 +/- 0.034,0.000 +/- 0.000,2.600 +/- 1.200,0.000 +/- 0.000,0.800 +/- 0.400
queue,pg,shift,rlva_shift,5.0,0.32999999999999996,0.16000000000000003,0.21666666666666665,0.07934920476158722,0.38000000000000006,0.06531972647421806,0.1,0.2,2.6,1.2000000000000002,0.0,0.0,0.8,0.4000000000000001,0.330 +/- 0.160,0.217 +/- 0.079,0.380 +/- 0.065,0.100 +/- 0.200,2.600 +/- 1.200,0.000 +/- 0.000,0.800 +/- 0.400
queue,pg,shift,state_shift,5.0,0.9,0.0,0.5833333333333333,0.0,0.8,0.0,0.5,0.0,1.0,0.0,1.0,0.0,1.0,0.0,0.900 +/- 0.000,0.583 +/- 0.000,0.800 +/- 0.000,0.500 +/- 0.000,1.000 +/- 0.000,1.000 +/- 0.000,1.000 +/- 0.000
queue,ppo,anomaly,reward_collapse,5.0,0.5714285714285714,0.0,0.4692857142857142,5.551115123125783e-17,0.7692307692307693,0.0,0.4,0.0,,,,,,,0.571 +/- 0.000,0.469 +/- 0.000,0.769 +/- 0.000,0.400 +/- 0.000,nan +/- nan,nan +/- nan,nan +/- nan
queue,ppo,anomaly,rlva_anomaly,5.0,0.42857142857142855,0.13401187885209803,0.4416839826839826,0.07183458580131631,0.6352941176470588,0.03842336851424588,0.48,0.0979795897113271,,,,,,,0.429 +/- 0.134,0.442 +/- 0.072,0.635 +/- 0.038,0.480 +/- 0.098,nan +/- nan,nan +/- nan,nan +/- nan
queue,ppo,anomaly,state_outlier,5.0,0.5714285714285714,0.0,0.4692857142857142,5.551115123125783e-17,0.7692307692307693,0.0,0.4,0.0,,,,,,,0.571 +/- 0.000,0.469 +/- 0.000,0.769 +/- 0.000,0.400 +/- 0.000,nan +/- nan,nan +/- nan,nan +/- nan
queue,ppo,shift,action_shift,5.0,0.4749999999999999,0.10954451150103323,0.19318181818181818,0.032319286375305366,0.3224908424908425,0.04254234594920911,0.0,0.0,2.8,0.39999999999999997,0.0,0.0,1.0,0.0,0.475 +/- 0.110,0.193 +/- 0.032,0.322 +/- 0.043,0.000 +/- 0.000,2.800 +/- 0.400,0.000 +/- 0.000,1.000 +/- 0.000
queue,ppo,shift,reward_jump,5.0,0.37,0.1077032961426901,0.213989898989899,0.043983375178731444,0.3548717948717949,0.03801795485712952,0.0,0.0,2.0,0.0,0.0,0.0,1.0,0.0,0.370 +/- 0.108,0.214 +/- 0.044,0.355 +/- 0.038,0.000 +/- 0.000,2.000 +/- 0.000,0.000 +/- 0.000,1.000 +/- 0.000
queue,ppo,shift,rlva_shift,5.0,0.43,0.11661903789690603,0.23968975468975467,0.0701849423605323,0.3748717948717949,0.06964548152354855,0.1,0.20000000000000004,2.2,0.39999999999999997,0.0,0.0,1.0,0.0,0.430 +/- 0.117,0.240 +/- 0.070,0.375 +/- 0.070,0.100 +/- 0.200,2.200 +/- 0.400,0.000 +/- 0.000,1.000 +/- 0.000
queue,ppo,shift,state_shift,5.0,0.9,0.0,0.5833333333333333,0.0,0.8,0.0,0.5,0.0,1.0,0.0,1.0,0.0,1.0,0.0,0.900 +/- 0.000,0.583 +/- 0.000,0.800 +/- 0.000,0.500 +/- 0.000,1.000 +/- 0.000,1.000 +/- 0.000,1.000 +/- 0.000
queue,random,anomaly,reward_collapse,5.0,0.5714285714285714,0.0,0.4692857142857142,5.551115123125783e-17,0.7692307692307693,0.0,0.4,0.0,,,,,,,0.571 +/- 0.000,0.469 +/- 0.000,0.769 +/- 0.000,0.400 +/- 0.000,nan +/- nan,nan +/- nan,nan +/- nan
queue,random,anomaly,rlva_anomaly,5.0,0.4685714285714286,0.17009001218442532,0.46251370851370854,0.10708703883176107,0.6558069381598793,0.0666823620133845,0.36,0.14966629547095764,,,,,,,0.469 +/- 0.170,0.463 +/- 0.107,0.656 +/- 0.067,0.360 +/- 0.150,nan +/- nan,nan +/- nan,nan +/- nan
queue,random,anomaly,state_outlier,5.0,0.5714285714285714,0.0,0.4692857142857142,5.551115123125783e-17,0.7692307692307693,0.0,0.4,0.0,,,,,,,0.571 +/- 0.000,0.469 +/- 0.000,0.769 +/- 0.000,0.400 +/- 0.000,nan +/- nan,nan +/- nan,nan +/- nan
queue,random,shift,action_shift,5.0,0.615,0.22891046284519193,0.43040404040404034,0.2971196968799842,0.5393939393939394,0.24025545021714909,0.4,0.37416573867739417,3.0,1.7888543819998317,0.2,0.4000000000000001,0.4,0.48989794855663565,0.615 +/- 0.229,0.430 +/- 0.297,0.539 +/- 0.240,0.400 +/- 0.374,3.000 +/- 1.789,0.200 +/- 0.400,0.400 +/- 0.490
queue,random,shift,reward_jump,5.0,0.33999999999999997,0.058309518948453015,0.18343434343434345,0.014279270341068514,0.32400932400932403,0.022162917154321123,0.0,0.0,2.6,1.2,0.0,0.0,0.8,0.4,0.340 +/- 0.058,0.183 +/- 0.014,0.324 +/- 0.022,0.000 +/- 0.000,2.600 +/- 1.200,0.000 +/- 0.000,0.800 +/- 0.400
queue,random,shift,rlva_shift,5.0,0.42000000000000004,0.10295630140987001,0.22453823953823954,0.042789606247450734,0.3548717948717949,0.03801795485712952,0.0,0.0,2.6,1.2,0.0,0.0,0.8,0.4,0.420 +/- 0.103,0.225 +/- 0.043,0.355 +/- 0.038,0.000 +/- 0.000,2.600 +/- 1.200,0.000 +/- 0.000,0.800 +/- 0.400
queue,random,shift,state_shift,5.0,0.9,0.0,0.5833333333333333,0.0,0.8,0.0,0.5,0.0,1.0,0.0,1.0,0.0,1.0,0.0,0.900 +/- 0.000,0.583 +/- 0.000,0.800 +/- 0.000,0.500 +/- 0.000,1.000 +/- 0.000,1.000 +/- 0.000,1.000 +/- 0.000
traffic,dqn,anomaly,reward_collapse,5.0,0.5714285714285714,0.0,0.4692857142857142,5.551115123125783e-17,0.7692307692307693,0.0,0.4,0.0,,,,,,,0.571 +/- 0.000,0.469 +/- 0.000,0.769 +/- 0.000,0.400 +/- 0.000,nan +/- nan,nan +/- nan,nan +/- nan
traffic,dqn,anomaly,rlva_anomaly,5.0,0.7771428571428572,0.14613384974336482,0.672031746031746,0.1584659197424754,0.8398268398268398,0.07133011711378388,0.68,0.16,,,,,,,0.777 +/- 0.146,0.672 +/- 0.158,0.840 +/- 0.071,0.680 +/- 0.160,nan +/- nan,nan +/- nan,nan +/- nan
traffic,dqn,anomaly,state_outlier,5.0,0.42857142857142866,5.551115123125783e-17,0.4097979797979797,5.551115123125783e-17,0.625,0.0,0.4,0.0,,,,,,,0.429 +/- 0.000,0.410 +/- 0.000,0.625 +/- 0.000,0.400 +/- 0.000,nan +/- nan,nan +/- nan,nan +/- nan
traffic,dqn,shift,action_shift,5.0,0.6199999999999999,0.16688319268278637,0.35,0.19293061504650375,0.4876190476190477,0.20921188903231971,0.2,0.24494897427831783,2.6,1.854723699099141,0.4,0.48989794855663565,0.6,0.48989794855663565,0.620 +/- 0.167,0.350 +/- 0.193,0.488 +/- 0.209,0.200 +/- 0.245,2.600 +/- 1.855,0.400 +/- 0.490,0.600 +/- 0.490
traffic,dqn,shift,reward_jump,5.0,0.9,0.0,0.5833333333333333,0.0,0.8,0.0,0.5,0.0,1.0,0.0,1.0,0.0,1.0,0.0,0.900 +/- 0.000,0.583 +/- 0.000,0.800 +/- 0.000,0.500 +/- 0.000,1.000 +/- 0.000,1.000 +/- 0.000,1.000 +/- 0.000
traffic,dqn,shift,rlva_shift,5.0,0.9099999999999999,0.020000000000000018,0.6333333333333332,0.1,0.8,0.0,0.5,0.0,0.8,0.4,1.0,0.0,1.0,0.0,0.910 +/- 0.020,0.633 +/- 0.100,0.800 +/- 0.000,0.500 +/- 0.000,0.800 +/- 0.400,1.000 +/- 0.000,1.000 +/- 0.000
traffic,dqn,shift,state_shift,5.0,0.7999999999999999,0.0,0.45,0.0,0.5714285714285715,0.0,0.5,0.0,2.0,0.0,0.0,0.0,1.0,0.0,0.800 +/- 0.000,0.450 +/- 0.000,0.571 +/- 0.000,0.500 +/- 0.000,2.000 +/- 0.000,0.000 +/- 0.000,1.000 +/- 0.000
traffic,heuristic,anomaly,reward_collapse,5.0,0.5714285714285714,0.0,0.4692857142857142,5.551115123125783e-17,0.7692307692307693,0.0,0.4,0.0,,,,,,,0.571 +/- 0.000,0.469 +/- 0.000,0.769 +/- 0.000,0.400 +/- 0.000,nan +/- nan,nan +/- nan,nan +/- nan
traffic,heuristic,anomaly,rlva_anomaly,5.0,0.9028571428571428,0.013997084244475308,0.85,0.03265986323710904,0.909090909090909,1.1102230246251565e-16,0.8,0.0,,,,,,,0.903 +/- 0.014,0.850 +/- 0.033,0.909 +/- 0.000,0.800 +/- 0.000,nan +/- nan,nan +/- nan,nan +/- nan
traffic,heuristic,anomaly,state_outlier,5.0,0.42857142857142866,5.551115123125783e-17,0.4097979797979797,5.551115123125783e-17,0.625,0.0,0.4,0.0,,,,,,,0.429 +/- 0.000,0.410 +/- 0.000,0.625 +/- 0.000,0.400 +/- 0.000,nan +/- nan,nan +/- nan,nan +/- nan
traffic,heuristic,shift,action_shift,5.0,0.5,0.0,0.16666666666666666,0.0,0.2857142857142857,0.0,0.0,0.0,4.0,0.0,0.0,0.0,0.0,0.0,0.500 +/- 0.000,0.167 +/- 0.000,0.286 +/- 0.000,0.000 +/- 0.000,4.000 +/- 0.000,0.000 +/- 0.000,0.000 +/- 0.000
traffic,heuristic,shift,reward_jump,5.0,0.9,0.0,0.5833333333333333,0.0,0.8,0.0,0.5,0.0,1.0,0.0,1.0,0.0,1.0,0.0,0.900 +/- 0.000,0.583 +/- 0.000,0.800 +/- 0.000,0.500 +/- 0.000,1.000 +/- 0.000,1.000 +/- 0.000,1.000 +/- 0.000
traffic,heuristic,shift,rlva_shift,5.0,0.9,0.0,0.5833333333333333,0.0,0.8,0.0,0.5,0.0,1.0,0.0,1.0,0.0,1.0,0.0,0.900 +/- 0.000,0.583 +/- 0.000,0.800 +/- 0.000,0.500 +/- 0.000,1.000 +/- 0.000,1.000 +/- 0.000,1.000 +/- 0.000
traffic,heuristic,shift,state_shift,5.0,0.7999999999999999,0.0,0.45,0.0,0.5714285714285715,0.0,0.5,0.0,2.0,0.0,0.0,0.0,1.0,0.0,0.800 +/- 0.000,0.450 +/- 0.000,0.571 +/- 0.000,0.500 +/- 0.000,2.000 +/- 0.000,0.000 +/- 0.000,1.000 +/- 0.000
traffic,pg,anomaly,reward_collapse,5.0,0.5714285714285714,0.0,0.4692857142857142,5.551115123125783e-17,0.7692307692307693,0.0,0.4,0.0,,,,,,,0.571 +/- 0.000,0.469 +/- 0.000,0.769 +/- 0.000,0.400 +/- 0.000,nan +/- nan,nan +/- nan,nan +/- nan
traffic,pg,anomaly,rlva_anomaly,5.0,0.9314285714285715,0.013997084244475334,0.9119047619047619,0.019886298112210498,0.8939393939393939,0.030303030303030318,0.8,0.0,,,,,,,0.931 +/- 0.014,0.912 +/- 0.020,0.894 +/- 0.030,0.800 +/- 0.000,nan +/- nan,nan +/- nan,nan +/- nan
traffic,pg,anomaly,state_outlier,5.0,0.42857142857142866,5.551115123125783e-17,0.4097979797979797,5.551115123125783e-17,0.625,0.0,0.4,0.0,,,,,,,0.429 +/- 0.000,0.410 +/- 0.000,0.625 +/- 0.000,0.400 +/- 0.000,nan +/- nan,nan +/- nan,nan +/- nan
traffic,pg,shift,action_shift,5.0,0.7250000000000001,0.0921954445729289,0.5626984126984127,0.1042495890656542,0.6333333333333332,0.06666666666666665,0.5,0.0,0.4,0.8000000000000002,0.8,0.4000000000000001,1.0,0.0,0.725 +/- 0.092,0.563 +/- 0.104,0.633 +/- 0.067,0.500 +/- 0.000,0.400 +/- 0.800,0.800 +/- 0.400,1.000 +/- 0.000
traffic,pg,shift,reward_jump,5.0,0.9,0.0,0.5833333333333333,0.0,0.8,0.0,0.5,0.0,1.0,0.0,1.0,0.0,1.0,0.0,0.900 +/- 0.000,0.583 +/- 0.000,0.800 +/- 0.000,0.500 +/- 0.000,1.000 +/- 0.000,1.000 +/- 0.000,1.000 +/- 0.000
traffic,pg,shift,rlva_shift,5.0,0.9400000000000001,0.020000000000000018,0.7833333333333332,0.09999999999999999,0.8,0.0,0.5,0.0,0.2,0.4000000000000001,1.0,0.0,1.0,0.0,0.940 +/- 0.020,0.783 +/- 0.100,0.800 +/- 0.000,0.500 +/- 0.000,0.200 +/- 0.400,1.000 +/- 0.000,1.000 +/- 0.000
traffic,pg,shift,state_shift,5.0,0.7999999999999999,0.0,0.45,0.0,0.5714285714285715,0.0,0.5,0.0,2.0,0.0,0.0,0.0,1.0,0.0,0.800 +/- 0.000,0.450 +/- 0.000,0.571 +/- 0.000,0.500 +/- 0.000,2.000 +/- 0.000,0.000 +/- 0.000,1.000 +/- 0.000
traffic,ppo,anomaly,reward_collapse,5.0,0.5714285714285714,0.0,0.4692857142857142,5.551115123125783e-17,0.7692307692307693,0.0,0.4,0.0,,,,,,,0.571 +/- 0.000,0.469 +/- 0.000,0.769 +/- 0.000,0.400 +/- 0.000,nan +/- nan,nan +/- nan,nan +/- nan
traffic,ppo,anomaly,rlva_anomaly,5.0,0.9371428571428572,0.021380899352994004,0.925142857142857,0.023333138969064124,0.8787878787878787,0.03711348095126029,0.8,0.0,,,,,,,0.937 +/- 0.021,0.925 +/- 0.023,0.879 +/- 0.037,0.800 +/- 0.000,nan +/- nan,nan +/- nan,nan +/- nan
traffic,ppo,anomaly,state_outlier,5.0,0.42857142857142866,5.551115123125783e-17,0.4097979797979797,5.551115123125783e-17,0.625,0.0,0.4,0.0,,,,,,,0.429 +/- 0.000,0.410 +/- 0.000,0.625 +/- 0.000,0.400 +/- 0.000,nan +/- nan,nan +/- nan,nan +/- nan
traffic,ppo,shift,action_shift,5.0,0.675,0.07416198487095663,0.4538888888888889,0.12459316510195678,0.5666666666666667,0.08164965809277258,0.5,0.0,1.2,0.9797958971132713,0.4,0.48989794855663565,1.0,0.0,0.675 +/- 0.074,0.454 +/- 0.125,0.567 +/- 0.082,0.500 +/- 0.000,1.200 +/- 0.980,0.400 +/- 0.490,1.000 +/- 0.000
traffic,ppo,shift,reward_jump,5.0,0.9,0.0,0.5833333333333333,0.0,0.8,0.0,0.5,0.0,1.0,0.0,1.0,0.0,1.0,0.0,0.900 +/- 0.000,0.583 +/- 0.000,0.800 +/- 0.000,0.500 +/- 0.000,1.000 +/- 0.000,1.000 +/- 0.000,1.000 +/- 0.000
traffic,ppo,shift,rlva_shift,5.0,0.93,0.024494897427831803,0.7333333333333332,0.12247448713915891,0.8,0.0,0.5,0.0,0.4,0.48989794855663565,1.0,0.0,1.0,0.0,0.930 +/- 0.024,0.733 +/- 0.122,0.800 +/- 0.000,0.500 +/- 0.000,0.400 +/- 0.490,1.000 +/- 0.000,1.000 +/- 0.000
traffic,ppo,shift,state_shift,5.0,0.7999999999999999,0.0,0.45,0.0,0.5714285714285715,0.0,0.5,0.0,2.0,0.0,0.0,0.0,1.0,0.0,0.800 +/- 0.000,0.450 +/- 0.000,0.571 +/- 0.000,0.500 +/- 0.000,2.000 +/- 0.000,0.000 +/- 0.000,1.000 +/- 0.000
traffic,random,anomaly,reward_collapse,5.0,0.5714285714285714,0.0,0.4692857142857142,5.551115123125783e-17,0.7692307692307693,0.0,0.4,0.0,,,,,,,0.571 +/- 0.000,0.469 +/- 0.000,0.769 +/- 0.000,0.400 +/- 0.000,nan +/- nan,nan +/- nan,nan +/- nan
traffic,random,anomaly,rlva_anomaly,5.0,0.7999999999999999,0.10991648035240767,0.7367619047619047,0.15274321522057327,0.8188034188034189,0.04527494919025308,0.6399999999999999,0.14966629547095767,,,,,,,0.800 +/- 0.110,0.737 +/- 0.153,0.819 +/- 0.045,0.640 +/- 0.150,nan +/- nan,nan +/- nan,nan +/- nan
traffic,random,anomaly,state_outlier,5.0,0.42857142857142866,5.551115123125783e-17,0.4097979797979797,5.551115123125783e-17,0.625,0.0,0.4,0.0,,,,,,,0.429 +/- 0.000,0.410 +/- 0.000,0.625 +/- 0.000,0.400 +/- 0.000,nan +/- nan,nan +/- nan,nan +/- nan
traffic,random,shift,action_shift,5.0,0.615,0.22891046284519193,0.43040404040404034,0.2971196968799842,0.5393939393939394,0.24025545021714909,0.4,0.37416573867739417,3.0,1.7888543819998317,0.2,0.4000000000000001,0.4,0.48989794855663565,0.615 +/- 0.229,0.430 +/- 0.297,0.539 +/- 0.240,0.400 +/- 0.374,3.000 +/- 1.789,0.200 +/- 0.400,0.400 +/- 0.490
traffic,random,shift,reward_jump,5.0,0.9,0.0,0.5833333333333333,0.0,0.8,0.0,0.5,0.0,1.0,0.0,1.0,0.0,1.0,0.0,0.900 +/- 0.000,0.583 +/- 0.000,0.800 +/- 0.000,0.500 +/- 0.000,1.000 +/- 0.000,1.000 +/- 0.000,1.000 +/- 0.000
traffic,random,shift,rlva_shift,5.0,0.9,0.0,0.5833333333333333,0.0,0.8,0.0,0.5,0.0,1.0,0.0,1.0,0.0,1.0,0.0,0.900 +/- 0.000,0.583 +/- 0.000,0.800 +/- 0.000,0.500 +/- 0.000,1.000 +/- 0.000,1.000 +/- 0.000,1.000 +/- 0.000
traffic,random,shift,state_shift,5.0,0.7999999999999999,0.0,0.45,0.0,0.5714285714285715,0.0,0.5,0.0,2.0,0.0,0.0,0.0,1.0,0.0,0.800 +/- 0.000,0.450 +/- 0.000,0.571 +/- 0.000,0.500 +/- 0.000,2.000 +/- 0.000,0.000 +/- 0.000,1.000 +/- 0.000
