env,policy,window_length,num_seeds,anomaly_auc_mean,anomaly_auc_std,anomaly_ap_mean,anomaly_ap_std,anomaly_best_f1_mean,anomaly_best_f1_std,shift_auc_mean,shift_auc_std,shift_ap_mean,shift_ap_std,shift_best_f1_mean,shift_best_f1_std,shift_localization_error_mean,shift_localization_error_std,shift_hit_at_1_mean,shift_hit_at_1_std,shift_hit_at_3_mean,shift_hit_at_3_std,anomaly_auc_summary,anomaly_ap_summary,anomaly_best_f1_summary,shift_auc_summary,shift_ap_summary,shift_best_f1_summary,shift_localization_error_summary,shift_hit_at_1_summary,shift_hit_at_3_summary
cartpole,dqn,25.0,5.0,0.6237037037037038,0.10717983554184252,0.5364099900040135,0.07525159071051352,0.6490614296957093,0.06936973687577447,0.5863636363636363,0.12808184366913977,0.261578947368421,0.15849675140048572,0.3885714285714286,0.15963677592195777,6.6,3.32264954516723,0.2,0.4,0.2,0.4,0.624 +/- 0.107,0.536 +/- 0.075,0.649 +/- 0.069,0.586 +/- 0.128,0.262 +/- 0.158,0.389 +/- 0.160,6.600 +/- 3.323,0.200 +/- 0.400,0.200 +/- 0.400
cartpole,dqn,50.0,5.0,0.5885714285714286,0.08590455073355949,0.5619985569985569,0.08803941962845489,0.6705128205128205,0.05275917523987759,0.65,0.13038404810405296,0.3822222222222222,0.1708782687062617,0.47333333333333333,0.10413666234542203,3.0,1.5491933384829668,0.2,0.4,0.4,0.48989794855663565,0.589 +/- 0.086,0.562 +/- 0.088,0.671 +/- 0.053,0.650 +/- 0.130,0.382 +/- 0.171,0.473 +/- 0.104,3.000 +/- 1.549,0.200 +/- 0.400,0.400 +/- 0.490
cartpole,dqn,75.0,5.0,0.5125,0.15512092057488572,0.6074999999999999,0.10941480082445788,0.7232323232323232,0.08609000304106071,0.5833333333333333,0.10540925533894599,0.47714285714285715,0.16101717489834705,0.584126984126984,0.08180380143952458,1.4,1.3564659966250538,0.6,0.48989794855663565,1.0,0.0,0.512 +/- 0.155,0.607 +/- 0.109,0.723 +/- 0.086,0.583 +/- 0.105,0.477 +/- 0.161,0.584 +/- 0.082,1.400 +/- 1.356,0.600 +/- 0.490,1.000 +/- 0.000
cartpole,dqn,100.0,5.0,0.7333333333333334,0.0888888888888889,0.79,0.09185334526862389,0.8242857142857142,0.04323641700120446,0.6,0.18371173070873836,0.5566666666666666,0.1945364861521983,0.6742857142857142,0.07288048178936758,1.2,0.9797958971132713,0.4,0.48989794855663565,1.0,0.0,0.733 +/- 0.089,0.790 +/- 0.092,0.824 +/- 0.043,0.600 +/- 0.184,0.557 +/- 0.195,0.674 +/- 0.073,1.200 +/- 0.980,0.400 +/- 0.490,1.000 +/- 0.000
cartpole,heuristic,25.0,5.0,0.6518518518518518,0.10600618559999005,0.6026697828178513,0.08397782459393799,0.6477472089314193,0.08043759087964134,0.6363636363636364,0.29176011883420383,0.36199651797477883,0.25813095498679,0.4402051282051282,0.20013029286514314,4.6,5.238320341483518,0.6,0.48989794855663565,0.6,0.48989794855663565,0.652 +/- 0.106,0.603 +/- 0.084,0.648 +/- 0.080,0.636 +/- 0.292,0.362 +/- 0.258,0.440 +/- 0.200,4.600 +/- 5.238,0.600 +/- 0.490,0.600 +/- 0.490
cartpole,heuristic,50.0,5.0,0.5142857142857143,0.20761030999525656,0.5398066378066378,0.12747995741368845,0.6631598793363499,0.06057309412422916,0.52,0.11661903789690597,0.30984126984126986,0.16076814696123565,0.4660606060606061,0.11010304881811854,1.8,1.32664991614216,0.4,0.48989794855663565,0.8,0.4000000000000001,0.514 +/- 0.208,0.540 +/- 0.127,0.663 +/- 0.061,0.520 +/- 0.117,0.310 +/- 0.161,0.466 +/- 0.110,1.800 +/- 1.327,0.400 +/- 0.490,0.800 +/- 0.400
cartpole,heuristic,75.0,5.0,0.75,0.2053959590644373,0.7948809523809522,0.1687252123392102,0.840909090909091,0.13016200966614866,0.6166666666666666,0.06666666666666671,0.5519047619047619,0.13621378421928473,0.6142857142857142,0.06801360408136045,0.4,0.48989794855663565,1.0,0.0,1.0,0.0,0.750 +/- 0.205,0.795 +/- 0.169,0.841 +/- 0.130,0.617 +/- 0.067,0.552 +/- 0.136,0.614 +/- 0.068,0.400 +/- 0.490,1.000 +/- 0.000,1.000 +/- 0.000
cartpole,heuristic,100.0,5.0,0.5555555555555556,0.2629368792488718,0.6666666666666666,0.18662036462783782,0.7861904761904762,0.07190949211814351,0.7,0.203100960115899,0.64,0.23347614677116613,0.740952380952381,0.14857142857142855,0.6,0.48989794855663565,1.0,0.0,1.0,0.0,0.556 +/- 0.263,0.667 +/- 0.187,0.786 +/- 0.072,0.700 +/- 0.203,0.640 +/- 0.233,0.741 +/- 0.149,0.600 +/- 0.490,1.000 +/- 0.000,1.000 +/- 0.000
cartpole,pg,25.0,5.0,0.5792592592592593,0.050761012441516484,0.5074771528797418,0.09191487639769141,0.602797776935708,0.03184550760447426,0.5727272727272726,0.2233294272097863,0.3276569629201208,0.20964646765994369,0.46610644257703077,0.21013706146814853,2.2,2.9933259094191533,0.6,0.48989794855663565,0.8,0.4,0.579 +/- 0.051,0.507 +/- 0.092,0.603 +/- 0.032,0.573 +/- 0.223,0.328 +/- 0.210,0.466 +/- 0.210,2.200 +/- 2.993,0.600 +/- 0.490,0.800 +/- 0.400
cartpole,pg,50.0,5.0,0.5714285714285715,0.19208841501681845,0.5521486291486292,0.14687435678516192,0.7029864253393666,0.0943651462108418,0.5800000000000001,0.0678232998312527,0.38111111111111107,0.1253809011387714,0.5133333333333333,0.08589399151150082,2.2,1.6,0.4,0.48989794855663565,0.6,0.48989794855663565,0.571 +/- 0.192,0.552 +/- 0.147,0.703 +/- 0.094,0.580 +/- 0.068,0.381 +/- 0.125,0.513 +/- 0.086,2.200 +/- 1.600,0.400 +/- 0.490,0.600 +/- 0.490
cartpole,pg,75.0,5.0,0.525,0.16105123408406408,0.5921428571428571,0.1263394224296753,0.760909090909091,0.032978831176758296,0.5333333333333334,0.28674417556808757,0.4552380952380952,0.2827280449341562,0.6031746031746033,0.2024665240815028,1.6,1.2000000000000002,0.6,0.48989794855663565,1.0,0.0,0.525 +/- 0.161,0.592 +/- 0.126,0.761 +/- 0.033,0.533 +/- 0.287,0.455 +/- 0.283,0.603 +/- 0.202,1.600 +/- 1.200,0.600 +/- 0.490,1.000 +/- 0.000
cartpole,pg,100.0,5.0,0.7111111111111112,0.11331154474650634,0.7833333333333332,0.095257934441568,0.8076190476190476,0.07386940735110595,0.425,0.18708286933869706,0.4033333333333333,0.09611913903530805,0.6361904761904762,0.08982724664801214,1.0,0.0,1.0,0.0,1.0,0.0,0.711 +/- 0.113,0.783 +/- 0.095,0.808 +/- 0.074,0.425 +/- 0.187,0.403 +/- 0.096,0.636 +/- 0.090,1.000 +/- 0.000,1.000 +/- 0.000,1.000 +/- 0.000
cartpole,ppo,25.0,5.0,0.4725925925925926,0.13369498278730046,0.42898909410586616,0.1089066462740283,0.5792532467532467,0.03752668134970029,0.4409090909090909,0.23248567004626225,0.16517841919376447,0.11681558892931457,0.27550649350649353,0.12105483425264449,5.0,2.898275349237888,0.2,0.4000000000000001,0.4,0.48989794855663565,0.473 +/- 0.134,0.429 +/- 0.109,0.579 +/- 0.038,0.441 +/- 0.232,0.165 +/- 0.117,0.276 +/- 0.121,5.000 +/- 2.898,0.200 +/- 0.400,0.400 +/- 0.490
cartpole,ppo,50.0,5.0,0.48571428571428577,0.18070158058105026,0.5257200577200577,0.1389154100275998,0.6448179271708684,0.04936334066534606,0.55,0.08366600265340755,0.2671428571428572,0.063623574118981,0.4155555555555555,0.05515410509329269,2.0,1.0954451150103321,0.4,0.48989794855663565,0.8,0.4,0.486 +/- 0.181,0.526 +/- 0.139,0.645 +/- 0.049,0.550 +/- 0.084,0.267 +/- 0.064,0.416 +/- 0.055,2.000 +/- 1.095,0.400 +/- 0.490,0.800 +/- 0.400
cartpole,ppo,75.0,5.0,0.375,0.1479019945774904,0.5188095238095238,0.09899552201329513,0.7030303030303031,0.029690784761008247,0.5833333333333334,0.052704627669473016,0.49523809523809514,0.13396957044414473,0.5666666666666667,0.08164965809277258,1.0,1.0954451150103321,0.8,0.4,1.0,0.0,0.375 +/- 0.148,0.519 +/- 0.099,0.703 +/- 0.030,0.583 +/- 0.053,0.495 +/- 0.134,0.567 +/- 0.082,1.000 +/- 1.095,0.800 +/- 0.400,1.000 +/- 0.000
cartpole,ppo,100.0,5.0,0.33333333333333337,0.29814239699997197,0.5711111111111111,0.18886928002793782,0.71,0.055377492419453854,0.525,0.1457737973711325,0.4866666666666667,0.1411854572303158,0.6095238095238095,0.04665694748158429,1.0,0.6324555320336759,0.8,0.4,1.0,0.0,0.333 +/- 0.298,0.571 +/- 0.189,0.710 +/- 0.055,0.525 +/- 0.146,0.487 +/- 0.141,0.610 +/- 0.047,1.000 +/- 0.632,0.800 +/- 0.400,1.000 +/- 0.000
cartpole,random,25.0,5.0,0.5555555555555556,0.03279399054989429,0.4749408399009063,0.05579964498966607,0.6018624048879888,0.014675727769544162,0.6363636363636364,0.14658650451451907,0.27439096850861555,0.1769880377749234,0.39210526315789473,0.1694958396037114,2.8,1.7204650534085253,0.2,0.4000000000000001,0.6,0.48989794855663565,0.556 +/- 0.033,0.475 +/- 0.056,0.602 +/- 0.015,0.636 +/- 0.147,0.274 +/- 0.177,0.392 +/- 0.169,2.800 +/- 1.720,0.200 +/- 0.400,0.600 +/- 0.490
cartpole,random,50.0,5.0,0.6,0.11849395059044411,0.5532135642135642,0.09309973922717246,0.7150366300366301,0.06419126254834968,0.62,0.20880613017821104,0.43277777777777776,0.25108652780355306,0.547012987012987,0.1778772233619469,1.4,1.4966629547095764,0.6,0.48989794855663565,0.8,0.4000000000000001,0.600 +/- 0.118,0.553 +/- 0.093,0.715 +/- 0.064,0.620 +/- 0.209,0.433 +/- 0.251,0.547 +/- 0.178,1.400 +/- 1.497,0.600 +/- 0.490,0.800 +/- 0.400
cartpole,random,75.0,5.0,0.6125,0.1695582495781317,0.6952380952380952,0.12956899159431026,0.7665656565656567,0.07467126882489412,0.7,0.18708286933869708,0.5952380952380951,0.23096465357671953,0.6933333333333332,0.19020456823582807,1.0,1.0954451150103321,0.8,0.4000000000000001,1.0,0.0,0.613 +/- 0.170,0.695 +/- 0.130,0.767 +/- 0.075,0.700 +/- 0.187,0.595 +/- 0.231,0.693 +/- 0.190,1.000 +/- 1.095,0.800 +/- 0.400,1.000 +/- 0.000
cartpole,random,100.0,5.0,0.6888888888888889,0.2154524381073924,0.7744444444444444,0.1658349618382723,0.8047619047619048,0.11483005287416664,0.65,0.21505813167606566,0.6199999999999999,0.22145980322497452,0.7219047619047619,0.1623411485917144,1.0,0.8944271909999159,0.6,0.48989794855663565,1.0,0.0,0.689 +/- 0.215,0.774 +/- 0.166,0.805 +/- 0.115,0.650 +/- 0.215,0.620 +/- 0.221,0.722 +/- 0.162,1.000 +/- 0.894,0.600 +/- 0.490,1.000 +/- 0.000
inventory,dqn,25.0,5.0,0.8962962962962961,0.07712245976189849,0.8271083854417188,0.09058845733638625,0.8561904761904762,0.10818645197076514,0.7590909090909091,0.10523488093445661,0.2781818181818182,0.15658957132442303,0.42534798534798535,0.19121389969738264,4.4,1.7435595774162693,0.2,0.4,0.2,0.4,0.896 +/- 0.077,0.827 +/- 0.091,0.856 +/- 0.108,0.759 +/- 0.105,0.278 +/- 0.157,0.425 +/- 0.191,4.400 +/- 1.744,0.200 +/- 0.400,0.200 +/- 0.400
inventory,dqn,50.0,5.0,0.9314285714285715,0.08590455073355946,0.9335151515151516,0.07086857169173921,0.9136363636363637,0.09136250564655359,0.75,0.1341640786499874,0.4685714285714286,0.2699254537217515,0.6031746031746031,0.20246652408150279,2.4,1.2,0.2,0.4,1.0,0.0,0.931 +/- 0.086,0.934 +/- 0.071,0.914 +/- 0.091,0.750 +/- 0.134,0.469 +/- 0.270,0.603 +/- 0.202,2.400 +/- 1.200,0.200 +/- 0.400,1.000 +/- 0.000
inventory,dqn,75.0,5.0,0.75,0.03952847075210474,0.862142857142857,0.03532646576822355,0.8311688311688311,0.05194805194805192,0.6000000000000001,0.03333333333333335,0.42333333333333334,0.013333333333333352,0.5142857142857143,0.028571428571428602,1.8,0.4,0.2,0.4,1.0,0.0,0.750 +/- 0.040,0.862 +/- 0.035,0.831 +/- 0.052,0.600 +/- 0.033,0.423 +/- 0.013,0.514 +/- 0.029,1.800 +/- 0.400,0.200 +/- 0.400,1.000 +/- 0.000
inventory,dqn,100.0,5.0,0.9111111111111111,0.12957670877434002,0.95,0.06666666666666671,0.9314285714285715,0.08590455073355949,0.8,0.09999999999999999,0.7333333333333333,0.1527525231651947,0.7866666666666666,0.12220201853215575,0.8,0.9797958971132713,0.6,0.48989794855663565,1.0,0.0,0.911 +/- 0.130,0.950 +/- 0.067,0.931 +/- 0.086,0.800 +/- 0.100,0.733 +/- 0.153,0.787 +/- 0.122,0.800 +/- 0.980,0.600 +/- 0.490,1.000 +/- 0.000
inventory,heuristic,25.0,5.0,0.9481481481481481,1.1102230246251565e-16,0.8782627865961199,0.0,0.9473684210526316,0.0,0.8636363636363636,0.0,0.325,0.0,0.5714285714285715,0.0,1.0,0.0,1.0,0.0,1.0,0.0,0.948 +/- 0.000,0.878 +/- 0.000,0.947 +/- 0.000,0.864 +/- 0.000,0.325 +/- 0.000,0.571 +/- 0.000,1.000 +/- 0.000,1.000 +/- 0.000,1.000 +/- 0.000
inventory,heuristic,50.0,5.0,0.9142857142857144,0.025555062599997604,0.8699999999999999,0.052281290471193655,0.909090909090909,1.1102230246251565e-16,0.9,0.0,0.5833333333333333,0.0,0.8,0.0,1.0,0.0,1.0,0.0,1.0,0.0,0.914 +/- 0.026,0.870 +/- 0.052,0.909 +/- 0.000,0.900 +/- 0.000,0.583 +/- 0.000,0.800 +/- 0.000,1.000 +/- 0.000,1.000 +/- 0.000,1.000 +/- 0.000
inventory,heuristic,75.0,5.0,0.7,0.025,0.825,0.025,0.7714285714285715,0.04285714285714284,0.7500000000000002,0.07453559924999298,0.5133333333333334,0.05999999999999996,0.681904761904762,0.10250380226341874,1.0,0.0,1.0,0.0,1.0,0.0,0.700 +/- 0.025,0.825 +/- 0.025,0.771 +/- 0.043,0.750 +/- 0.075,0.513 +/- 0.060,0.682 +/- 0.103,1.000 +/- 0.000,1.000 +/- 0.000,1.000 +/- 0.000
inventory,heuristic,100.0,5.0,0.9111111111111111,0.04444444444444442,0.9333333333333332,0.033333333333333395,0.8857142857142858,0.05714285714285716,1.0,0.0,1.0,0.0,1.0,0.0,0.0,0.0,1.0,0.0,1.0,0.0,0.911 +/- 0.044,0.933 +/- 0.033,0.886 +/- 0.057,1.000 +/- 0.000,1.000 +/- 0.000,1.000 +/- 0.000,0.000 +/- 0.000,1.000 +/- 0.000,1.000 +/- 0.000
inventory,pg,25.0,5.0,0.9111111111111111,0.020420812966059583,0.8836571880646902,0.05692188031550977,0.8922119023047816,0.031594124567127985,0.8636363636363636,0.04767312946227961,0.4191269841269841,0.13452004021502056,0.5698412698412698,0.08871865785702931,1.8,2.1354156504062622,0.8,0.4000000000000001,0.8,0.4000000000000001,0.911 +/- 0.020,0.884 +/- 0.057,0.892 +/- 0.032,0.864 +/- 0.048,0.419 +/- 0.135,0.570 +/- 0.089,1.800 +/- 2.135,0.800 +/- 0.400,0.800 +/- 0.400
inventory,pg,50.0,5.0,0.8799999999999999,0.0979795897113271,0.93,0.05715476066494084,0.9333333333333333,0.05443310539518171,0.8300000000000001,0.07483314773547886,0.4883333333333333,0.09626352718795764,0.681904761904762,0.10250380226341874,1.4,0.8000000000000002,0.8,0.4000000000000001,1.0,0.0,0.880 +/- 0.098,0.930 +/- 0.057,0.933 +/- 0.054,0.830 +/- 0.075,0.488 +/- 0.096,0.682 +/- 0.103,1.400 +/- 0.800,0.800 +/- 0.400,1.000 +/- 0.000
inventory,pg,75.0,5.0,0.75,0.16298006013006622,0.8585714285714285,0.09137833441248532,0.8216450216450216,0.11597854233517127,0.6833333333333333,0.062360956446232366,0.4966666666666667,0.10614455552060437,0.6142857142857142,0.06801360408136045,1.0,0.6324555320336759,0.8,0.4000000000000001,1.0,0.0,0.750 +/- 0.163,0.859 +/- 0.091,0.822 +/- 0.116,0.683 +/- 0.062,0.497 +/- 0.106,0.614 +/- 0.068,1.000 +/- 0.632,0.800 +/- 0.400,1.000 +/- 0.000
inventory,pg,100.0,5.0,0.8222222222222222,0.15071844406945042,0.9066666666666666,0.07717224601860152,0.8799999999999999,0.0979795897113271,0.9,0.09354143466934853,0.8499999999999999,0.1527525231651947,0.8799999999999999,0.0979795897113271,0.2,0.4000000000000001,1.0,0.0,1.0,0.0,0.822 +/- 0.151,0.907 +/- 0.077,0.880 +/- 0.098,0.900 +/- 0.094,0.850 +/- 0.153,0.880 +/- 0.098,0.200 +/- 0.400,1.000 +/- 0.000,1.000 +/- 0.000
inventory,ppo,25.0,5.0,0.9318518518518519,0.0452761682664774,0.9014807009105255,0.11201420009959527,0.9256769374416433,0.049101261414139466,0.8863636363636364,0.035208939510976534,0.3985714285714286,0.0959302231298904,0.602857142857143,0.10237984495525096,1.0,0.0,1.0,0.0,1.0,0.0,0.932 +/- 0.045,0.901 +/- 0.112,0.926 +/- 0.049,0.886 +/- 0.035,0.399 +/- 0.096,0.603 +/- 0.102,1.000 +/- 0.000,1.000 +/- 0.000,1.000 +/- 0.000
inventory,ppo,50.0,5.0,0.8800000000000001,0.06857142857142855,0.8795627705627705,0.09362802387743674,0.8777777777777779,0.022222222222222275,0.8600000000000001,0.07348469228349536,0.5899999999999999,0.18153665072253466,0.700952380952381,0.08803215244412452,0.6,0.48989794855663565,1.0,0.0,1.0,0.0,0.880 +/- 0.069,0.880 +/- 0.094,0.878 +/- 0.022,0.860 +/- 0.073,0.590 +/- 0.182,0.701 +/- 0.088,0.600 +/- 0.490,1.000 +/- 0.000,1.000 +/- 0.000
inventory,ppo,75.0,5.0,0.775,0.21139418156609704,0.8585714285714285,0.1367740576905681,0.8502164502164502,0.13691156323471568,0.6833333333333333,0.0816496580927726,0.48999999999999994,0.13063945294843618,0.6142857142857142,0.06801360408136045,0.8,0.4,1.0,0.0,1.0,0.0,0.775 +/- 0.211,0.859 +/- 0.137,0.850 +/- 0.137,0.683 +/- 0.082,0.490 +/- 0.131,0.614 +/- 0.068,0.800 +/- 0.400,1.000 +/- 0.000,1.000 +/- 0.000
inventory,ppo,100.0,5.0,0.8,0.1088662107903635,0.8677777777777778,0.06473116294946443,0.8242857142857142,0.04323641700120446,0.95,0.06123724356957946,0.9333333333333332,0.08164965809277264,0.9199999999999999,0.09797958971132709,0.0,0.0,1.0,0.0,1.0,0.0,0.800 +/- 0.109,0.868 +/- 0.065,0.824 +/- 0.043,0.950 +/- 0.061,0.933 +/- 0.082,0.920 +/- 0.098,0.000 +/- 0.000,1.000 +/- 0.000,1.000 +/- 0.000
inventory,random,25.0,5.0,0.8800000000000001,0.05010825044529708,0.8112312995646329,0.057719043167096085,0.8164935064935064,0.04000252985759265,0.8681818181818182,0.01700753357624521,0.33499999999999996,0.028577380332470436,0.5571428571428572,0.028571428571428602,1.0,0.0,1.0,0.0,1.0,0.0,0.880 +/- 0.050,0.811 +/- 0.058,0.816 +/- 0.040,0.868 +/- 0.017,0.335 +/- 0.029,0.557 +/- 0.029,1.000 +/- 0.000,1.000 +/- 0.000,1.000 +/- 0.000
inventory,random,50.0,5.0,0.8914285714285715,0.06101187572589321,0.8344761904761905,0.10035836015756107,0.8969696969696969,0.06165754530113882,0.9,0.0,0.5833333333333333,0.0,0.8,0.0,1.0,0.0,1.0,0.0,1.0,0.0,0.891 +/- 0.061,0.834 +/- 0.100,0.897 +/- 0.062,0.900 +/- 0.000,0.583 +/- 0.000,0.800 +/- 0.000,1.000 +/- 0.000,1.000 +/- 0.000,1.000 +/- 0.000
inventory,random,75.0,5.0,0.8375,0.1286953767623375,0.8852380952380952,0.09246207165036674,0.8592063492063492,0.08501715327935813,0.6666666666666667,0.09128709291752769,0.46333333333333326,0.06182412330330468,0.5885714285714286,0.11043513194335823,1.0,0.0,1.0,0.0,1.0,0.0,0.838 +/- 0.129,0.885 +/- 0.092,0.859 +/- 0.085,0.667 +/- 0.091,0.463 +/- 0.062,0.589 +/- 0.110,1.000 +/- 0.000,1.000 +/- 0.000,1.000 +/- 0.000
inventory,random,100.0,5.0,0.8666666666666666,0.10886621079036345,0.9077777777777778,0.07853598687587683,0.8914285714285715,0.09107072828862414,1.0,0.0,1.0,0.0,1.0,0.0,0.0,0.0,1.0,0.0,1.0,0.0,0.867 +/- 0.109,0.908 +/- 0.079,0.891 +/- 0.091,1.000 +/- 0.000,1.000 +/- 0.000,1.000 +/- 0.000,0.000 +/- 0.000,1.000 +/- 0.000,1.000 +/- 0.000
lunarlander,dqn,25.0,5.0,0.8444444444444444,0.06072267120568656,0.773681879874279,0.13718281785236122,0.7953118089340999,0.06382381669887949,0.8318181818181818,0.06982859770789641,0.30857142857142855,0.08276130198695501,0.5031746031746033,0.1128659608548011,4.6,4.454211490264017,0.6,0.48989794855663565,0.6,0.48989794855663565,0.844 +/- 0.061,0.774 +/- 0.137,0.795 +/- 0.064,0.832 +/- 0.070,0.309 +/- 0.083,0.503 +/- 0.113,4.600 +/- 4.454,0.600 +/- 0.490,0.600 +/- 0.490
lunarlander,dqn,50.0,5.0,0.7657142857142857,0.055402055513329454,0.7344834054834055,0.09659865404416419,0.7500366300366301,0.05213400123707233,0.8700000000000001,0.060000000000000026,0.6066666666666667,0.16316317667360555,0.700952380952381,0.08803215244412452,2.2,2.3151673805580453,0.6,0.48989794855663565,0.6,0.48989794855663565,0.766 +/- 0.055,0.734 +/- 0.097,0.750 +/- 0.052,0.870 +/- 0.060,0.607 +/- 0.163,0.701 +/- 0.088,2.200 +/- 2.315,0.600 +/- 0.490,0.600 +/- 0.490
lunarlander,dqn,75.0,5.0,0.5875,0.075,0.6688095238095236,0.07891842569281396,0.7175757575757575,0.04932603624091107,0.6333333333333334,0.17159383568311665,0.5166666666666666,0.18165902124584948,0.5809523809523809,0.07468755781599104,1.2,1.1661903789690602,0.6,0.48989794855663565,1.0,0.0,0.588 +/- 0.075,0.669 +/- 0.079,0.718 +/- 0.049,0.633 +/- 0.172,0.517 +/- 0.182,0.581 +/- 0.075,1.200 +/- 1.166,0.600 +/- 0.490,1.000 +/- 0.000
lunarlander,dqn,100.0,5.0,0.6222222222222221,0.13333333333333336,0.7077777777777778,0.12026719224653157,0.738095238095238,0.07022800573215535,0.875,0.15811388300841897,0.8166666666666667,0.22607766610417562,0.8933333333333333,0.13727506854649335,0.8,0.9797958971132713,0.6,0.48989794855663565,1.0,0.0,0.622 +/- 0.133,0.708 +/- 0.120,0.738 +/- 0.070,0.875 +/- 0.158,0.817 +/- 0.226,0.893 +/- 0.137,0.800 +/- 0.980,0.600 +/- 0.490,1.000 +/- 0.000
lunarlander,heuristic,25.0,5.0,0.6696296296296296,0.06225748559837241,0.5880616125456167,0.08892259952242057,0.648,0.026127890589687223,0.5681818181818181,0.13252163397375682,0.17119174942704352,0.0826043691678672,0.32135338345864656,0.11307990718019097,2.8,2.2271057451320084,0.6,0.48989794855663565,0.6,0.48989794855663565,0.670 +/- 0.062,0.588 +/- 0.089,0.648 +/- 0.026,0.568 +/- 0.133,0.171 +/- 0.083,0.321 +/- 0.113,2.800 +/- 2.227,0.600 +/- 0.490,0.600 +/- 0.490
lunarlander,heuristic,50.0,5.0,0.7085714285714285,0.09963197585235822,0.7178802308802308,0.12383977625464689,0.7195238095238096,0.05103020314140506,0.72,0.18601075237738274,0.59008658008658,0.2544054007023504,0.6466666666666666,0.20396078054371142,0.6,0.7999999999999999,0.8,0.4,1.0,0.0,0.709 +/- 0.100,0.718 +/- 0.124,0.720 +/- 0.051,0.720 +/- 0.186,0.590 +/- 0.254,0.647 +/- 0.204,0.600 +/- 0.800,0.800 +/- 0.400,1.000 +/- 0.000
lunarlander,heuristic,75.0,5.0,0.625,0.2053959590644373,0.7121428571428571,0.15679687742737436,0.7842424242424242,0.11585748504580384,0.6,0.22607766610417565,0.5623809523809523,0.21431957404444907,0.6155555555555556,0.12796604487900415,0.4,0.48989794855663565,1.0,0.0,1.0,0.0,0.625 +/- 0.205,0.712 +/- 0.157,0.784 +/- 0.116,0.600 +/- 0.226,0.562 +/- 0.214,0.616 +/- 0.128,0.400 +/- 0.490,1.000 +/- 0.000,1.000 +/- 0.000
lunarlander,heuristic,100.0,5.0,0.6,0.21773242158072695,0.6566666666666666,0.17541485219436345,0.7880952380952381,0.1269742059616513,0.875,0.19364916731037085,0.85,0.22607766610417562,0.8933333333333333,0.13727506854649335,0.2,0.4000000000000001,1.0,0.0,1.0,0.0,0.600 +/- 0.218,0.657 +/- 0.175,0.788 +/- 0.127,0.875 +/- 0.194,0.850 +/- 0.226,0.893 +/- 0.137,0.200 +/- 0.400,1.000 +/- 0.000,1.000 +/- 0.000
lunarlander,pg,25.0,5.0,0.6251851851851852,0.09446695447069547,0.5969386305021429,0.057944211776475095,0.6142517901888217,0.0736240430965364,0.7090909090909092,0.18373984483097938,0.3577603768780239,0.21813840853150268,0.4554385964912281,0.14942837629770012,1.4,1.019803902718557,0.6,0.48989794855663565,1.0,0.0,0.625 +/- 0.094,0.597 +/- 0.058,0.614 +/- 0.074,0.709 +/- 0.184,0.358 +/- 0.218,0.455 +/- 0.149,1.400 +/- 1.020,0.600 +/- 0.490,1.000 +/- 0.000
lunarlander,pg,50.0,5.0,0.6742857142857142,0.09142857142857146,0.7090707070707071,0.0785812218729326,0.6945238095238095,0.05983537506227854,0.82,0.16,0.6683333333333333,0.29356051808405326,0.7476190476190476,0.21274578955893977,0.4,0.48989794855663565,1.0,0.0,1.0,0.0,0.674 +/- 0.091,0.709 +/- 0.079,0.695 +/- 0.060,0.820 +/- 0.160,0.668 +/- 0.294,0.748 +/- 0.213,0.400 +/- 0.490,1.000 +/- 0.000,1.000 +/- 0.000
lunarlander,pg,75.0,5.0,0.7125,0.19999999999999998,0.7552380952380953,0.17192776194901793,0.7988888888888889,0.0849400660160729,0.5333333333333334,0.2392116682401221,0.5138095238095237,0.22331454891050434,0.5777777777777777,0.10886621079036345,0.4,0.48989794855663565,1.0,0.0,1.0,0.0,0.713 +/- 0.200,0.755 +/- 0.172,0.799 +/- 0.085,0.533 +/- 0.239,0.514 +/- 0.223,0.578 +/- 0.109,0.400 +/- 0.490,1.000 +/- 0.000,1.000 +/- 0.000
lunarlander,pg,100.0,5.0,0.6888888888888889,0.08314794192830981,0.7655555555555555,0.09043106644167027,0.7914285714285713,0.039744079266410194,0.7,0.2318404623873926,0.6983333333333333,0.19035055380358978,0.700952380952381,0.08803215244412452,0.2,0.4000000000000001,1.0,0.0,1.0,0.0,0.689 +/- 0.083,0.766 +/- 0.090,0.791 +/- 0.040,0.700 +/- 0.232,0.698 +/- 0.190,0.701 +/- 0.088,0.200 +/- 0.400,1.000 +/- 0.000,1.000 +/- 0.000
lunarlander,ppo,25.0,5.0,0.7348148148148147,0.10840152965882498,0.6699558843164981,0.15502892158896983,0.7039393939393939,0.061146078984728146,0.5954545454545455,0.08054565975758796,0.16097751921281334,0.039587123069986754,0.2992481203007519,0.06392029005827425,1.8,1.1661903789690602,0.6,0.48989794855663565,0.8,0.4000000000000001,0.735 +/- 0.108,0.670 +/- 0.155,0.704 +/- 0.061,0.595 +/- 0.081,0.161 +/- 0.040,0.299 +/- 0.064,1.800 +/- 1.166,0.600 +/- 0.490,0.800 +/- 0.400
lunarlander,ppo,50.0,5.0,0.7657142857142857,0.164030858221798,0.742079365079365,0.17190511659228527,0.7806060606060606,0.08134769326333345,0.71,0.1496662954709577,0.42000000000000004,0.1883112081399063,0.5266666666666666,0.11999999999999997,1.0,0.6324555320336759,0.8,0.4,1.0,0.0,0.766 +/- 0.164,0.742 +/- 0.172,0.781 +/- 0.081,0.710 +/- 0.150,0.420 +/- 0.188,0.527 +/- 0.120,1.000 +/- 0.632,0.800 +/- 0.400,1.000 +/- 0.000
lunarlander,ppo,75.0,5.0,0.7125,0.21139418156609704,0.7777380952380952,0.1733088025551036,0.787994227994228,0.08186926390190914,0.6166666666666667,0.1715938356831167,0.45,0.16955824957813173,0.5999999999999999,0.08164965809277258,0.8,0.4,1.0,0.0,1.0,0.0,0.713 +/- 0.211,0.778 +/- 0.173,0.788 +/- 0.082,0.617 +/- 0.172,0.450 +/- 0.170,0.600 +/- 0.082,0.800 +/- 0.400,1.000 +/- 0.000,1.000 +/- 0.000
lunarlander,ppo,100.0,5.0,0.8222222222222222,0.18053418676968802,0.8677777777777778,0.15252605525241972,0.8814285714285713,0.10257898897723569,0.675,0.1274754878398196,0.5666666666666667,0.14337208778404376,0.72,0.06531972647421812,0.8,0.4,1.0,0.0,1.0,0.0,0.822 +/- 0.181,0.868 +/- 0.153,0.881 +/- 0.103,0.675 +/- 0.127,0.567 +/- 0.143,0.720 +/- 0.065,0.800 +/- 0.400,1.000 +/- 0.000,1.000 +/- 0.000
lunarlander,random,25.0,5.0,0.591111111111111,0.05914804378571002,0.5119263561420423,0.02703619704904082,0.6234636042882886,0.04977765882853904,0.7772727272727272,0.1343795045372226,0.3108916900093371,0.15581439592688495,0.47161616161616154,0.1844739817255546,5.0,2.756809750418044,0.2,0.4,0.4,0.48989794855663565,0.591 +/- 0.059,0.512 +/- 0.027,0.623 +/- 0.050,0.777 +/- 0.134,0.311 +/- 0.156,0.472 +/- 0.184,5.000 +/- 2.757,0.200 +/- 0.400,0.400 +/- 0.490
lunarlander,random,50.0,5.0,0.582857142857143,0.14635712542703652,0.5595064935064935,0.1023528043496794,0.6814349376114082,0.07516376059978776,0.66,0.19849433241279205,0.4334199134199134,0.28916027795684857,0.5555555555555556,0.23040490392586357,2.0,1.4142135623730951,0.4,0.48989794855663565,0.8,0.4000000000000001,0.583 +/- 0.146,0.560 +/- 0.102,0.681 +/- 0.075,0.660 +/- 0.198,0.433 +/- 0.289,0.556 +/- 0.230,2.000 +/- 1.414,0.400 +/- 0.490,0.800 +/- 0.400
lunarlander,random,75.0,5.0,0.625,0.18540496217739158,0.6819047619047619,0.1464704740664228,0.7765656565656565,0.0751297894087723,0.5666666666666667,0.1433720877840438,0.4385714285714285,0.1360972041578806,0.5809523809523809,0.07468755781599104,1.2,0.9797958971132712,0.8,0.4000000000000001,1.0,0.0,0.625 +/- 0.185,0.682 +/- 0.146,0.777 +/- 0.075,0.567 +/- 0.143,0.439 +/- 0.136,0.581 +/- 0.075,1.200 +/- 0.980,0.800 +/- 0.400,1.000 +/- 0.000
lunarlander,random,100.0,5.0,0.5777777777777778,0.25724082006200505,0.7,0.18226964152656414,0.7595238095238095,0.08531653746270912,0.65,0.09354143466934853,0.5833333333333333,0.13944333775567927,0.6666666666666666,0.0,1.0,0.8944271909999159,0.6,0.48989794855663565,1.0,0.0,0.578 +/- 0.257,0.700 +/- 0.182,0.760 +/- 0.085,0.650 +/- 0.094,0.583 +/- 0.139,0.667 +/- 0.000,1.000 +/- 0.894,0.600 +/- 0.490,1.000 +/- 0.000
queue,dqn,25.0,5.0,0.4014814814814815,0.05410957738592496,0.3644446381729327,0.039582905028886936,0.5483636363636364,0.005818181818181856,0.55,0.10503836371173948,0.14641636141636144,0.050593023393646484,0.28317460317460313,0.06494837766371771,4.6,2.244994432064365,0.2,0.4000000000000001,0.2,0.4000000000000001,0.401 +/- 0.054,0.364 +/- 0.040,0.548 +/- 0.006,0.550 +/- 0.105,0.146 +/- 0.051,0.283 +/- 0.065,4.600 +/- 2.245,0.200 +/- 0.400,0.200 +/- 0.400
queue,dqn,50.0,5.0,0.36,0.10932072268405137,0.4256782106782106,0.07129098705884739,0.6039215686274509,0.03137254901960777,0.54,0.10198039027185568,0.2824603174603174,0.06405917363959085,0.4127272727272727,0.04585280077424907,2.2,0.39999999999999997,0.0,0.0,1.0,0.0,0.360 +/- 0.109,0.426 +/- 0.071,0.604 +/- 0.031,0.540 +/- 0.102,0.282 +/- 0.064,0.413 +/- 0.046,2.200 +/- 0.400,0.000 +/- 0.000,1.000 +/- 0.000
queue,dqn,75.0,5.0,0.4375,0.08838834764831845,0.5316666666666666,0.04220804750727537,0.6787878787878787,0.024242424242424267,0.4333333333333333,0.09718253158075502,0.33428571428571424,0.05627515814314768,0.47777777777777775,0.027216552697590855,1.4,0.4898979485566356,0.6,0.48989794855663565,1.0,0.0,0.438 +/- 0.088,0.532 +/- 0.042,0.679 +/- 0.024,0.433 +/- 0.097,0.334 +/- 0.056,0.478 +/- 0.027,1.400 +/- 0.490,0.600 +/- 0.490,1.000 +/- 0.000
queue,dqn,100.0,5.0,0.22222222222222224,0.12171612389003693,0.4533333333333334,0.0452155332208351,0.6833333333333332,0.033333333333333305,0.475,0.049999999999999996,0.42666666666666664,0.03265986323710904,0.5904761904761905,0.03809523809523805,1.0,0.0,1.0,0.0,1.0,0.0,0.222 +/- 0.122,0.453 +/- 0.045,0.683 +/- 0.033,0.475 +/- 0.050,0.427 +/- 0.033,0.590 +/- 0.038,1.000 +/- 0.000,1.000 +/- 0.000,1.000 +/- 0.000
queue,heuristic,25.0,5.0,0.5007407407407407,0.04257809737244416,0.4957132185827165,0.033670189164549794,0.5698877735168058,0.02620774113224849,0.2863636363636363,0.09812287793146775,0.08720176594318471,0.010831583682645965,0.18124148315452662,0.013728809049586687,4.0,0.0,0.0,0.0,0.0,0.0,0.501 +/- 0.043,0.496 +/- 0.034,0.570 +/- 0.026,0.286 +/- 0.098,0.087 +/- 0.011,0.181 +/- 0.014,4.000 +/- 0.000,0.000 +/- 0.000,0.000 +/- 0.000
queue,heuristic,50.0,5.0,0.48571428571428565,0.06998542122237648,0.6142943722943723,0.03711051579389707,0.6039215686274509,0.03137254901960777,0.20999999999999996,0.020000000000000018,0.15694444444444444,0.002777777777777779,0.33333333333333337,0.0,2.6,1.2000000000000002,0.0,0.0,0.8,0.4000000000000001,0.486 +/- 0.070,0.614 +/- 0.037,0.604 +/- 0.031,0.210 +/- 0.020,0.157 +/- 0.003,0.333 +/- 0.000,2.600 +/- 1.200,0.000 +/- 0.000,0.800 +/- 0.400
queue,heuristic,75.0,5.0,0.6,0.0637377439199098,0.7466666666666666,0.048691203859971825,0.7,0.04082482904638632,0.3500000000000001,0.033333333333333326,0.2716666666666666,0.009999999999999986,0.5,0.0,2.0,0.6324555320336759,0.2,0.4,1.0,0.0,0.600 +/- 0.064,0.747 +/- 0.049,0.700 +/- 0.041,0.350 +/- 0.033,0.272 +/- 0.010,0.500 +/- 0.000,2.000 +/- 0.632,0.200 +/- 0.400,1.000 +/- 0.000
queue,heuristic,100.0,5.0,0.3555555555555555,0.04444444444444443,0.6399999999999999,0.013333333333333374,0.6666666666666666,0.0,0.25,0.0,0.325,0.0,0.5714285714285715,0.0,1.2,0.4000000000000001,0.8,0.4000000000000001,1.0,0.0,0.356 +/- 0.044,0.640 +/- 0.013,0.667 +/- 0.000,0.250 +/- 0.000,0.325 +/- 0.000,0.571 +/- 0.000,1.200 +/- 0.400,0.800 +/- 0.400,1.000 +/- 0.000
queue,pg,25.0,5.0,0.5096296296296297,0.15938152068480987,0.43647841025594875,0.10754506974979769,0.5978754940711463,0.0687139826674303,0.33181818181818185,0.15850541612875174,0.10830347855805522,0.03824713464894525,0.22565079365079366,0.058594059378119984,6.2,2.6381811916545836,0.0,0.0,0.0,0.0,0.510 +/- 0.159,0.436 +/- 0.108,0.598 +/- 0.069,0.332 +/- 0.159,0.108 +/- 0.038,0.226 +/- 0.059,6.200 +/- 2.638,0.000 +/- 0.000,0.000 +/- 0.000
queue,pg,50.0,5.0,0.5142857142857143,0.1636322407231583,0.5274256854256854,0.12055429363732342,0.6445118606883312,0.04844864814878986,0.32999999999999996,0.16000000000000003,0.21666666666666665,0.07934920476158722,0.38000000000000006,0.06531972647421806,2.6,1.2000000000000002,0.0,0.0,0.8,0.4000000000000001,0.514 +/- 0.164,0.527 +/- 0.121,0.645 +/- 0.048,0.330 +/- 0.160,0.217 +/- 0.079,0.380 +/- 0.065,2.600 +/- 1.200,0.000 +/- 0.000,0.800 +/- 0.400
queue,pg,75.0,5.0,0.5125,0.19921721813136534,0.5700000000000001,0.09239859306288167,0.7555555555555555,0.10886621079036353,0.4166666666666667,0.07453559924999298,0.3138095238095238,0.047101954357631384,0.48888888888888893,0.02222222222222221,2.0,0.6324555320336759,0.2,0.4,1.0,0.0,0.512 +/- 0.199,0.570 +/- 0.092,0.756 +/- 0.109,0.417 +/- 0.075,0.314 +/- 0.047,0.489 +/- 0.022,2.000 +/- 0.632,0.200 +/- 0.400,1.000 +/- 0.000
queue,pg,100.0,5.0,0.35555555555555557,0.1911627837120584,0.5411111111111111,0.09023973557443087,0.7047619047619047,0.07619047619047618,0.325,0.1,0.3583333333333333,0.0485912657903775,0.5714285714285715,0.0,1.2,0.4000000000000001,0.8,0.4000000000000001,1.0,0.0,0.356 +/- 0.191,0.541 +/- 0.090,0.705 +/- 0.076,0.325 +/- 0.100,0.358 +/- 0.049,0.571 +/- 0.000,1.200 +/- 0.400,0.800 +/- 0.400,1.000 +/- 0.000
queue,ppo,25.0,5.0,0.4251851851851852,0.07847657859643868,0.36162291989197815,0.041649484678063446,0.5570980743394537,0.01192265923317063,0.48636363636363633,0.1497932459389462,0.13519127501325642,0.05650535801273943,0.2658730158730159,0.07187865253571617,5.0,2.756809750418044,0.2,0.4000000000000001,0.2,0.4000000000000001,0.425 +/- 0.078,0.362 +/- 0.042,0.557 +/- 0.012,0.486 +/- 0.150,0.135 +/- 0.057,0.266 +/- 0.072,5.000 +/- 2.757,0.200 +/- 0.400,0.200 +/- 0.400
queue,ppo,50.0,5.0,0.42857142857142855,0.13401187885209803,0.4416839826839826,0.07183458580131631,0.6352941176470588,0.03842336851424588,0.43,0.11661903789690603,0.23968975468975467,0.0701849423605323,0.3748717948717949,0.06964548152354855,2.2,0.39999999999999997,0.0,0.0,1.0,0.0,0.429 +/- 0.134,0.442 +/- 0.072,0.635 +/- 0.038,0.430 +/- 0.117,0.240 +/- 0.070,0.375 +/- 0.070,2.200 +/- 0.400,0.000 +/- 0.000,1.000 +/- 0.000
queue,ppo,75.0,5.0,0.4,0.06373774391990981,0.5195238095238095,0.032979413629657034,0.6666666666666666,0.0,0.4833333333333335,0.13333333333333336,0.34857142857142853,0.07210159121532835,0.5285714285714287,0.0349927106111883,1.6,0.8,0.6,0.48989794855663565,1.0,0.0,0.400 +/- 0.064,0.520 +/- 0.033,0.667 +/- 0.000,0.483 +/- 0.133,0.349 +/- 0.072,0.529 +/- 0.035,1.600 +/- 0.800,0.600 +/- 0.490,1.000 +/- 0.000
queue,ppo,100.0,5.0,0.33333333333333337,0.15713484026367724,0.4955555555555556,0.06308919807368173,0.7,0.04082482904638627,0.4,0.1224744871391589,0.4,0.06123724356957945,0.5714285714285715,0.0,1.2,0.4,0.8,0.4,1.0,0.0,0.333 +/- 0.157,0.496 +/- 0.063,0.700 +/- 0.041,0.400 +/- 0.122,0.400 +/- 0.061,0.571 +/- 0.000,1.200 +/- 0.400,0.800 +/- 0.400,1.000 +/- 0.000
queue,random,25.0,5.0,0.4533333333333333,0.14002939138864703,0.4030894514667566,0.08660724719073747,0.5825321943134004,0.05817894260461512,0.4590909090909091,0.1557440154455619,0.12745196753710686,0.040624726503082964,0.24884004884004884,0.06020613277161406,4.0,0.0,0.0,0.0,0.0,0.0,0.453 +/- 0.140,0.403 +/- 0.087,0.583 +/- 0.058,0.459 +/- 0.156,0.127 +/- 0.041,0.249 +/- 0.060,4.000 +/- 0.000,0.000 +/- 0.000,0.000 +/- 0.000
queue,random,50.0,5.0,0.4685714285714286,0.17009001218442532,0.46251370851370854,0.10708703883176107,0.6558069381598793,0.0666823620133845,0.42000000000000004,0.10295630140987001,0.22453823953823954,0.042789606247450734,0.3548717948717949,0.03801795485712952,2.6,1.2,0.0,0.0,0.8,0.4,0.469 +/- 0.170,0.463 +/- 0.107,0.656 +/- 0.067,0.420 +/- 0.103,0.225 +/- 0.043,0.355 +/- 0.038,2.600 +/- 1.200,0.000 +/- 0.000,0.800 +/- 0.400
queue,random,75.0,5.0,0.5125,0.1695582495781317,0.5973809523809523,0.11488841574572414,0.7342424242424243,0.04297905612482766,0.4666666666666666,0.08498365855987977,0.3169047619047619,0.03421785612811732,0.5174603174603175,0.04851018028551154,1.4,0.8,0.8,0.4,1.0,0.0,0.512 +/- 0.170,0.597 +/- 0.115,0.734 +/- 0.043,0.467 +/- 0.085,0.317 +/- 0.034,0.517 +/- 0.049,1.400 +/- 0.800,0.800 +/- 0.400,1.000 +/- 0.000
queue,random,100.0,5.0,0.4444444444444445,0.12171612389003693,0.6177777777777778,0.101494997748171,0.6833333333333333,0.033333333333333305,0.45,0.06123724356957945,0.4033333333333333,0.03231786571610884,0.6095238095238095,0.04665694748158429,1.2,0.4,0.8,0.4,1.0,0.0,0.444 +/- 0.122,0.618 +/- 0.101,0.683 +/- 0.033,0.450 +/- 0.061,0.403 +/- 0.032,0.610 +/- 0.047,1.200 +/- 0.400,0.800 +/- 0.400,1.000 +/- 0.000
traffic,dqn,25.0,5.0,0.7081481481481482,0.11708390997617324,0.6009295967190705,0.123258357727288,0.7149239766081872,0.07860419587688991,0.8863636363636364,0.03214121732666125,0.6491269841269841,0.031503438165954814,0.6666666666666666,0.0,0.0,0.0,1.0,0.0,1.0,0.0,0.708 +/- 0.117,0.601 +/- 0.123,0.715 +/- 0.079,0.886 +/- 0.032,0.649 +/- 0.032,0.667 +/- 0.000,0.000 +/- 0.000,1.000 +/- 0.000,1.000 +/- 0.000
traffic,dqn,50.0,5.0,0.7771428571428572,0.14613384974336482,0.672031746031746,0.1584659197424754,0.8398268398268398,0.07133011711378388,0.9099999999999999,0.020000000000000018,0.6333333333333332,0.1,0.8,0.0,0.8,0.4,1.0,0.0,1.0,0.0,0.777 +/- 0.146,0.672 +/- 0.158,0.840 +/- 0.071,0.910 +/- 0.020,0.633 +/- 0.100,0.800 +/- 0.000,0.800 +/- 0.400,1.000 +/- 0.000,1.000 +/- 0.000
traffic,dqn,75.0,5.0,0.625,0.07905694150420949,0.7141666666666666,0.1204332456868396,0.7433333333333334,0.04294699575575045,0.6333333333333334,0.08498365855987979,0.4852380952380952,0.09758303633107465,0.5809523809523809,0.07468755781599104,0.8,0.4,1.0,0.0,1.0,0.0,0.625 +/- 0.079,0.714 +/- 0.120,0.743 +/- 0.043,0.633 +/- 0.085,0.485 +/- 0.098,0.581 +/- 0.075,0.800 +/- 0.400,1.000 +/- 0.000,1.000 +/- 0.000
traffic,dqn,100.0,5.0,0.7333333333333334,0.2494438257849294,0.7744444444444445,0.20420275569173588,0.8714285714285713,0.11203133672398664,1.0,0.0,1.0,0.0,1.0,0.0,0.0,0.0,1.0,0.0,1.0,0.0,0.733 +/- 0.249,0.774 +/- 0.204,0.871 +/- 0.112,1.000 +/- 0.000,1.000 +/- 0.000,1.000 +/- 0.000,0.000 +/- 0.000,1.000 +/- 0.000,1.000 +/- 0.000
traffic,heuristic,25.0,5.0,0.7540740740740741,0.010886621079036343,0.685546488147556,0.0074543089145895775,0.7470244238046095,0.027537490001410432,0.9,0.0111340442853781,0.6119047619047618,0.09805362039035238,0.6333333333333333,0.06666666666666665,0.4,0.8,0.8,0.4,1.0,0.0,0.754 +/- 0.011,0.686 +/- 0.007,0.747 +/- 0.028,0.900 +/- 0.011,0.612 +/- 0.098,0.633 +/- 0.067,0.400 +/- 0.800,0.800 +/- 0.400,1.000 +/- 0.000
traffic,heuristic,50.0,5.0,0.9028571428571428,0.013997084244475308,0.85,0.03265986323710904,0.909090909090909,1.1102230246251565e-16,0.9,0.0,0.5833333333333333,0.0,0.8,0.0,1.0,0.0,1.0,0.0,1.0,0.0,0.903 +/- 0.014,0.850 +/- 0.033,0.909 +/- 0.000,0.900 +/- 0.000,0.583 +/- 0.000,0.800 +/- 0.000,1.000 +/- 0.000,1.000 +/- 0.000,1.000 +/- 0.000
traffic,heuristic,75.0,5.0,0.6875,0.0,0.8125,0.0,0.75,0.0,0.6166666666666668,0.04082482904638632,0.43,0.016329931618554543,0.5285714285714287,0.0349927106111883,1.0,0.0,1.0,0.0,1.0,0.0,0.688 +/- 0.000,0.812 +/- 0.000,0.750 +/- 0.000,0.617 +/- 0.041,0.430 +/- 0.016,0.529 +/- 0.035,1.000 +/- 0.000,1.000 +/- 0.000,1.000 +/- 0.000
traffic,heuristic,100.0,5.0,1.0,0.0,1.0,0.0,1.0,0.0,1.0,0.0,1.0,0.0,1.0,0.0,0.0,0.0,1.0,0.0,1.0,0.0,1.000 +/- 0.000,1.000 +/- 0.000,1.000 +/- 0.000,1.000 +/- 0.000,1.000 +/- 0.000,1.000 +/- 0.000,0.000 +/- 0.000,1.000 +/- 0.000,1.000 +/- 0.000
traffic,pg,25.0,5.0,0.7777777777777778,0.056218269514104524,0.7804150461843287,0.05925109304194072,0.7333333333333333,0.03333333333333335,0.8954545454545453,0.011134044285378073,0.6523809523809523,0.011664236870396099,0.6666666666666666,0.0,0.0,0.0,1.0,0.0,1.0,0.0,0.778 +/- 0.056,0.780 +/- 0.059,0.733 +/- 0.033,0.895 +/- 0.011,0.652 +/- 0.012,0.667 +/- 0.000,0.000 +/- 0.000,1.000 +/- 0.000,1.000 +/- 0.000
traffic,pg,50.0,5.0,0.9314285714285715,0.013997084244475334,0.9119047619047619,0.019886298112210498,0.8939393939393939,0.030303030303030318,0.9400000000000001,0.020000000000000018,0.7833333333333332,0.09999999999999999,0.8,0.0,0.2,0.4000000000000001,1.0,0.0,1.0,0.0,0.931 +/- 0.014,0.912 +/- 0.020,0.894 +/- 0.030,0.940 +/- 0.020,0.783 +/- 0.100,0.800 +/- 0.000,0.200 +/- 0.400,1.000 +/- 0.000,1.000 +/- 0.000
traffic,pg,75.0,5.0,0.675,0.07288689868556626,0.7966666666666666,0.07497221707628324,0.7761904761904762,0.07276527042826725,0.6333333333333334,0.0666666666666667,0.44000000000000006,0.03265986323710905,0.5476190476190477,0.0656383273909058,1.0,0.0,1.0,0.0,1.0,0.0,0.675 +/- 0.073,0.797 +/- 0.075,0.776 +/- 0.073,0.633 +/- 0.067,0.440 +/- 0.033,0.548 +/- 0.066,1.000 +/- 0.000,1.000 +/- 0.000,1.000 +/- 0.000
traffic,pg,100.0,5.0,0.9333333333333332,0.05443310539518171,0.95,0.040824829046386374,0.9142857142857143,0.06998542122237654,1.0,0.0,1.0,0.0,1.0,0.0,0.0,0.0,1.0,0.0,1.0,0.0,0.933 +/- 0.054,0.950 +/- 0.041,0.914 +/- 0.070,1.000 +/- 0.000,1.000 +/- 0.000,1.000 +/- 0.000,0.000 +/- 0.000,1.000 +/- 0.000,1.000 +/- 0.000
traffic,ppo,25.0,5.0,0.7925925925925925,0.034426518632954796,0.7931609015024235,0.0303713443496395,0.7555555555555555,0.011111111111111117,0.8909090909090909,0.017007533576245175,0.6488095238095237,0.01597191412499849,0.6666666666666666,0.0,0.0,0.0,1.0,0.0,1.0,0.0,0.793 +/- 0.034,0.793 +/- 0.030,0.756 +/- 0.011,0.891 +/- 0.017,0.649 +/- 0.016,0.667 +/- 0.000,0.000 +/- 0.000,1.000 +/- 0.000,1.000 +/- 0.000
traffic,ppo,50.0,5.0,0.9371428571428572,0.021380899352994004,0.925142857142857,0.023333138969064124,0.8787878787878787,0.03711348095126029,0.93,0.024494897427831803,0.7333333333333332,0.12247448713915891,0.8,0.0,0.4,0.48989794855663565,1.0,0.0,1.0,0.0,0.937 +/- 0.021,0.925 +/- 0.023,0.879 +/- 0.037,0.930 +/- 0.024,0.733 +/- 0.122,0.800 +/- 0.000,0.400 +/- 0.490,1.000 +/- 0.000,1.000 +/- 0.000
traffic,ppo,75.0,5.0,0.775,0.1159202311936963,0.875,0.06846531968814576,0.8428571428571429,0.09202927661946518,0.65,0.09718253158075503,0.5019047619047619,0.09351294670693495,0.6076190476190477,0.11399168525989088,0.8,0.4,1.0,0.0,1.0,0.0,0.775 +/- 0.116,0.875 +/- 0.068,0.843 +/- 0.092,0.650 +/- 0.097,0.502 +/- 0.094,0.608 +/- 0.114,0.800 +/- 0.400,1.000 +/- 0.000,1.000 +/- 0.000
traffic,ppo,100.0,5.0,0.9777777777777779,0.04444444444444442,0.9833333333333332,0.033333333333333395,0.9714285714285715,0.05714285714285716,1.0,0.0,1.0,0.0,1.0,0.0,0.0,0.0,1.0,0.0,1.0,0.0,0.978 +/- 0.044,0.983 +/- 0.033,0.971 +/- 0.057,1.000 +/- 0.000,1.000 +/- 0.000,1.000 +/- 0.000,0.000 +/- 0.000,1.000 +/- 0.000,1.000 +/- 0.000
traffic,random,25.0,5.0,0.7096296296296296,0.06204560471517609,0.6418968867838164,0.06733625579052019,0.6771553065670712,0.06226933932762152,0.8909090909090909,0.026504326794751388,0.4152380952380953,0.05441088326508838,0.5317460317460319,0.05167879554317369,1.0,0.0,1.0,0.0,1.0,0.0,0.710 +/- 0.062,0.642 +/- 0.067,0.677 +/- 0.062,0.891 +/- 0.027,0.415 +/- 0.054,0.532 +/- 0.052,1.000 +/- 0.000,1.000 +/- 0.000,1.000 +/- 0.000
traffic,random,50.0,5.0,0.7999999999999999,0.10991648035240767,0.7367619047619047,0.15274321522057327,0.8188034188034189,0.04527494919025308,0.9,0.0,0.5833333333333333,0.0,0.8,0.0,1.0,0.0,1.0,0.0,1.0,0.0,0.800 +/- 0.110,0.737 +/- 0.153,0.819 +/- 0.045,0.900 +/- 0.000,0.583 +/- 0.000,0.800 +/- 0.000,1.000 +/- 0.000,1.000 +/- 0.000,1.000 +/- 0.000
traffic,random,75.0,5.0,0.6375,0.10752906583803283,0.7221428571428572,0.10865037334550631,0.7387878787878789,0.04320281254661043,0.6833333333333333,0.11055415967851334,0.47523809523809524,0.06380952380952379,0.621904761904762,0.10361274490635541,1.0,0.0,1.0,0.0,1.0,0.0,0.637 +/- 0.108,0.722 +/- 0.109,0.739 +/- 0.043,0.683 +/- 0.111,0.475 +/- 0.064,0.622 +/- 0.104,1.000 +/- 0.000,1.000 +/- 0.000,1.000 +/- 0.000
traffic,random,100.0,5.0,0.7777777777777779,0.15713484026367722,0.8122222222222222,0.13330555266143407,0.8642857142857142,0.07953949089757177,1.0,0.0,1.0,0.0,1.0,0.0,0.0,0.0,1.0,0.0,1.0,0.0,0.778 +/- 0.157,0.812 +/- 0.133,0.864 +/- 0.080,1.000 +/- 0.000,1.000 +/- 0.000,1.000 +/- 0.000,0.000 +/- 0.000,1.000 +/- 0.000,1.000 +/- 0.000
