env,policy_1,policy_2,seed,cluster_count,num_clusters,num_comparable_clusters,top1_js_div,top3_js_div_mean,top1_reward_gap
cartpole,dqn,heuristic,11,4.0,1.0,1.0,0.546252936802747,0.546252936802747,0.09999999999999987
cartpole,dqn,heuristic,11,8.0,1.0,1.0,0.546252936802747,0.546252936802747,0.09999999999999987
cartpole,dqn,heuristic,11,12.0,1.0,1.0,0.546252936802747,0.546252936802747,0.09999999999999987
cartpole,dqn,heuristic,11,16.0,1.0,1.0,0.546252936802747,0.546252936802747,0.09999999999999987
cartpole,dqn,pg,11,4.0,1.0,1.0,0.6039048277946621,0.6039048277946621,0.09833333333333316
cartpole,dqn,pg,11,8.0,1.0,1.0,0.6039048277946621,0.6039048277946621,0.09833333333333316
cartpole,dqn,pg,11,12.0,1.0,1.0,0.6039048277946621,0.6039048277946621,0.09833333333333316
cartpole,dqn,pg,11,16.0,1.0,1.0,0.6039048277946621,0.6039048277946621,0.09833333333333316
cartpole,dqn,ppo,11,4.0,4.0,3.0,0.04986503690068764,0.025365897213823638,0.0
cartpole,dqn,ppo,11,8.0,8.0,3.0,0.04986503690068764,0.017947432790786852,0.0
cartpole,dqn,ppo,11,12.0,12.0,2.0,0.021258406916865816,0.010629203458432908,0.0
cartpole,dqn,ppo,11,16.0,12.0,2.0,0.021258406916865816,0.010629203458432908,0.0
cartpole,dqn,random,11,4.0,1.0,1.0,0.19948295262473997,0.19948295262473997,0.011666666666666714
cartpole,dqn,random,11,8.0,1.0,1.0,0.19948295262473997,0.19948295262473997,0.011666666666666714
cartpole,dqn,random,11,12.0,1.0,1.0,0.19948295262473997,0.19948295262473997,0.011666666666666714
cartpole,dqn,random,11,16.0,1.0,1.0,0.19948295262473997,0.19948295262473997,0.011666666666666714
cartpole,heuristic,pg,11,4.0,1.0,1.0,0.6224013221520737,0.6224013221520737,0.0016666666666667052
cartpole,heuristic,pg,11,8.0,1.0,1.0,0.6224013221520737,0.6224013221520737,0.0016666666666667052
cartpole,heuristic,pg,11,12.0,1.0,1.0,0.6224013221520737,0.6224013221520737,0.0016666666666667052
cartpole,heuristic,pg,11,16.0,1.0,1.0,0.6224013221520737,0.6224013221520737,0.0016666666666667052
cartpole,heuristic,ppo,11,4.0,1.0,1.0,0.6690153185199776,0.6690153185199776,0.09999999999999987
cartpole,heuristic,ppo,11,8.0,1.0,1.0,0.6690153185199776,0.6690153185199776,0.09999999999999987
cartpole,heuristic,ppo,11,12.0,1.0,1.0,0.6690153185199776,0.6690153185199776,0.09999999999999987
cartpole,heuristic,ppo,11,16.0,1.0,1.0,0.6690153185199776,0.6690153185199776,0.09999999999999987
cartpole,heuristic,random,11,4.0,1.0,1.0,0.34323822023418116,0.34323822023418116,0.08833333333333315
cartpole,heuristic,random,11,8.0,1.0,1.0,0.34323822023418116,0.34323822023418116,0.08833333333333315
cartpole,heuristic,random,11,12.0,1.0,1.0,0.34323822023418116,0.34323822023418116,0.08833333333333315
cartpole,heuristic,random,11,16.0,1.0,1.0,0.34323822023418116,0.34323822023418116,0.08833333333333315
cartpole,pg,ppo,11,4.0,1.0,1.0,0.639282485788321,0.639282485788321,0.09833333333333316
cartpole,pg,ppo,11,8.0,1.0,1.0,0.639282485788321,0.639282485788321,0.09833333333333316
cartpole,pg,ppo,11,12.0,1.0,1.0,0.639282485788321,0.639282485788321,0.09833333333333316
cartpole,pg,ppo,11,16.0,1.0,1.0,0.639282485788321,0.639282485788321,0.09833333333333316
cartpole,pg,random,11,4.0,1.0,1.0,0.23605068004757263,0.23605068004757263,0.08666666666666645
cartpole,pg,random,11,8.0,1.0,1.0,0.23605068004757263,0.23605068004757263,0.08666666666666645
cartpole,pg,random,11,12.0,1.0,1.0,0.23605068004757263,0.23605068004757263,0.08666666666666645
cartpole,pg,random,11,16.0,1.0,1.0,0.23605068004757263,0.23605068004757263,0.08666666666666645
cartpole,ppo,random,11,4.0,1.0,1.0,0.2776931708656594,0.2776931708656594,0.011666666666666714
cartpole,ppo,random,11,8.0,1.0,1.0,0.2776931708656594,0.2776931708656594,0.011666666666666714
cartpole,ppo,random,11,12.0,1.0,1.0,0.2776931708656594,0.2776931708656594,0.011666666666666714
cartpole,ppo,random,11,16.0,1.0,1.0,0.2776931708656594,0.2776931708656594,0.011666666666666714
cartpole,dqn,heuristic,13,4.0,1.0,1.0,0.6931471805306211,0.6931471805306211,0.10166666666666646
cartpole,dqn,heuristic,13,8.0,1.0,1.0,0.6931471805306211,0.6931471805306211,0.10166666666666646
cartpole,dqn,heuristic,13,12.0,1.0,1.0,0.6931471805306211,0.6931471805306211,0.10166666666666646
cartpole,dqn,heuristic,13,16.0,1.0,1.0,0.6931471805306211,0.6931471805306211,0.10166666666666646
cartpole,dqn,pg,13,4.0,1.0,1.0,0.11286128906865421,0.11286128906865421,0.0033333333333332993
cartpole,dqn,pg,13,8.0,1.0,1.0,0.11286128906865421,0.11286128906865421,0.0033333333333332993
cartpole,dqn,pg,13,12.0,1.0,1.0,0.11286128906865421,0.11286128906865421,0.0033333333333332993
cartpole,dqn,pg,13,16.0,1.0,1.0,0.11286128906865421,0.11286128906865421,0.0033333333333332993
cartpole,dqn,ppo,13,4.0,1.0,1.0,0.4604570604640931,0.4604570604640931,0.06333333333333369
cartpole,dqn,ppo,13,8.0,1.0,1.0,0.4604570604640931,0.4604570604640931,0.06333333333333369
cartpole,dqn,ppo,13,12.0,1.0,1.0,0.4604570604640931,0.4604570604640931,0.06333333333333369
cartpole,dqn,ppo,13,16.0,1.0,1.0,0.4604570604640931,0.4604570604640931,0.06333333333333369
cartpole,dqn,random,13,4.0,1.0,1.0,0.3383645623150287,0.3383645623150287,0.016666666666666607
cartpole,dqn,random,13,8.0,1.0,1.0,0.3383645623150287,0.3383645623150287,0.016666666666666607
cartpole,dqn,random,13,12.0,1.0,1.0,0.3383645623150287,0.3383645623150287,0.016666666666666607
cartpole,dqn,random,13,16.0,1.0,1.0,0.3383645623150287,0.3383645623150287,0.016666666666666607
cartpole,heuristic,pg,13,4.0,1.0,1.0,0.3582099998294569,0.3582099998294569,0.09833333333333316
cartpole,heuristic,pg,13,8.0,1.0,1.0,0.3582099998294569,0.3582099998294569,0.09833333333333316
cartpole,heuristic,pg,13,12.0,1.0,1.0,0.3582099998294569,0.3582099998294569,0.09833333333333316
cartpole,heuristic,pg,13,16.0,1.0,1.0,0.3582099998294569,0.3582099998294569,0.09833333333333316
cartpole,heuristic,ppo,13,4.0,1.0,1.0,0.12925977584473394,0.12925977584473394,0.038333333333332775
cartpole,heuristic,ppo,13,8.0,1.0,1.0,0.12925977584473394,0.12925977584473394,0.038333333333332775
cartpole,heuristic,ppo,13,12.0,1.0,1.0,0.12925977584473394,0.12925977584473394,0.038333333333332775
cartpole,heuristic,ppo,13,16.0,1.0,1.0,0.12925977584473394,0.12925977584473394,0.038333333333332775
cartpole,heuristic,random,13,4.0,1.0,1.0,0.3023812825480017,0.3023812825480017,0.08499999999999985
cartpole,heuristic,random,13,8.0,1.0,1.0,0.3023812825480017,0.3023812825480017,0.08499999999999985
cartpole,heuristic,random,13,12.0,1.0,1.0,0.3023812825480017,0.3023812825480017,0.08499999999999985
cartpole,heuristic,random,13,16.0,1.0,1.0,0.3023812825480017,0.3023812825480017,0.08499999999999985
cartpole,pg,ppo,13,4.0,1.0,1.0,0.17642147224996196,0.17642147224996196,0.060000000000000386
cartpole,pg,ppo,13,8.0,1.0,1.0,0.17642147224996196,0.17642147224996196,0.060000000000000386
cartpole,pg,ppo,13,12.0,1.0,1.0,0.17642147224996196,0.17642147224996196,0.060000000000000386
cartpole,pg,ppo,13,16.0,1.0,1.0,0.17642147224996196,0.17642147224996196,0.060000000000000386
cartpole,pg,random,13,4.0,1.0,1.0,0.13969441201711816,0.13969441201711816,0.013333333333333308
cartpole,pg,random,13,8.0,1.0,1.0,0.13969441201711816,0.13969441201711816,0.013333333333333308
cartpole,pg,random,13,12.0,1.0,1.0,0.13969441201711816,0.13969441201711816,0.013333333333333308
cartpole,pg,random,13,16.0,1.0,1.0,0.13969441201711816,0.13969441201711816,0.013333333333333308
cartpole,ppo,random,13,4.0,4.0,1.0,0.015558445228241003,0.015558445228241003,0.03500000000000003
cartpole,ppo,random,13,8.0,4.0,1.0,0.015558445228241003,0.015558445228241003,0.03500000000000003
cartpole,ppo,random,13,12.0,4.0,1.0,0.015558445228241003,0.015558445228241003,0.03500000000000003
cartpole,ppo,random,13,16.0,4.0,1.0,0.015558445228241003,0.015558445228241003,0.03500000000000003
cartpole,dqn,heuristic,17,4.0,1.0,1.0,0.6931471805306211,0.6931471805306211,0.10333333333333328
cartpole,dqn,heuristic,17,8.0,1.0,1.0,0.6931471805306211,0.6931471805306211,0.10333333333333328
cartpole,dqn,heuristic,17,12.0,1.0,1.0,0.6931471805306211,0.6931471805306211,0.10333333333333328
cartpole,dqn,heuristic,17,16.0,1.0,1.0,0.6931471805306211,0.6931471805306211,0.10333333333333328
cartpole,dqn,pg,17,4.0,2.0,1.0,0.06485203666072156,0.06485203666072156,0.0016666666666665941
cartpole,dqn,pg,17,8.0,2.0,1.0,0.06485203666072156,0.06485203666072156,0.0016666666666665941
cartpole,dqn,pg,17,12.0,2.0,1.0,0.06485203666072156,0.06485203666072156,0.0016666666666665941
cartpole,dqn,pg,17,16.0,2.0,1.0,0.06485203666072156,0.06485203666072156,0.0016666666666665941
cartpole,dqn,ppo,17,4.0,1.0,1.0,0.5196583991987096,0.5196583991987096,0.07666666666666666
cartpole,dqn,ppo,17,8.0,1.0,1.0,0.5196583991987096,0.5196583991987096,0.07666666666666666
cartpole,dqn,ppo,17,12.0,1.0,1.0,0.5196583991987096,0.5196583991987096,0.07666666666666666
cartpole,dqn,ppo,17,16.0,1.0,1.0,0.5196583991987096,0.5196583991987096,0.07666666666666666
cartpole,dqn,random,17,4.0,1.0,1.0,0.31138117006605837,0.31138117006605837,0.008333333333333304
cartpole,dqn,random,17,8.0,1.0,1.0,0.31138117006605837,0.31138117006605837,0.008333333333333304
cartpole,dqn,random,17,12.0,1.0,1.0,0.31138117006605837,0.31138117006605837,0.008333333333333304
cartpole,dqn,random,17,16.0,1.0,1.0,0.31138117006605837,0.31138117006605837,0.008333333333333304
cartpole,heuristic,pg,17,4.0,1.0,1.0,0.38579639899009727,0.38579639899009727,0.09833333333333338
cartpole,heuristic,pg,17,8.0,1.0,1.0,0.38579639899009727,0.38579639899009727,0.09833333333333338
cartpole,heuristic,pg,17,12.0,1.0,1.0,0.38579639899009727,0.38579639899009727,0.09833333333333338
cartpole,heuristic,pg,17,16.0,1.0,1.0,0.38579639899009727,0.38579639899009727,0.09833333333333338
cartpole,heuristic,ppo,17,4.0,1.0,1.0,0.5483981426960848,0.5483981426960848,0.026666666666666616
cartpole,heuristic,ppo,17,8.0,1.0,1.0,0.5483981426960848,0.5483981426960848,0.026666666666666616
cartpole,heuristic,ppo,17,12.0,1.0,1.0,0.5483981426960848,0.5483981426960848,0.026666666666666616
cartpole,heuristic,ppo,17,16.0,1.0,1.0,0.5483981426960848,0.5483981426960848,0.026666666666666616
cartpole,heuristic,random,17,4.0,1.0,1.0,0.30573423670402555,0.30573423670402555,0.09499999999999997
cartpole,heuristic,random,17,8.0,1.0,1.0,0.30573423670402555,0.30573423670402555,0.09499999999999997
cartpole,heuristic,random,17,12.0,1.0,1.0,0.30573423670402555,0.30573423670402555,0.09499999999999997
cartpole,heuristic,random,17,16.0,1.0,1.0,0.30573423670402555,0.30573423670402555,0.09499999999999997
cartpole,pg,ppo,17,4.0,1.0,1.0,0.42294368545788963,0.42294368545788963,0.07166666666666677
cartpole,pg,ppo,17,8.0,1.0,1.0,0.42294368545788963,0.42294368545788963,0.07166666666666677
cartpole,pg,ppo,17,12.0,1.0,1.0,0.42294368545788963,0.42294368545788963,0.07166666666666677
cartpole,pg,ppo,17,16.0,1.0,1.0,0.42294368545788963,0.42294368545788963,0.07166666666666677
cartpole,pg,random,17,4.0,1.0,1.0,0.13559986086618164,0.13559986086618164,0.0033333333333334103
cartpole,pg,random,17,8.0,1.0,1.0,0.13559986086618164,0.13559986086618164,0.0033333333333334103
cartpole,pg,random,17,12.0,1.0,1.0,0.13559986086618164,0.13559986086618164,0.0033333333333334103
cartpole,pg,random,17,16.0,1.0,1.0,0.13559986086618164,0.13559986086618164,0.0033333333333334103
cartpole,ppo,random,17,4.0,1.0,1.0,0.138624219931259,0.138624219931259,0.06833333333333336
cartpole,ppo,random,17,8.0,1.0,1.0,0.138624219931259,0.138624219931259,0.06833333333333336
cartpole,ppo,random,17,12.0,1.0,1.0,0.138624219931259,0.138624219931259,0.06833333333333336
cartpole,ppo,random,17,16.0,1.0,1.0,0.138624219931259,0.138624219931259,0.06833333333333336
cartpole,dqn,heuristic,19,4.0,1.0,1.0,0.6931471805176941,0.6931471805176941,0.0349999999999997
cartpole,dqn,heuristic,19,8.0,1.0,1.0,0.6931471805176941,0.6931471805176941,0.0349999999999997
cartpole,dqn,heuristic,19,12.0,1.0,1.0,0.6931471805176941,0.6931471805176941,0.0349999999999997
cartpole,dqn,heuristic,19,16.0,1.0,1.0,0.6931471805176941,0.6931471805176941,0.0349999999999997
cartpole,dqn,pg,19,4.0,1.0,1.0,0.19265448903554144,0.19265448903554144,0.06666666666666687
cartpole,dqn,pg,19,8.0,1.0,1.0,0.19265448903554144,0.19265448903554144,0.06666666666666687
cartpole,dqn,pg,19,12.0,1.0,1.0,0.19265448903554144,0.19265448903554144,0.06666666666666687
cartpole,dqn,pg,19,16.0,1.0,1.0,0.19265448903554144,0.19265448903554144,0.06666666666666687
cartpole,dqn,ppo,19,4.0,1.0,1.0,0.39996446720701273,0.39996446720701273,0.0033333333333331883
cartpole,dqn,ppo,19,8.0,1.0,1.0,0.39996446720701273,0.39996446720701273,0.0033333333333331883
cartpole,dqn,ppo,19,12.0,1.0,1.0,0.39996446720701273,0.39996446720701273,0.0033333333333331883
cartpole,dqn,ppo,19,16.0,1.0,1.0,0.39996446720701273,0.39996446720701273,0.0033333333333331883
cartpole,dqn,random,19,4.0,1.0,1.0,0.1419303933142843,0.1419303933142843,0.056666666666666865
cartpole,dqn,random,19,8.0,1.0,1.0,0.1419303933142843,0.1419303933142843,0.056666666666666865
cartpole,dqn,random,19,12.0,1.0,1.0,0.1419303933142843,0.1419303933142843,0.056666666666666865
cartpole,dqn,random,19,16.0,1.0,1.0,0.1419303933142843,0.1419303933142843,0.056666666666666865
cartpole,heuristic,pg,19,4.0,1.0,1.0,0.5236053561183631,0.5236053561183631,0.10166666666666657
cartpole,heuristic,pg,19,8.0,1.0,1.0,0.5236053561183631,0.5236053561183631,0.10166666666666657
cartpole,heuristic,pg,19,12.0,1.0,1.0,0.5236053561183631,0.5236053561183631,0.10166666666666657
cartpole,heuristic,pg,19,16.0,1.0,1.0,0.5236053561183631,0.5236053561183631,0.10166666666666657
cartpole,heuristic,ppo,19,4.0,2.0,1.0,0.05115720437664884,0.05115720437664884,0.023333333333333206
cartpole,heuristic,ppo,19,8.0,2.0,1.0,0.05115720437664884,0.05115720437664884,0.023333333333333206
cartpole,heuristic,ppo,19,12.0,2.0,1.0,0.05115720437664884,0.05115720437664884,0.023333333333333206
cartpole,heuristic,ppo,19,16.0,2.0,1.0,0.05115720437664884,0.05115720437664884,0.023333333333333206
cartpole,heuristic,random,19,4.0,1.0,1.0,0.30461368649013926,0.30461368649013926,0.09166666666666656
cartpole,heuristic,random,19,8.0,1.0,1.0,0.30461368649013926,0.30461368649013926,0.09166666666666656
cartpole,heuristic,random,19,12.0,1.0,1.0,0.30461368649013926,0.30461368649013926,0.09166666666666656
cartpole,heuristic,random,19,16.0,1.0,1.0,0.30461368649013926,0.30461368649013926,0.09166666666666656
cartpole,pg,ppo,19,4.0,1.0,1.0,0.3950152932510892,0.3950152932510892,0.06333333333333369
cartpole,pg,ppo,19,8.0,1.0,1.0,0.3950152932510892,0.3950152932510892,0.06333333333333369
cartpole,pg,ppo,19,12.0,1.0,1.0,0.3950152932510892,0.3950152932510892,0.06333333333333369
cartpole,pg,ppo,19,16.0,1.0,1.0,0.3950152932510892,0.3950152932510892,0.06333333333333369
cartpole,pg,random,19,4.0,1.0,1.0,0.1651654157213413,0.1651654157213413,0.010000000000000009
cartpole,pg,random,19,8.0,5.0,1.0,0.1620964777494065,0.1620964777494065,0.010000000000000009
cartpole,pg,random,19,12.0,5.0,1.0,0.1620964777494065,0.1620964777494065,0.010000000000000009
cartpole,pg,random,19,16.0,5.0,1.0,0.1620964777494065,0.1620964777494065,0.010000000000000009
cartpole,ppo,random,19,4.0,1.0,1.0,0.1026043493553436,0.1026043493553436,0.05333333333333368
cartpole,ppo,random,19,8.0,1.0,1.0,0.1026043493553436,0.1026043493553436,0.05333333333333368
cartpole,ppo,random,19,12.0,1.0,1.0,0.1026043493553436,0.1026043493553436,0.05333333333333368
cartpole,ppo,random,19,16.0,1.0,1.0,0.1026043493553436,0.1026043493553436,0.05333333333333368
cartpole,dqn,heuristic,23,4.0,1.0,1.0,0.26608496638952517,0.26608496638952517,0.09833333333333316
cartpole,dqn,heuristic,23,8.0,1.0,1.0,0.26608496638952517,0.26608496638952517,0.09833333333333316
cartpole,dqn,heuristic,23,12.0,1.0,1.0,0.26608496638952517,0.26608496638952517,0.09833333333333316
cartpole,dqn,heuristic,23,16.0,1.0,1.0,0.26608496638952517,0.26608496638952517,0.09833333333333316
cartpole,dqn,pg,23,4.0,1.0,1.0,0.19325306258484504,0.19325306258484504,0.03166666666666684
cartpole,dqn,pg,23,8.0,1.0,1.0,0.19325306258484504,0.19325306258484504,0.03166666666666684
cartpole,dqn,pg,23,12.0,1.0,1.0,0.19325306258484504,0.19325306258484504,0.03166666666666684
cartpole,dqn,pg,23,16.0,1.0,1.0,0.19325306258484504,0.19325306258484504,0.03166666666666684
cartpole,dqn,ppo,23,4.0,1.0,1.0,0.061386915186471755,0.061386915186471755,0.008333333333333415
cartpole,dqn,ppo,23,8.0,1.0,1.0,0.061386915186471755,0.061386915186471755,0.008333333333333415
cartpole,dqn,ppo,23,12.0,1.0,1.0,0.061386915186471755,0.061386915186471755,0.008333333333333415
cartpole,dqn,ppo,23,16.0,1.0,1.0,0.061386915186471755,0.061386915186471755,0.008333333333333415
cartpole,dqn,random,23,4.0,1.0,1.0,0.10444994153303327,0.10444994153303327,0.0183333333333332
cartpole,dqn,random,23,8.0,1.0,1.0,0.10444994153303327,0.10444994153303327,0.0183333333333332
cartpole,dqn,random,23,12.0,1.0,1.0,0.10444994153303327,0.10444994153303327,0.0183333333333332
cartpole,dqn,random,23,16.0,1.0,1.0,0.10444994153303327,0.10444994153303327,0.0183333333333332
cartpole,heuristic,pg,23,4.0,1.0,1.0,0.2148469686283922,0.2148469686283922,0.06666666666666632
cartpole,heuristic,pg,23,8.0,1.0,1.0,0.2148469686283922,0.2148469686283922,0.06666666666666632
cartpole,heuristic,pg,23,12.0,1.0,1.0,0.2148469686283922,0.2148469686283922,0.06666666666666632
cartpole,heuristic,pg,23,16.0,1.0,1.0,0.2148469686283922,0.2148469686283922,0.06666666666666632
cartpole,heuristic,ppo,23,4.0,1.0,1.0,0.4688066721985621,0.4688066721985621,0.08999999999999975
cartpole,heuristic,ppo,23,8.0,1.0,1.0,0.4688066721985621,0.4688066721985621,0.08999999999999975
cartpole,heuristic,ppo,23,12.0,1.0,1.0,0.4688066721985621,0.4688066721985621,0.08999999999999975
cartpole,heuristic,ppo,23,16.0,1.0,1.0,0.4688066721985621,0.4688066721985621,0.08999999999999975
cartpole,heuristic,random,23,4.0,1.0,1.0,0.3079841204410883,0.3079841204410883,0.07999999999999996
cartpole,heuristic,random,23,8.0,1.0,1.0,0.3079841204410883,0.3079841204410883,0.07999999999999996
cartpole,heuristic,random,23,12.0,1.0,1.0,0.3079841204410883,0.3079841204410883,0.07999999999999996
cartpole,heuristic,random,23,16.0,1.0,1.0,0.3079841204410883,0.3079841204410883,0.07999999999999996
cartpole,pg,ppo,23,4.0,3.0,1.0,0.14513965986101904,0.14513965986101904,0.00666666666666671
cartpole,pg,ppo,23,8.0,3.0,1.0,0.14513965986101904,0.14513965986101904,0.00666666666666671
cartpole,pg,ppo,23,12.0,3.0,1.0,0.14513965986101904,0.14513965986101904,0.00666666666666671
cartpole,pg,ppo,23,16.0,3.0,1.0,0.14513965986101904,0.14513965986101904,0.00666666666666671
cartpole,pg,random,23,4.0,4.0,1.0,0.00514526981949145,0.00514526981949145,0.0036363636363634377
cartpole,pg,random,23,8.0,8.0,1.0,0.01693100510231016,0.01693100510231016,0.0
cartpole,pg,random,23,12.0,12.0,1.0,0.00466305659123918,0.00466305659123918,0.0
cartpole,pg,random,23,16.0,12.0,1.0,0.00466305659123918,0.00466305659123918,0.0
cartpole,ppo,random,23,4.0,2.0,1.0,0.03801317149662977,0.03801317149662977,0.010000000000000231
cartpole,ppo,random,23,8.0,2.0,1.0,0.03801317149662977,0.03801317149662977,0.010000000000000231
cartpole,ppo,random,23,12.0,2.0,1.0,0.03801317149662977,0.03801317149662977,0.010000000000000231
cartpole,ppo,random,23,16.0,2.0,1.0,0.03801317149662977,0.03801317149662977,0.010000000000000231
inventory,dqn,heuristic,11,4.0,4.0,1.0,0.09560258893359444,0.09560258893359444,943.7857258279325
inventory,dqn,heuristic,11,8.0,8.0,1.0,0.09560258893359444,0.09560258893359444,943.7857258279325
inventory,dqn,heuristic,11,12.0,8.0,1.0,0.09560258893359444,0.09560258893359444,943.7857258279325
inventory,dqn,heuristic,11,16.0,8.0,1.0,0.09560258893359444,0.09560258893359444,943.7857258279325
inventory,dqn,pg,11,4.0,4.0,4.0,0.24583267855922553,0.10100360181166444,4.8743999999999374
inventory,dqn,pg,11,8.0,8.0,2.0,0.04411065106211373,0.03634392956759047,4.194328059748216
inventory,dqn,pg,11,12.0,10.0,1.0,0.02857720807306722,0.02857720807306722,37.81440000000005
inventory,dqn,pg,11,16.0,10.0,1.0,0.02857720807306722,0.02857720807306722,37.81440000000005
inventory,dqn,ppo,11,4.0,4.0,3.0,0.2241073082034718,0.07521317916117841,78.33995439044674
inventory,dqn,ppo,11,8.0,8.0,1.0,0.020428906826988318,0.020428906826988318,13.54800000000002
inventory,dqn,ppo,11,12.0,12.0,1.0,0.017479056882475648,0.017479056882475648,4.798793961826579
inventory,dqn,ppo,11,16.0,12.0,1.0,0.017479056882475648,0.017479056882475648,4.798793961826579
inventory,dqn,random,11,4.0,4.0,2.0,0.18186657147337176,0.09522416516075485,121.40035646629599
inventory,dqn,random,11,8.0,7.0,2.0,0.1752879318240508,0.09193484533609438,119.26628229422855
inventory,dqn,random,11,12.0,9.0,2.0,0.1752879318240508,0.09899624020872036,119.26628229422855
inventory,dqn,random,11,16.0,9.0,2.0,0.1752879318240508,0.09899624020872036,119.26628229422855
inventory,heuristic,pg,11,4.0,1.0,1.0,0.498765109925529,0.498765109925529,746.1720453833095
inventory,heuristic,pg,11,8.0,1.0,1.0,0.498765109925529,0.498765109925529,746.1720453833095
inventory,heuristic,pg,11,12.0,1.0,1.0,0.498765109925529,0.498765109925529,746.1720453833095
inventory,heuristic,pg,11,16.0,1.0,1.0,0.498765109925529,0.498765109925529,746.1720453833095
inventory,heuristic,ppo,11,4.0,1.0,1.0,0.43804093440050096,0.43804093440050096,769.8251488374822
inventory,heuristic,ppo,11,8.0,1.0,1.0,0.43804093440050096,0.43804093440050096,769.8251488374822
inventory,heuristic,ppo,11,12.0,1.0,1.0,0.43804093440050096,0.43804093440050096,769.8251488374822
inventory,heuristic,ppo,11,16.0,1.0,1.0,0.43804093440050096,0.43804093440050096,769.8251488374822
inventory,heuristic,random,11,4.0,1.0,1.0,0.34323822023418116,0.34323822023418116,648.7434907740073
inventory,heuristic,random,11,8.0,1.0,1.0,0.34323822023418116,0.34323822023418116,648.7434907740073
inventory,heuristic,random,11,12.0,1.0,1.0,0.34323822023418116,0.34323822023418116,648.7434907740073
inventory,heuristic,random,11,16.0,1.0,1.0,0.34323822023418116,0.34323822023418116,648.7434907740073
inventory,pg,ppo,11,4.0,4.0,3.0,0.07410899120028286,0.03457152310494877,83.21435439044666
inventory,pg,ppo,11,8.0,8.0,1.0,0.012513262200312472,0.012513262200312472,18.2256
inventory,pg,ppo,11,12.0,12.0,3.0,0.014173125938637964,0.009857595175192253,25.381200000000007
inventory,pg,ppo,11,16.0,12.0,3.0,0.014173125938637964,0.009857595175192253,25.381200000000007
inventory,pg,random,11,4.0,4.0,1.0,0.01495046287975279,0.01495046287975279,80.23744747424907
inventory,pg,random,11,8.0,8.0,1.0,0.02405627560792896,0.02405627560792896,114.39188229422861
inventory,pg,random,11,12.0,12.0,1.0,0.015720378448069332,0.015720378448069332,108.16255646629607
inventory,pg,random,11,16.0,12.0,1.0,0.015720378448069332,0.015720378448069332,108.16255646629607
inventory,ppo,random,11,4.0,4.0,2.0,0.020748992821843948,0.018890801388967326,199.74031085674272
inventory,ppo,random,11,8.0,8.0,1.0,0.021221087480878573,0.021221087480878573,197.60623668467528
inventory,ppo,random,11,12.0,12.0,2.0,0.007368049641054795,0.006452072908595776,0.6515112673827685
inventory,ppo,random,11,16.0,12.0,2.0,0.007368049641054795,0.006452072908595776,0.6515112673827685
inventory,dqn,heuristic,13,4.0,4.0,1.0,0.058934432042833856,0.058934432042833856,839.7576000000003
inventory,dqn,heuristic,13,8.0,7.0,1.0,0.058934432042833856,0.058934432042833856,889.9842180673049
inventory,dqn,heuristic,13,12.0,7.0,1.0,0.058934432042833856,0.058934432042833856,889.9842180673049
inventory,dqn,heuristic,13,16.0,7.0,1.0,0.058934432042833856,0.058934432042833856,889.9842180673049
inventory,dqn,pg,13,4.0,4.0,3.0,0.34789482800978866,0.1880601292878775,113.1387102613564
inventory,dqn,pg,13,8.0,8.0,1.0,0.0034782987580707376,0.0034782987580707376,6.445199999999986
inventory,dqn,pg,13,12.0,12.0,1.0,0.0034782987580707376,0.0034782987580707376,6.445199999999986
inventory,dqn,pg,13,16.0,12.0,1.0,0.0034782987580707376,0.0034782987580707376,6.445199999999986
inventory,dqn,ppo,13,4.0,4.0,2.0,0.01592162711102876,0.013216526210004008,2.745710960090319
inventory,dqn,ppo,13,8.0,8.0,1.0,0.010511425308979257,0.010511425308979257,4.6497229900939665
inventory,dqn,ppo,13,12.0,12.0,1.0,0.010511425308979257,0.010511425308979257,4.6497229900939665
inventory,dqn,ppo,13,16.0,12.0,1.0,0.010511425308979257,0.010511425308979257,4.6497229900939665
inventory,dqn,random,13,4.0,4.0,2.0,0.10616852920108341,0.07732670420201063,134.42530787063322
inventory,dqn,random,13,8.0,8.0,2.0,0.107679877811837,0.07643867247666258,143.8087259379377
inventory,dqn,random,13,12.0,11.0,1.0,0.04519746714148818,0.04519746714148818,10.565361817906947
inventory,dqn,random,13,16.0,11.0,1.0,0.04519746714148818,0.04519746714148818,10.565361817906947
inventory,heuristic,pg,13,4.0,1.0,1.0,0.28066741099713954,0.28066741099713954,756.3025755392129
inventory,heuristic,pg,13,8.0,1.0,1.0,0.28066741099713954,0.28066741099713954,756.3025755392129
inventory,heuristic,pg,13,12.0,1.0,1.0,0.28066741099713954,0.28066741099713954,756.3025755392129
inventory,heuristic,pg,13,16.0,1.0,1.0,0.28066741099713954,0.28066741099713954,756.3025755392129
inventory,heuristic,ppo,13,4.0,1.0,1.0,0.5527360787555486,0.5527360787555486,758.1200111612584
inventory,heuristic,ppo,13,8.0,1.0,1.0,0.5527360787555486,0.5527360787555486,758.1200111612584
inventory,heuristic,ppo,13,12.0,1.0,1.0,0.5527360787555486,0.5527360787555486,758.1200111612584
inventory,heuristic,ppo,13,16.0,1.0,1.0,0.5527360787555486,0.5527360787555486,758.1200111612584
inventory,heuristic,random,13,4.0,1.0,1.0,0.3023812825480017,0.3023812825480017,596.8915716910749
inventory,heuristic,random,13,8.0,1.0,1.0,0.3023812825480017,0.3023812825480017,596.8915716910749
inventory,heuristic,random,13,12.0,1.0,1.0,0.3023812825480017,0.3023812825480017,596.8915716910749
inventory,heuristic,random,13,16.0,1.0,1.0,0.3023812825480017,0.3023812825480017,596.8915716910749
inventory,pg,ppo,13,4.0,4.0,3.0,0.08081570184271442,0.029698314390102384,3.0892936495936736
inventory,pg,ppo,13,8.0,8.0,3.0,0.021258406916865816,0.011284121311664251,10.92288282891238
inventory,pg,ppo,13,12.0,11.0,1.0,0.021258406916865816,0.021258406916865816,10.92288282891238
inventory,pg,ppo,13,16.0,11.0,1.0,0.021258406916865816,0.021258406916865816,10.92288282891238
inventory,pg,random,13,4.0,4.0,1.0,0.06828126202215487,0.06828126202215487,3.491135848970396
inventory,pg,random,13,8.0,8.0,1.0,0.048098236423843393,0.048098236423843393,280.86563326480837
inventory,pg,random,13,12.0,10.0,1.0,0.048098236423843393,0.048098236423843393,280.86563326480837
inventory,pg,random,13,16.0,10.0,1.0,0.048098236423843393,0.048098236423843393,280.86563326480837
inventory,ppo,random,13,4.0,4.0,1.0,0.047739769669637604,0.047739769669637604,83.29633874105723
inventory,ppo,random,13,8.0,6.0,1.0,0.0432951631387162,0.0432951631387162,49.47195464205063
inventory,ppo,random,13,12.0,6.0,1.0,0.0432951631387162,0.0432951631387162,49.47195464205063
inventory,ppo,random,13,16.0,6.0,1.0,0.0432951631387162,0.0432951631387162,49.47195464205063
inventory,dqn,heuristic,17,4.0,4.0,1.0,0.0034782987580707367,0.0034782987580707367,557.8439258896124
inventory,dqn,heuristic,17,8.0,8.0,1.0,0.0034782987580707367,0.0034782987580707367,881.9858981652226
inventory,dqn,heuristic,17,12.0,11.0,1.0,0.0034782987580707367,0.0034782987580707367,881.9858981652226
inventory,dqn,heuristic,17,16.0,11.0,1.0,0.0034782987580707367,0.0034782987580707367,881.9858981652226
inventory,dqn,pg,17,4.0,4.0,1.0,0.0916543660108379,0.0916543660108379,71.3120211677121
inventory,dqn,pg,17,8.0,5.0,1.0,0.3699922125646541,0.3699922125646541,1.1062319605717583
inventory,dqn,pg,17,12.0,5.0,1.0,0.3699922125646541,0.3699922125646541,1.1062319605717583
inventory,dqn,pg,17,16.0,5.0,1.0,0.3699922125646541,0.3699922125646541,1.1062319605717583
inventory,dqn,ppo,17,4.0,4.0,2.0,0.17325865187827832,0.0944366091980052,3.8339283316213244
inventory,dqn,ppo,17,8.0,8.0,1.0,0.019095425036472772,0.019095425036472772,5.347799999999996
inventory,dqn,ppo,17,12.0,12.0,1.0,0.019095425036472772,0.019095425036472772,5.347799999999996
inventory,dqn,ppo,17,16.0,12.0,1.0,0.019095425036472772,0.019095425036472772,5.347799999999996
inventory,dqn,random,17,4.0,4.0,1.0,0.024933941491775337,0.024933941491775337,3.2997434914803296
inventory,dqn,random,17,8.0,8.0,1.0,0.009283024380768695,0.009283024380768695,5.728906638459183
inventory,dqn,random,17,12.0,12.0,1.0,0.012265821267910704,0.012265821267910704,8.002259640144619
inventory,dqn,random,17,16.0,12.0,1.0,0.012265821267910704,0.012265821267910704,8.002259640144619
inventory,heuristic,pg,17,4.0,1.0,1.0,0.6731006430505688,0.6731006430505688,661.9276357414052
inventory,heuristic,pg,17,8.0,1.0,1.0,0.6731006430505688,0.6731006430505688,661.9276357414052
inventory,heuristic,pg,17,12.0,1.0,1.0,0.6731006430505688,0.6731006430505688,661.9276357414052
inventory,heuristic,pg,17,16.0,1.0,1.0,0.6731006430505688,0.6731006430505688,661.9276357414052
inventory,heuristic,ppo,17,4.0,1.0,1.0,0.2806674109970498,0.2806674109970498,764.2752849947132
inventory,heuristic,ppo,17,8.0,1.0,1.0,0.2806674109970498,0.2806674109970498,764.2752849947132
inventory,heuristic,ppo,17,12.0,1.0,1.0,0.2806674109970498,0.2806674109970498,764.2752849947132
inventory,heuristic,ppo,17,16.0,1.0,1.0,0.2806674109970498,0.2806674109970498,764.2752849947132
inventory,heuristic,random,17,4.0,1.0,1.0,0.30573423670402555,0.30573423670402555,624.8483016949062
inventory,heuristic,random,17,8.0,1.0,1.0,0.30573423670402555,0.30573423670402555,624.8483016949062
inventory,heuristic,random,17,12.0,1.0,1.0,0.30573423670402555,0.30573423670402555,624.8483016949062
inventory,heuristic,random,17,16.0,1.0,1.0,0.30573423670402555,0.30573423670402555,624.8483016949062
inventory,pg,ppo,17,4.0,4.0,1.0,0.49214097748510977,0.49214097748510977,71.190022081808
inventory,pg,ppo,17,8.0,7.0,1.0,0.3289906651646309,0.3289906651646309,181.6879153801168
inventory,pg,ppo,17,12.0,7.0,1.0,0.3289906651646309,0.3289906651646309,181.6879153801168
inventory,pg,ppo,17,16.0,7.0,1.0,0.3289906651646309,0.3289906651646309,181.6879153801168
inventory,pg,random,17,4.0,4.0,1.0,0.19307742171509912,0.19307742171509912,18.253777918191957
inventory,pg,random,17,8.0,6.0,1.0,0.23922695259677124,0.23922695259677124,34.526822701399965
inventory,pg,random,17,12.0,6.0,1.0,0.23922695259677124,0.23922695259677124,34.526822701399965
inventory,pg,random,17,16.0,6.0,1.0,0.23922695259677124,0.23922695259677124,34.526822701399965
inventory,ppo,random,17,4.0,4.0,2.0,0.06344403638482199,0.04936080245286907,1.5871258432449733
inventory,ppo,random,17,8.0,8.0,1.0,0.01854226647128869,0.01854226647128869,231.8291693844512
inventory,ppo,random,17,12.0,10.0,1.0,0.006794759595874333,0.006794759595874333,251.92494243845732
inventory,ppo,random,17,16.0,10.0,1.0,0.006794759595874333,0.006794759595874333,251.92494243845732
inventory,dqn,heuristic,19,4.0,4.0,1.0,0.6931471805193063,0.6931471805193063,681.4059555656481
inventory,dqn,heuristic,19,8.0,4.0,1.0,0.6931471805193063,0.6931471805193063,681.4059555656481
inventory,dqn,heuristic,19,12.0,4.0,1.0,0.6931471805193063,0.6931471805193063,681.4059555656481
inventory,dqn,heuristic,19,16.0,4.0,1.0,0.6931471805193063,0.6931471805193063,681.4059555656481
inventory,dqn,pg,19,4.0,4.0,3.0,0.145688869302468,0.08276546046772465,34.9634798898899
inventory,dqn,pg,19,8.0,8.0,2.0,0.03597375663726918,0.01886214715504088,12.414000000000051
inventory,dqn,pg,19,12.0,12.0,1.0,0.0017505376728125773,0.0017505376728125773,4.742400000000018
inventory,dqn,pg,19,16.0,12.0,1.0,0.0017505376728125773,0.0017505376728125773,4.742400000000018
inventory,dqn,ppo,19,4.0,4.0,2.0,0.0846747359646052,0.04580310387343251,7.1329739473258655
inventory,dqn,ppo,19,8.0,8.0,2.0,0.013862943587159194,0.006931471793579597,1.424400000000002
inventory,dqn,ppo,19,12.0,12.0,2.0,0.013862943587159194,0.006931471793579597,1.424400000000002
inventory,dqn,ppo,19,16.0,12.0,2.0,0.013862943587159194,0.006931471793579597,1.424400000000002
inventory,dqn,random,19,4.0,4.0,1.0,0.019797900650077558,0.019797900650077558,1.6133011198027145
inventory,dqn,random,19,8.0,8.0,1.0,0.007773771264974392,0.007773771264974392,0.9780242206557213
inventory,dqn,random,19,12.0,10.0,1.0,0.007773771264974392,0.007773771264974392,0.9780242206557213
inventory,dqn,random,19,16.0,10.0,1.0,0.007773771264974392,0.007773771264974392,0.9780242206557213
inventory,heuristic,pg,19,4.0,1.0,1.0,0.3136608967446083,0.3136608967446083,749.3662084862038
inventory,heuristic,pg,19,8.0,1.0,1.0,0.3136608967446083,0.3136608967446083,749.3662084862038
inventory,heuristic,pg,19,12.0,1.0,1.0,0.3136608967446083,0.3136608967446083,749.3662084862038
inventory,heuristic,pg,19,16.0,1.0,1.0,0.3136608967446083,0.3136608967446083,749.3662084862038
inventory,heuristic,ppo,19,4.0,1.0,1.0,0.2733157372538827,0.2733157372538827,753.9082741100948
inventory,heuristic,ppo,19,8.0,1.0,1.0,0.2733157372538827,0.2733157372538827,753.9082741100948
inventory,heuristic,ppo,19,12.0,1.0,1.0,0.2733157372538827,0.2733157372538827,753.9082741100948
inventory,heuristic,ppo,19,16.0,1.0,1.0,0.2733157372538827,0.2733157372538827,753.9082741100948
inventory,heuristic,random,19,4.0,1.0,1.0,0.30461368649013926,0.30461368649013926,615.7956860399888
inventory,heuristic,random,19,8.0,1.0,1.0,0.30461368649013926,0.30461368649013926,615.7956860399888
inventory,heuristic,random,19,12.0,1.0,1.0,0.30461368649013926,0.30461368649013926,615.7956860399888
inventory,heuristic,random,19,16.0,1.0,1.0,0.30461368649013926,0.30461368649013926,615.7956860399888
inventory,pg,ppo,19,4.0,4.0,4.0,0.05447581552540902,0.04133901800640904,27.830505942564038
inventory,pg,ppo,19,8.0,8.0,2.0,0.03597375663726918,0.02840985966726731,8.214000000000034
inventory,pg,ppo,19,12.0,12.0,1.0,0.020845962697265442,0.020845962697265442,3.3180000000000156
inventory,pg,ppo,19,16.0,12.0,1.0,0.020845962697265442,0.020845962697265442,3.3180000000000156
inventory,pg,random,19,4.0,4.0,1.0,0.01741738969541274,0.01741738969541274,41.42509446547083
inventory,pg,random,19,8.0,8.0,1.0,0.01765803131181435,0.01765803131181435,205.07118650071698
inventory,pg,random,19,12.0,8.0,1.0,0.01765803131181435,0.01765803131181435,205.07118650071698
inventory,pg,random,19,16.0,8.0,1.0,0.01765803131181435,0.01765803131181435,205.07118650071698
inventory,ppo,random,19,4.0,4.0,1.0,0.09421477294615616,0.09421477294615616,45.722373214139985
inventory,ppo,random,19,8.0,8.0,1.0,0.04955606145954756,0.04955606145954756,232.0635663846131
inventory,ppo,random,19,12.0,9.0,1.0,0.04955606145954756,0.04955606145954756,232.0635663846131
inventory,ppo,random,19,16.0,9.0,1.0,0.04955606145954756,0.04955606145954756,232.0635663846131
inventory,dqn,heuristic,23,4.0,2.0,1.0,0.6931471805186287,0.6931471805186287,726.9353974943617
inventory,dqn,heuristic,23,8.0,2.0,1.0,0.6931471805186287,0.6931471805186287,726.9353974943617
inventory,dqn,heuristic,23,12.0,2.0,1.0,0.6931471805186287,0.6931471805186287,726.9353974943617
inventory,dqn,heuristic,23,16.0,2.0,1.0,0.6931471805186287,0.6931471805186287,726.9353974943617
inventory,dqn,pg,23,4.0,4.0,1.0,0.00957250309615808,0.00957250309615808,25.47942987372318
inventory,dqn,pg,23,8.0,8.0,1.0,0.0034782987580707376,0.0034782987580707376,18.50939430564002
inventory,dqn,pg,23,12.0,12.0,1.0,0.006981977702956475,0.006981977702956475,11.420287398289112
inventory,dqn,pg,23,16.0,12.0,1.0,0.006981977702956475,0.006981977702956475,11.420287398289112
inventory,dqn,ppo,23,4.0,4.0,2.0,0.10168547864186861,0.06721211045249639,136.45019999999997
inventory,dqn,ppo,23,8.0,8.0,2.0,0.12317997122927377,0.06791234675381042,142.22789350012485
inventory,dqn,ppo,23,12.0,9.0,1.0,0.012644722278347068,0.012644722278347068,1.793269217107882
inventory,dqn,ppo,23,16.0,9.0,1.0,0.012644722278347068,0.012644722278347068,1.793269217107882
inventory,dqn,random,23,4.0,4.0,2.0,0.07849823062210559,0.048623716685973165,157.88762564028858
inventory,dqn,random,23,8.0,8.0,2.0,0.09035868414135545,0.0564421800748538,163.50271914041346
inventory,dqn,random,23,12.0,11.0,1.0,0.022525676008352147,0.022525676008352147,1.559390153940139
inventory,dqn,random,23,16.0,11.0,1.0,0.022525676008352147,0.022525676008352147,1.559390153940139
inventory,heuristic,pg,23,4.0,1.0,1.0,0.6690153185198348,0.6690153185198348,778.8011149644334
inventory,heuristic,pg,23,8.0,1.0,1.0,0.6690153185198348,0.6690153185198348,778.8011149644334
inventory,heuristic,pg,23,12.0,1.0,1.0,0.6690153185198348,0.6690153185198348,778.8011149644334
inventory,heuristic,pg,23,16.0,1.0,1.0,0.6690153185198348,0.6690153185198348,778.8011149644334
inventory,heuristic,ppo,23,4.0,1.0,1.0,0.5255973269904688,0.5255973269904688,634.5265089884675
inventory,heuristic,ppo,23,8.0,1.0,1.0,0.5255973269904688,0.5255973269904688,634.5265089884675
inventory,heuristic,ppo,23,12.0,1.0,1.0,0.5255973269904688,0.5255973269904688,634.5265089884675
inventory,heuristic,ppo,23,16.0,1.0,1.0,0.5255973269904688,0.5255973269904688,634.5265089884675
inventory,heuristic,random,23,4.0,1.0,1.0,0.3079841204410883,0.3079841204410883,609.109068918469
inventory,heuristic,random,23,8.0,1.0,1.0,0.3079841204410883,0.3079841204410883,609.109068918469
inventory,heuristic,random,23,12.0,1.0,1.0,0.3079841204410883,0.3079841204410883,609.109068918469
inventory,heuristic,random,23,16.0,1.0,1.0,0.3079841204410883,0.3079841204410883,609.109068918469
inventory,pg,ppo,23,4.0,1.0,1.0,0.45498628662572693,0.45498628662572693,144.27460597596587
inventory,pg,ppo,23,8.0,1.0,1.0,0.45498628662572693,0.45498628662572693,144.27460597596587
inventory,pg,ppo,23,12.0,1.0,1.0,0.45498628662572693,0.45498628662572693,144.27460597596587
inventory,pg,ppo,23,16.0,1.0,1.0,0.45498628662572693,0.45498628662572693,144.27460597596587
inventory,pg,random,23,4.0,1.0,1.0,0.3210296532338169,0.3210296532338169,169.69204604596442
inventory,pg,random,23,8.0,1.0,1.0,0.3210296532338169,0.3210296532338169,169.69204604596442
inventory,pg,random,23,12.0,1.0,1.0,0.3210296532338169,0.3210296532338169,169.69204604596442
inventory,pg,random,23,16.0,1.0,1.0,0.3210296532338169,0.3210296532338169,169.69204604596442
inventory,ppo,random,23,4.0,4.0,1.0,0.04936787873888768,0.04936787873888768,21.43742564028861
inventory,ppo,random,23,8.0,8.0,1.0,0.042775484062877574,0.042775484062877574,27.052519140413494
inventory,ppo,random,23,12.0,12.0,1.0,0.04039369029175206,0.04039369029175206,21.600025640288607
inventory,ppo,random,23,16.0,12.0,1.0,0.04039369029175206,0.04039369029175206,21.600025640288607
lunarlander,dqn,heuristic,11,4.0,4.0,2.0,0.0034782987580707367,0.0017391493790353684,4.008359266955199
lunarlander,dqn,heuristic,11,8.0,8.0,2.0,0.0034782987580707367,0.0017391493790353684,2.0718309390543928
lunarlander,dqn,heuristic,11,12.0,12.0,1.0,0.0,0.0,2.470951793773207
lunarlander,dqn,heuristic,11,16.0,12.0,1.0,0.0,0.0,2.470951793773207
lunarlander,dqn,pg,11,4.0,4.0,1.0,0.004100765101895726,0.004100765101895726,0.41237017794230335
lunarlander,dqn,pg,11,8.0,8.0,1.0,0.006924284162227798,0.006924284162227798,0.06419321300629563
lunarlander,dqn,pg,11,12.0,12.0,1.0,0.002543383222582683,0.002543383222582683,0.07423045221523361
lunarlander,dqn,pg,11,16.0,12.0,1.0,0.002543383222582683,0.002543383222582683,0.07423045221523361
lunarlander,dqn,ppo,11,4.0,4.0,2.0,0.042978695575220105,0.02200998640444862,1.2710707800693983
lunarlander,dqn,ppo,11,8.0,8.0,2.0,0.0013702691908943463,0.0009227715531192058,0.19938140698877105
lunarlander,dqn,ppo,11,12.0,12.0,2.0,0.005034401130892223,0.002623047039001598,0.7004233313114752
lunarlander,dqn,ppo,11,16.0,12.0,2.0,0.005034401130892223,0.002623047039001598,0.7004233313114752
lunarlander,dqn,random,11,4.0,4.0,1.0,0.017230284246175186,0.017230284246175186,0.1686719517568775
lunarlander,dqn,random,11,8.0,8.0,1.0,0.02151222702464098,0.02151222702464098,0.6533319402291613
lunarlander,dqn,random,11,12.0,8.0,1.0,0.02151222702464098,0.02151222702464098,0.6533319402291613
lunarlander,dqn,random,11,16.0,8.0,1.0,0.02151222702464098,0.02151222702464098,0.6533319402291613
lunarlander,heuristic,pg,11,4.0,1.0,1.0,0.23540880986016538,0.23540880986016538,4.457515627820503
lunarlander,heuristic,pg,11,8.0,1.0,1.0,0.23540880986016538,0.23540880986016538,4.457515627820503
lunarlander,heuristic,pg,11,12.0,1.0,1.0,0.23540880986016538,0.23540880986016538,4.457515627820503
lunarlander,heuristic,pg,11,16.0,1.0,1.0,0.23540880986016538,0.23540880986016538,4.457515627820503
lunarlander,heuristic,ppo,11,4.0,4.0,1.0,0.058934432054762655,0.058934432054762655,4.673816814786607
lunarlander,heuristic,ppo,11,8.0,5.0,1.0,0.058934432054762655,0.058934432054762655,4.673816814786607
lunarlander,heuristic,ppo,11,12.0,5.0,1.0,0.058934432054762655,0.058934432054762655,4.673816814786607
lunarlander,heuristic,ppo,11,16.0,5.0,1.0,0.058934432054762655,0.058934432054762655,4.673816814786607
lunarlander,heuristic,random,11,4.0,1.0,1.0,0.30461368649014225,0.30461368649014225,2.9349887240153802
lunarlander,heuristic,random,11,8.0,1.0,1.0,0.30461368649014225,0.30461368649014225,2.9349887240153802
lunarlander,heuristic,random,11,12.0,1.0,1.0,0.30461368649014225,0.30461368649014225,2.9349887240153802
lunarlander,heuristic,random,11,16.0,1.0,1.0,0.30461368649014225,0.30461368649014225,2.9349887240153802
lunarlander,pg,ppo,11,4.0,4.0,2.0,0.016289235082023106,0.010154941161345233,0.25085310552753226
lunarlander,pg,ppo,11,8.0,8.0,2.0,0.005756810093515443,0.003624024235145205,0.821342319279328
lunarlander,pg,ppo,11,12.0,12.0,2.0,0.013887777659693248,0.00943907390396622,0.06278581397276684
lunarlander,pg,ppo,11,16.0,12.0,2.0,0.013887777659693248,0.00943907390396622,0.06278581397276684
lunarlander,pg,random,11,4.0,4.0,2.0,0.008305872710563537,0.005839705739569185,0.6519776877294848
lunarlander,pg,random,11,8.0,8.0,1.0,0.004197711571926416,0.004197711571926416,1.4259219553022755
lunarlander,pg,random,11,12.0,12.0,1.0,0.00225027030377648,0.00225027030377648,0.28800160420875287
lunarlander,pg,random,11,16.0,12.0,1.0,0.00225027030377648,0.00225027030377648,0.28800160420875287
lunarlander,ppo,random,11,4.0,4.0,1.0,0.044929052056231364,0.044929052056231364,0.5264646740117773
lunarlander,ppo,random,11,8.0,5.0,1.0,0.044929052056231364,0.044929052056231364,0.5264646740117773
lunarlander,ppo,random,11,12.0,5.0,1.0,0.044929052056231364,0.044929052056231364,0.5264646740117773
lunarlander,ppo,random,11,16.0,5.0,1.0,0.044929052056231364,0.044929052056231364,0.5264646740117773
lunarlander,dqn,heuristic,13,4.0,4.0,2.0,0.16389659000783835,0.09257749845645,4.240764839345726
lunarlander,dqn,heuristic,13,8.0,7.0,1.0,0.02125840690506165,0.02125840690506165,5.107339026631361
lunarlander,dqn,heuristic,13,12.0,10.0,1.0,0.02125840690506165,0.02125840690506165,5.107339026631361
lunarlander,dqn,heuristic,13,16.0,10.0,1.0,0.02125840690506165,0.02125840690506165,5.107339026631361
lunarlander,dqn,pg,13,4.0,4.0,1.0,0.0301678221244008,0.0301678221244008,0.25851612847847866
lunarlander,dqn,pg,13,8.0,8.0,2.0,0.08610485577242669,0.04338605841453952,0.44965293327900535
lunarlander,dqn,pg,13,12.0,12.0,1.0,0.0006672610566523501,0.0006672610566523501,0.4115606718441561
lunarlander,dqn,pg,13,16.0,12.0,1.0,0.0006672610566523501,0.0006672610566523501,0.4115606718441561
lunarlander,dqn,ppo,13,4.0,4.0,4.0,0.09269025383389423,0.048120227918933924,0.9631349290012103
lunarlander,dqn,ppo,13,8.0,8.0,3.0,0.03158249800595048,0.011103006822322284,1.4641971569623036
lunarlander,dqn,ppo,13,12.0,12.0,2.0,0.013569187362734127,0.007918479255880457,1.0488505920717444
lunarlander,dqn,ppo,13,16.0,12.0,2.0,0.013569187362734127,0.007918479255880457,1.0488505920717444
lunarlander,dqn,random,13,4.0,4.0,2.0,0.07998726909866027,0.044532375665073606,0.9785375858012664
lunarlander,dqn,random,13,8.0,8.0,1.0,0.010397315418024924,0.010397315418024924,0.14096262761383604
lunarlander,dqn,random,13,12.0,12.0,2.0,0.009854271949291213,0.007359286810034803,0.7043061479760148
lunarlander,dqn,random,13,16.0,12.0,2.0,0.009854271949291213,0.007359286810034803,0.7043061479760148
lunarlander,heuristic,pg,13,4.0,1.0,1.0,0.2529623898068017,0.2529623898068017,5.211381459507739
lunarlander,heuristic,pg,13,8.0,1.0,1.0,0.2529623898068017,0.2529623898068017,5.211381459507739
lunarlander,heuristic,pg,13,12.0,1.0,1.0,0.2529623898068017,0.2529623898068017,5.211381459507739
lunarlander,heuristic,pg,13,16.0,1.0,1.0,0.2529623898068017,0.2529623898068017,5.211381459507739
lunarlander,heuristic,ppo,13,4.0,1.0,1.0,0.1502061553266477,0.1502061553266477,4.7347723982036705
lunarlander,heuristic,ppo,13,8.0,1.0,1.0,0.1502061553266477,0.1502061553266477,4.7347723982036705
lunarlander,heuristic,ppo,13,12.0,1.0,1.0,0.1502061553266477,0.1502061553266477,4.7347723982036705
lunarlander,heuristic,ppo,13,16.0,1.0,1.0,0.1502061553266477,0.1502061553266477,4.7347723982036705
lunarlander,heuristic,random,13,4.0,1.0,1.0,0.314805323512649,0.314805323512649,3.2789877404493084
lunarlander,heuristic,random,13,8.0,1.0,1.0,0.314805323512649,0.314805323512649,3.2789877404493084
lunarlander,heuristic,random,13,12.0,1.0,1.0,0.314805323512649,0.314805323512649,3.2789877404493084
lunarlander,heuristic,random,13,16.0,1.0,1.0,0.314805323512649,0.314805323512649,3.2789877404493084
lunarlander,pg,ppo,13,4.0,4.0,3.0,0.022767607585990425,0.012859241692164616,0.4326260085594935
lunarlander,pg,ppo,13,8.0,8.0,2.0,0.008737034864462773,0.008294169045024724,0.28322481012191036
lunarlander,pg,ppo,13,12.0,10.0,1.0,0.007851303225586675,0.007851303225586675,0.19213146081082888
lunarlander,pg,ppo,13,16.0,10.0,1.0,0.007851303225586675,0.007851303225586675,0.19213146081082888
lunarlander,pg,random,13,4.0,4.0,4.0,0.008182109271432415,0.006833990271840701,3.133606541686661
lunarlander,pg,random,13,8.0,8.0,4.0,0.009217249366297583,0.00691953496071046,0.43735743753352585
lunarlander,pg,random,13,12.0,12.0,2.0,0.004284707618263231,0.0034240058010409544,2.7442950967083135
lunarlander,pg,random,13,16.0,12.0,2.0,0.004284707618263231,0.0034240058010409544,2.7442950967083135
lunarlander,ppo,random,13,4.0,4.0,1.0,0.0036799553627287402,0.0036799553627287402,0.5361631509186465
lunarlander,ppo,random,13,8.0,8.0,1.0,0.004406121158139602,0.004406121158139602,1.0935838318414155
lunarlander,ppo,random,13,12.0,9.0,1.0,0.002555245755428707,0.002555245755428707,1.4502689930150219
lunarlander,ppo,random,13,16.0,9.0,1.0,0.002555245755428707,0.002555245755428707,1.4502689930150219
lunarlander,dqn,heuristic,17,4.0,4.0,1.0,0.014067039400261834,0.014067039400261834,4.788082972193559
lunarlander,dqn,heuristic,17,8.0,7.0,1.0,0.014067039400261834,0.014067039400261834,1.9608797104385136
lunarlander,dqn,heuristic,17,12.0,11.0,1.0,0.014067039400261834,0.014067039400261834,0.9920949679424498
lunarlander,dqn,heuristic,17,16.0,11.0,1.0,0.014067039400261834,0.014067039400261834,0.9920949679424498
lunarlander,dqn,pg,17,4.0,4.0,4.0,0.082933699988717,0.042969335212020364,0.7196003508459908
lunarlander,dqn,pg,17,8.0,8.0,4.0,0.07312883381109904,0.04571627190371375,0.9182479003223685
lunarlander,dqn,pg,17,12.0,12.0,1.0,0.03689462936999503,0.03689462936999503,0.3541988094208034
lunarlander,dqn,pg,17,16.0,12.0,1.0,0.03689462936999503,0.03689462936999503,0.3541988094208034
lunarlander,dqn,ppo,17,4.0,4.0,3.0,0.12217453421231986,0.06133873744823538,0.4866975531743293
lunarlander,dqn,ppo,17,8.0,8.0,3.0,0.03689462936999503,0.026140287014815435,0.3309951318722385
lunarlander,dqn,ppo,17,12.0,12.0,2.0,0.03689462936999503,0.02689365487711473,0.3309951318722385
lunarlander,dqn,ppo,17,16.0,12.0,2.0,0.03689462936999503,0.02689365487711473,0.3309951318722385
lunarlander,dqn,random,17,4.0,4.0,2.0,0.012862560627564594,0.009625191050528434,0.3365359083674213
lunarlander,dqn,random,17,8.0,8.0,1.0,0.003795905271583456,0.003795905271583456,0.9114949399291363
lunarlander,dqn,random,17,12.0,12.0,1.0,0.0,0.0,0.8509404662826633
lunarlander,dqn,random,17,16.0,12.0,1.0,0.0,0.0,0.8509404662826633
lunarlander,heuristic,pg,17,4.0,1.0,1.0,0.2112069813218953,0.2112069813218953,4.438456003503143
lunarlander,heuristic,pg,17,8.0,1.0,1.0,0.2112069813218953,0.2112069813218953,4.438456003503143
lunarlander,heuristic,pg,17,12.0,1.0,1.0,0.2112069813218953,0.2112069813218953,4.438456003503143
lunarlander,heuristic,pg,17,16.0,1.0,1.0,0.2112069813218953,0.2112069813218953,4.438456003503143
lunarlander,heuristic,ppo,17,4.0,1.0,1.0,0.18737086346908444,0.18737086346908444,5.261790925725696
lunarlander,heuristic,ppo,17,8.0,1.0,1.0,0.18737086346908444,0.18737086346908444,5.261790925725696
lunarlander,heuristic,ppo,17,12.0,1.0,1.0,0.18737086346908444,0.18737086346908444,5.261790925725696
lunarlander,heuristic,ppo,17,16.0,1.0,1.0,0.18737086346908444,0.18737086346908444,5.261790925725696
lunarlander,heuristic,random,17,4.0,1.0,1.0,0.3383645623150284,0.3383645623150284,3.709515438006619
lunarlander,heuristic,random,17,8.0,1.0,1.0,0.3383645623150284,0.3383645623150284,3.709515438006619
lunarlander,heuristic,random,17,12.0,1.0,1.0,0.3383645623150284,0.3383645623150284,3.709515438006619
lunarlander,heuristic,random,17,16.0,1.0,1.0,0.3383645623150284,0.3383645623150284,3.709515438006619
lunarlander,pg,ppo,17,4.0,4.0,3.0,0.010067621596010948,0.0054861778534719885,0.8523242146196005
lunarlander,pg,ppo,17,8.0,8.0,3.0,0.017392195405917403,0.009153272333976116,0.9585605898681714
lunarlander,pg,ppo,17,12.0,12.0,3.0,0.017392195405917403,0.009153272333976116,0.9585605898681714
lunarlander,pg,ppo,17,16.0,12.0,3.0,0.017392195405917403,0.009153272333976116,0.9585605898681714
lunarlander,pg,random,17,4.0,4.0,3.0,0.05113305651760437,0.022219449766364505,0.5572961305083329
lunarlander,pg,random,17,8.0,8.0,4.0,0.05113305651760437,0.02343503578550044,0.5572961305083329
lunarlander,pg,random,17,12.0,12.0,3.0,0.013693703591525476,0.006514750619244752,0.3326930545372168
lunarlander,pg,random,17,16.0,12.0,3.0,0.013693703591525476,0.006514750619244752,0.3326930545372168
lunarlander,ppo,random,17,4.0,4.0,1.0,0.0006479457716067026,0.0006479457716067026,0.8607037049052175
lunarlander,ppo,random,17,8.0,8.0,2.0,0.05113305651760437,0.04839819854130799,0.5804998080568977
lunarlander,ppo,random,17,12.0,10.0,1.0,0.05113305651760437,0.05113305651760437,0.5804998080568977
lunarlander,ppo,random,17,16.0,10.0,1.0,0.05113305651760437,0.05113305651760437,0.5804998080568977
lunarlander,dqn,heuristic,19,4.0,4.0,2.0,0.09138502720342158,0.04569251360171079,1.9393479603821158
lunarlander,dqn,heuristic,19,8.0,7.0,1.0,0.0,0.0,0.8318580215214866
lunarlander,dqn,heuristic,19,12.0,7.0,1.0,0.0,0.0,0.8318580215214866
lunarlander,dqn,heuristic,19,16.0,7.0,1.0,0.0,0.0,0.8318580215214866
lunarlander,dqn,pg,19,4.0,4.0,2.0,0.06547668612167443,0.03530192250287785,0.588852852260433
lunarlander,dqn,pg,19,8.0,8.0,1.0,0.010746614532821525,0.010746614532821525,0.322693752986454
lunarlander,dqn,pg,19,12.0,12.0,1.0,0.011582232163962342,0.011582232163962342,0.06507724241234608
lunarlander,dqn,pg,19,16.0,12.0,1.0,0.011582232163962342,0.011582232163962342,0.06507724241234608
lunarlander,dqn,ppo,19,4.0,4.0,2.0,0.0861419009800787,0.04749626938255419,0.7694352332548888
lunarlander,dqn,ppo,19,8.0,8.0,3.0,0.024874834796889036,0.011380411841879936,1.4715406957973907
lunarlander,dqn,ppo,19,12.0,12.0,3.0,0.008580804806798263,0.004691985290970895,0.0489723751293289
lunarlander,dqn,ppo,19,16.0,12.0,3.0,0.008580804806798263,0.004691985290970895,0.0489723751293289
lunarlander,dqn,random,19,4.0,4.0,1.0,0.00728853306294433,0.00728853306294433,0.03275715416703101
lunarlander,dqn,random,19,8.0,8.0,1.0,0.012154874948586972,0.012154874948586972,0.09004308772494851
lunarlander,dqn,random,19,12.0,12.0,1.0,0.012154874948586972,0.012154874948586972,0.09004308772494851
lunarlander,dqn,random,19,16.0,12.0,1.0,0.012154874948586972,0.012154874948586972,0.09004308772494851
lunarlander,heuristic,pg,19,4.0,1.0,1.0,0.26506160984211274,0.26506160984211274,4.592601174952153
lunarlander,heuristic,pg,19,8.0,1.0,1.0,0.26506160984211274,0.26506160984211274,4.592601174952153
lunarlander,heuristic,pg,19,12.0,1.0,1.0,0.26506160984211274,0.26506160984211274,4.592601174952153
lunarlander,heuristic,pg,19,16.0,1.0,1.0,0.26506160984211274,0.26506160984211274,4.592601174952153
lunarlander,heuristic,ppo,19,4.0,1.0,1.0,0.2529623898068131,0.2529623898068131,4.795675043591134
lunarlander,heuristic,ppo,19,8.0,1.0,1.0,0.2529623898068131,0.2529623898068131,4.795675043591134
lunarlander,heuristic,ppo,19,12.0,1.0,1.0,0.2529623898068131,0.2529623898068131,4.795675043591134
lunarlander,heuristic,ppo,19,16.0,1.0,1.0,0.2529623898068131,0.2529623898068131,4.795675043591134
lunarlander,heuristic,random,19,4.0,1.0,1.0,0.32407278544887014,0.32407278544887014,3.7558769405171777
lunarlander,heuristic,random,19,8.0,1.0,1.0,0.32407278544887014,0.32407278544887014,3.7558769405171777
lunarlander,heuristic,random,19,12.0,1.0,1.0,0.32407278544887014,0.32407278544887014,3.7558769405171777
lunarlander,heuristic,random,19,16.0,1.0,1.0,0.32407278544887014,0.32407278544887014,3.7558769405171777
lunarlander,pg,ppo,19,4.0,4.0,3.0,0.003169509052353475,0.002329513740069049,0.1617647981946727
lunarlander,pg,ppo,19,8.0,8.0,5.0,0.03530152123840277,0.015566858418536491,0.07168293537683912
lunarlander,pg,ppo,19,12.0,12.0,5.0,0.005167548983139172,0.003218289988996224,0.26786743370309574
lunarlander,pg,ppo,19,16.0,12.0,5.0,0.005167548983139172,0.003218289988996224,0.26786743370309574
lunarlander,pg,random,19,4.0,4.0,4.0,0.008067738719156739,0.007473014749603899,0.987423008325633
lunarlander,pg,random,19,8.0,8.0,5.0,0.01919853809032172,0.009342376141585534,0.15619201201841082
lunarlander,pg,random,19,12.0,12.0,3.0,0.01919853809032172,0.0069464325084838225,0.15619201201841082
lunarlander,pg,random,19,16.0,12.0,3.0,0.01919853809032172,0.0069464325084838225,0.15619201201841082
lunarlander,ppo,random,19,4.0,4.0,3.0,0.010915489329939836,0.0055327088703287335,1.2514741244036123
lunarlander,ppo,random,19,8.0,8.0,3.0,0.01030201470075252,0.00864238765074466,0.3424729771461834
lunarlander,ppo,random,19,12.0,12.0,2.0,0.007246025289317609,0.00412179959010453,1.0265050171192258
lunarlander,ppo,random,19,16.0,12.0,2.0,0.007246025289317609,0.00412179959010453,1.0265050171192258
lunarlander,dqn,heuristic,23,4.0,1.0,1.0,0.1925611790106191,0.1925611790106191,4.457128217704945
lunarlander,dqn,heuristic,23,8.0,8.0,1.0,0.13536847407312247,0.13536847407312247,2.234156377300447
lunarlander,dqn,heuristic,23,12.0,8.0,1.0,0.13536847407312247,0.13536847407312247,2.234156377300447
lunarlander,dqn,heuristic,23,16.0,8.0,1.0,0.13536847407312247,0.13536847407312247,2.234156377300447
lunarlander,dqn,pg,23,4.0,4.0,3.0,0.008204082321816417,0.006736649748598282,0.07789535627868299
lunarlander,dqn,pg,23,8.0,8.0,4.0,0.046815593270061864,0.01968491334436697,0.9188681718397897
lunarlander,dqn,pg,23,12.0,12.0,2.0,0.009832410755008665,0.005614440601077731,0.25302570232091653
lunarlander,dqn,pg,23,16.0,12.0,2.0,0.009832410755008665,0.005614440601077731,0.25302570232091653
lunarlander,dqn,ppo,23,4.0,4.0,4.0,0.02014442915059291,0.012895387825805807,0.25245912503039397
lunarlander,dqn,ppo,23,8.0,8.0,3.0,0.022948333366324913,0.012319219833190453,0.03612102862792499
lunarlander,dqn,ppo,23,12.0,12.0,1.0,0.005255028233911165,0.005255028233911165,1.3134311364815598
lunarlander,dqn,ppo,23,16.0,12.0,1.0,0.005255028233911165,0.005255028233911165,1.3134311364815598
lunarlander,dqn,random,23,4.0,4.0,1.0,0.02061860530151272,0.02061860530151272,0.3617385262737587
lunarlander,dqn,random,23,8.0,8.0,2.0,0.14506587031078716,0.07537654525120016,0.6919864455161271
lunarlander,dqn,random,23,12.0,10.0,1.0,0.0023275231423822325,0.0023275231423822325,1.7765317440722912
lunarlander,dqn,random,23,16.0,10.0,1.0,0.0023275231423822325,0.0023275231423822325,1.7765317440722912
lunarlander,heuristic,pg,23,4.0,1.0,1.0,0.2490014917995903,0.2490014917995903,4.363913251145604
lunarlander,heuristic,pg,23,8.0,1.0,1.0,0.2490014917995903,0.2490014917995903,4.363913251145604
lunarlander,heuristic,pg,23,12.0,1.0,1.0,0.2490014917995903,0.2490014917995903,4.363913251145604
lunarlander,heuristic,pg,23,16.0,1.0,1.0,0.2490014917995903,0.2490014917995903,4.363913251145604
lunarlander,heuristic,ppo,23,4.0,1.0,1.0,0.14862179454896063,0.14862179454896063,4.46628706250501
lunarlander,heuristic,ppo,23,8.0,1.0,1.0,0.14862179454896063,0.14862179454896063,4.46628706250501
lunarlander,heuristic,ppo,23,12.0,9.0,1.0,0.06684107966683292,0.06684107966683292,0.605327195704721
lunarlander,heuristic,ppo,23,16.0,9.0,1.0,0.06684107966683292,0.06684107966683292,0.605327195704721
lunarlander,heuristic,random,23,4.0,1.0,1.0,0.2935651531737516,0.2935651531737516,2.7404944150137287
lunarlander,heuristic,random,23,8.0,1.0,1.0,0.2935651531737516,0.2935651531737516,2.7404944150137287
lunarlander,heuristic,random,23,12.0,1.0,1.0,0.2935651531737516,0.2935651531737516,2.7404944150137287
lunarlander,heuristic,random,23,16.0,1.0,1.0,0.2935651531737516,0.2935651531737516,2.7404944150137287
lunarlander,pg,ppo,23,4.0,4.0,3.0,0.01641817886098791,0.006113922243302118,1.167523100610038
lunarlander,pg,ppo,23,8.0,8.0,4.0,0.004811353024012467,0.0036051796927399314,0.009395583928584902
lunarlander,pg,ppo,23,12.0,12.0,3.0,0.004811353024012467,0.0036051796927399314,0.009395583928584902
lunarlander,pg,ppo,23,16.0,12.0,3.0,0.004811353024012467,0.0036051796927399314,0.009395583928584902
lunarlander,pg,random,23,4.0,4.0,2.0,0.0029821328024867448,0.0014921401055270438,1.2121287310318056
lunarlander,pg,random,23,8.0,8.0,4.0,0.009280117222750345,0.0036589392444272583,1.827671562523259
lunarlander,pg,random,23,12.0,12.0,4.0,0.005092523971695392,0.003216763773099554,0.8653195590452254
lunarlander,pg,random,23,16.0,12.0,4.0,0.005092523971695392,0.003216763773099554,0.8653195590452254
lunarlander,ppo,random,23,4.0,4.0,2.0,0.008022635660835633,0.006348861288371449,1.702629377707111
lunarlander,ppo,random,23,8.0,8.0,2.0,0.007164846005677497,0.004574156228722424,1.3831057722635178
lunarlander,ppo,random,23,12.0,12.0,2.0,0.003826432754071952,0.0029005939326397574,1.7113505851586193
lunarlander,ppo,random,23,16.0,12.0,2.0,0.003826432754071952,0.0029005939326397574,1.7113505851586193
queue,dqn,heuristic,11,4.0,1.0,1.0,0.6931471805306211,0.6931471805306211,56.31046056283073
queue,dqn,heuristic,11,8.0,5.0,1.0,0.6931471805306211,0.6931471805306211,53.07913117446944
queue,dqn,heuristic,11,12.0,5.0,1.0,0.6931471805306211,0.6931471805306211,53.07913117446944
queue,dqn,heuristic,11,16.0,5.0,1.0,0.6931471805306211,0.6931471805306211,53.07913117446944
queue,dqn,pg,11,4.0,1.0,1.0,0.6731006430512825,0.6731006430512825,52.81559413570044
queue,dqn,pg,11,8.0,1.0,1.0,0.6731006430512825,0.6731006430512825,52.81559413570044
queue,dqn,pg,11,12.0,1.0,1.0,0.6731006430512825,0.6731006430512825,52.81559413570044
queue,dqn,pg,11,16.0,1.0,1.0,0.6731006430512825,0.6731006430512825,52.81559413570044
queue,dqn,ppo,11,4.0,4.0,3.0,0.03225222520974973,0.01229572015528306,7.6786442967343245
queue,dqn,ppo,11,8.0,8.0,4.0,0.014067039400261837,0.006427112977923209,2.890624502928066
queue,dqn,ppo,11,12.0,12.0,7.0,0.014067039400261837,0.009343664935391596,2.890624502928066
queue,dqn,ppo,11,16.0,12.0,7.0,0.014067039400261837,0.009343664935391596,2.890624502928066
queue,dqn,random,11,4.0,1.0,1.0,0.30798412044108275,0.30798412044108275,21.058511391487855
queue,dqn,random,11,8.0,1.0,1.0,0.30798412044108275,0.30798412044108275,21.058511391487855
queue,dqn,random,11,12.0,1.0,1.0,0.30798412044108275,0.30798412044108275,21.058511391487855
queue,dqn,random,11,16.0,1.0,1.0,0.30798412044108275,0.30798412044108275,21.058511391487855
queue,heuristic,pg,11,4.0,4.0,1.0,0.6650964125228465,0.6650964125228465,3.3968332742359166
queue,heuristic,pg,11,8.0,6.0,1.0,0.6650964125228465,0.6650964125228465,3.3968332742359166
queue,heuristic,pg,11,12.0,6.0,1.0,0.6650964125228465,0.6650964125228465,3.3968332742359166
queue,heuristic,pg,11,16.0,6.0,1.0,0.6650964125228465,0.6650964125228465,3.3968332742359166
queue,heuristic,ppo,11,4.0,4.0,1.0,0.6650964125341843,0.6650964125341843,53.07120382399725
queue,heuristic,ppo,11,8.0,5.0,1.0,0.6650964125341843,0.6650964125341843,53.07120382399725
queue,heuristic,ppo,11,12.0,5.0,1.0,0.6650964125341843,0.6650964125341843,53.07120382399725
queue,heuristic,ppo,11,16.0,5.0,1.0,0.6650964125341843,0.6650964125341843,53.07120382399725
queue,heuristic,random,11,4.0,1.0,1.0,0.34323822023418116,0.34323822023418116,35.25194917134287
queue,heuristic,random,11,8.0,1.0,1.0,0.34323822023418116,0.34323822023418116,35.25194917134287
queue,heuristic,random,11,12.0,1.0,1.0,0.34323822023418116,0.34323822023418116,35.25194917134287
queue,heuristic,random,11,16.0,1.0,1.0,0.34323822023418116,0.34323822023418116,35.25194917134287
queue,pg,ppo,11,4.0,1.0,1.0,0.5715855496129736,0.5715855496129736,52.545415761379886
queue,pg,ppo,11,8.0,5.0,1.0,0.6582149415626252,0.6582149415626252,49.674370549761335
queue,pg,ppo,11,12.0,5.0,1.0,0.6582149415626252,0.6582149415626252,49.674370549761335
queue,pg,ppo,11,16.0,5.0,1.0,0.6582149415626252,0.6582149415626252,49.674370549761335
queue,pg,random,11,4.0,1.0,1.0,0.2568723307350318,0.2568723307350318,31.757082744212582
queue,pg,random,11,8.0,1.0,1.0,0.2568723307350318,0.2568723307350318,31.757082744212582
queue,pg,random,11,12.0,1.0,1.0,0.2568723307350318,0.2568723307350318,31.757082744212582
queue,pg,random,11,16.0,1.0,1.0,0.2568723307350318,0.2568723307350318,31.757082744212582
queue,ppo,random,11,4.0,4.0,1.0,0.06308555070857605,0.06308555070857605,9.45007033667114
queue,ppo,random,11,8.0,8.0,1.0,0.06317766797255778,0.06317766797255778,5.251474966130846
queue,ppo,random,11,12.0,9.0,1.0,0.06317766797255778,0.06317766797255778,5.251474966130846
queue,ppo,random,11,16.0,9.0,1.0,0.06317766797255778,0.06317766797255778,5.251474966130846
queue,dqn,heuristic,13,4.0,4.0,1.0,0.6931471805306211,0.6931471805306211,48.29956488010979
queue,dqn,heuristic,13,8.0,6.0,1.0,0.6931471805306211,0.6931471805306211,48.29956488010979
queue,dqn,heuristic,13,12.0,6.0,1.0,0.6931471805306211,0.6931471805306211,48.29956488010979
queue,dqn,heuristic,13,16.0,6.0,1.0,0.6931471805306211,0.6931471805306211,48.29956488010979
queue,dqn,pg,13,4.0,1.0,1.0,0.6774118281720034,0.6774118281720034,51.70869572610127
queue,dqn,pg,13,8.0,6.0,1.0,0.6931471805306211,0.6931471805306211,46.24906833161639
queue,dqn,pg,13,12.0,6.0,1.0,0.6931471805306211,0.6931471805306211,46.24906833161639
queue,dqn,pg,13,16.0,6.0,1.0,0.6931471805306211,0.6931471805306211,46.24906833161639
queue,dqn,ppo,13,4.0,4.0,3.0,0.01267927252600712,0.004226424175335706,3.0776085835494023
queue,dqn,ppo,13,8.0,8.0,5.0,0.014067039388599399,0.007016339030518625,2.819639371525003
queue,dqn,ppo,13,12.0,12.0,6.0,0.006981977702956475,0.0023273259009854914,0.0
queue,dqn,ppo,13,16.0,12.0,6.0,0.006981977702956475,0.0023273259009854914,0.0
queue,dqn,random,13,4.0,1.0,1.0,0.32279884703933026,0.32279884703933026,20.524145601040573
queue,dqn,random,13,8.0,1.0,1.0,0.32279884703933026,0.32279884703933026,20.524145601040573
queue,dqn,random,13,12.0,1.0,1.0,0.32279884703933026,0.32279884703933026,20.524145601040573
queue,dqn,random,13,16.0,1.0,1.0,0.32279884703933026,0.32279884703933026,20.524145601040573
queue,heuristic,pg,13,4.0,4.0,3.0,0.0,0.0,17.454153695490106
queue,heuristic,pg,13,8.0,8.0,4.0,0.0,0.0,17.942804789921837
queue,heuristic,pg,13,12.0,12.0,5.0,0.0,0.0,2.6939243184352364
queue,heuristic,pg,13,16.0,12.0,5.0,0.0,0.0,2.6939243184352364
queue,heuristic,ppo,13,4.0,4.0,1.0,0.6931471805306211,0.6931471805306211,48.29956488010979
queue,heuristic,ppo,13,8.0,6.0,1.0,0.6931471805306211,0.6931471805306211,48.29956488010979
queue,heuristic,ppo,13,12.0,6.0,1.0,0.6931471805306211,0.6931471805306211,48.29956488010979
queue,heuristic,ppo,13,16.0,6.0,1.0,0.6931471805306211,0.6931471805306211,48.29956488010979
queue,heuristic,random,13,4.0,1.0,1.0,0.3023812825480017,0.3023812825480017,32.39239880504232
queue,heuristic,random,13,8.0,1.0,1.0,0.3023812825480017,0.3023812825480017,32.39239880504232
queue,heuristic,random,13,12.0,1.0,1.0,0.3023812825480017,0.3023812825480017,32.39239880504232
queue,heuristic,random,13,16.0,1.0,1.0,0.3023812825480017,0.3023812825480017,32.39239880504232
queue,pg,ppo,13,4.0,4.0,1.0,0.6931471805306211,0.6931471805306211,46.24906833161639
queue,pg,ppo,13,8.0,5.0,1.0,0.6931471805306211,0.6931471805306211,46.24906833161639
queue,pg,ppo,13,12.0,5.0,1.0,0.6931471805306211,0.6931471805306211,46.24906833161639
queue,pg,ppo,13,16.0,5.0,1.0,0.6931471805306211,0.6931471805306211,46.24906833161639
queue,pg,random,13,4.0,1.0,1.0,0.29034794183615825,0.29034794183615825,31.184550125060696
queue,pg,random,13,8.0,1.0,1.0,0.29034794183615825,0.29034794183615825,31.184550125060696
queue,pg,random,13,12.0,1.0,1.0,0.29034794183615825,0.29034794183615825,31.184550125060696
queue,pg,random,13,16.0,1.0,1.0,0.29034794183615825,0.29034794183615825,31.184550125060696
queue,ppo,random,13,4.0,3.0,1.0,0.08890423500050285,0.08890423500050285,24.069055456857217
queue,ppo,random,13,8.0,8.0,1.0,0.08298536125009347,0.08298536125009347,1.4101719394208798
queue,ppo,random,13,12.0,10.0,1.0,0.08298536125009347,0.08298536125009347,1.4101719394208798
queue,ppo,random,13,16.0,10.0,1.0,0.08298536125009347,0.08298536125009347,1.4101719394208798
queue,dqn,heuristic,17,4.0,4.0,1.0,0.6931471805193063,0.6931471805193063,16.23889343729128
queue,dqn,heuristic,17,8.0,8.0,1.0,0.693147180530621,0.693147180530621,0.02019926011752382
queue,dqn,heuristic,17,12.0,9.0,1.0,0.693147180530621,0.693147180530621,0.02019926011752382
queue,dqn,heuristic,17,16.0,9.0,1.0,0.693147180530621,0.693147180530621,0.02019926011752382
queue,dqn,pg,17,4.0,2.0,1.0,0.016422982611317208,0.016422982611317208,31.00531463296514
queue,dqn,pg,17,8.0,2.0,1.0,0.016422982611317208,0.016422982611317208,31.00531463296514
queue,dqn,pg,17,12.0,2.0,1.0,0.016422982611317208,0.016422982611317208,31.00531463296514
queue,dqn,pg,17,16.0,2.0,1.0,0.016422982611317208,0.016422982611317208,31.00531463296514
queue,dqn,ppo,17,4.0,4.0,2.0,0.6862157087257319,0.559886875919011,10.706700686964908
queue,dqn,ppo,17,8.0,7.0,1.0,0.6862157087257319,0.6862157087257319,10.706700686964908
queue,dqn,ppo,17,12.0,7.0,1.0,0.6862157087257319,0.6862157087257319,10.706700686964908
queue,dqn,ppo,17,16.0,7.0,1.0,0.6862157087257319,0.6862157087257319,10.706700686964908
queue,dqn,random,17,4.0,1.0,1.0,0.26733960275897367,0.26733960275897367,25.80167355290891
queue,dqn,random,17,8.0,1.0,1.0,0.26733960275897367,0.26733960275897367,25.80167355290891
queue,dqn,random,17,12.0,1.0,1.0,0.26733960275897367,0.26733960275897367,25.80167355290891
queue,dqn,random,17,16.0,1.0,1.0,0.26733960275897367,0.26733960275897367,25.80167355290891
queue,heuristic,pg,17,4.0,1.0,1.0,0.6773951475063625,0.6773951475063625,33.71543844421012
queue,heuristic,pg,17,8.0,1.0,1.0,0.6773951475063625,0.6773951475063625,33.71543844421012
queue,heuristic,pg,17,12.0,1.0,1.0,0.6773951475063625,0.6773951475063625,33.71543844421012
queue,heuristic,pg,17,16.0,1.0,1.0,0.6773951475063625,0.6773951475063625,33.71543844421012
queue,heuristic,ppo,17,4.0,4.0,3.0,0.01645218653477986,0.0070290405969597345,0.47191274522345594
queue,heuristic,ppo,17,8.0,8.0,5.0,0.0034782987580707367,0.0019314544982900357,5.532192750326374
queue,heuristic,ppo,17,12.0,12.0,9.0,0.006981977702956474,0.004654651801970983,4.5538782761830845
queue,heuristic,ppo,17,16.0,12.0,9.0,0.006981977702956474,0.004654651801970983,4.5538782761830845
queue,heuristic,random,17,4.0,1.0,1.0,0.30573423670402555,0.30573423670402555,32.15456654118887
queue,heuristic,random,17,8.0,1.0,1.0,0.30573423670402555,0.30573423670402555,32.15456654118887
queue,heuristic,random,17,12.0,1.0,1.0,0.30573423670402555,0.30573423670402555,32.15456654118887
queue,heuristic,random,17,16.0,1.0,1.0,0.30573423670402555,0.30573423670402555,32.15456654118887
queue,pg,ppo,17,4.0,4.0,1.0,0.2576889385390765,0.2576889385390765,18.85003192664326
queue,pg,ppo,17,8.0,8.0,1.0,0.28171769760074095,0.28171769760074095,0.3134476125430279
queue,pg,ppo,17,12.0,12.0,1.0,0.28171769760074095,0.28171769760074095,0.3134476125430279
queue,pg,ppo,17,16.0,12.0,1.0,0.28171769760074095,0.28171769760074095,0.3134476125430279
queue,pg,random,17,4.0,4.0,2.0,0.12327620290873668,0.10771064440069233,15.578837707083899
queue,pg,random,17,8.0,5.0,1.0,0.08084231787093712,0.08084231787093712,4.775953002791155
queue,pg,random,17,12.0,5.0,1.0,0.08084231787093712,0.08084231787093712,4.775953002791155
queue,pg,random,17,16.0,5.0,1.0,0.08084231787093712,0.08084231787093712,4.775953002791155
queue,ppo,random,17,4.0,4.0,1.0,0.0504343855945916,0.0504343855945916,25.677652262647946
queue,ppo,random,17,8.0,8.0,1.0,0.030540256324072538,0.030540256324072538,0.5697049760541049
queue,ppo,random,17,12.0,12.0,1.0,0.030540256324072538,0.030540256324072538,0.5697049760541049
queue,ppo,random,17,16.0,12.0,1.0,0.030540256324072538,0.030540256324072538,0.5697049760541049
queue,dqn,heuristic,19,4.0,4.0,2.0,0.028559461837124146,0.014279730918562073,43.26946860718671
queue,dqn,heuristic,19,8.0,8.0,2.0,0.0,0.0,21.191196763881067
queue,dqn,heuristic,19,12.0,12.0,2.0,0.0,0.0,38.01065750854403
queue,dqn,heuristic,19,16.0,12.0,2.0,0.0,0.0,38.01065750854403
queue,dqn,pg,19,4.0,4.0,1.0,0.6931471805176951,0.6931471805176951,50.328004647443564
queue,dqn,pg,19,8.0,4.0,1.0,0.6931471805176951,0.6931471805176951,50.328004647443564
queue,dqn,pg,19,12.0,4.0,1.0,0.6931471805176951,0.6931471805176951,50.328004647443564
queue,dqn,pg,19,16.0,4.0,1.0,0.6931471805176951,0.6931471805176951,50.328004647443564
queue,dqn,ppo,19,4.0,4.0,3.0,0.194304462253945,0.06535166664225252,2.1811117588940867
queue,dqn,ppo,19,8.0,8.0,4.0,0.0017505376728125773,0.0005835125576041924,0.01184500466853411
queue,dqn,ppo,19,12.0,12.0,2.0,0.0,0.0,0.0
queue,dqn,ppo,19,16.0,12.0,2.0,0.0,0.0,0.0
queue,dqn,random,19,4.0,2.0,1.0,0.3086746216303099,0.3086746216303099,61.01655827339415
queue,dqn,random,19,8.0,5.0,1.0,0.24816046269851944,0.24816046269851944,4.783988106123346
queue,dqn,random,19,12.0,5.0,1.0,0.24816046269851944,0.24816046269851944,4.783988106123346
queue,dqn,random,19,16.0,5.0,1.0,0.24816046269851944,0.24816046269851944,4.783988106123346
queue,heuristic,pg,19,4.0,4.0,1.0,0.693147180530621,0.693147180530621,0.4982516520643543
queue,heuristic,pg,19,8.0,7.0,1.0,0.693147180530621,0.693147180530621,0.4982516520643543
queue,heuristic,pg,19,12.0,7.0,1.0,0.693147180530621,0.693147180530621,0.4982516520643543
queue,heuristic,pg,19,16.0,7.0,1.0,0.693147180530621,0.693147180530621,0.4982516520643543
queue,heuristic,ppo,19,4.0,4.0,1.0,0.6931471805306211,0.6931471805306211,52.0108647542733
queue,heuristic,ppo,19,8.0,5.0,1.0,0.6931471805306211,0.6931471805306211,52.0108647542733
queue,heuristic,ppo,19,12.0,5.0,1.0,0.6931471805306211,0.6931471805306211,52.0108647542733
queue,heuristic,ppo,19,16.0,5.0,1.0,0.6931471805306211,0.6931471805306211,52.0108647542733
queue,heuristic,random,19,4.0,1.0,1.0,0.30461368649013926,0.30461368649013926,36.35655140731616
queue,heuristic,random,19,8.0,1.0,1.0,0.30461368649013926,0.30461368649013926,36.35655140731616
queue,heuristic,random,19,12.0,1.0,1.0,0.30461368649013926,0.30461368649013926,36.35655140731616
queue,heuristic,random,19,16.0,1.0,1.0,0.30461368649013926,0.30461368649013926,36.35655140731616
queue,pg,ppo,19,4.0,4.0,1.0,0.6931471805306211,0.6931471805306211,52.509116406337654
queue,pg,ppo,19,8.0,6.0,1.0,0.6931471805306211,0.6931471805306211,52.509116406337654
queue,pg,ppo,19,12.0,6.0,1.0,0.6931471805306211,0.6931471805306211,52.509116406337654
queue,pg,ppo,19,16.0,6.0,1.0,0.6931471805306211,0.6931471805306211,52.509116406337654
queue,pg,random,19,4.0,1.0,1.0,0.3101098882895756,0.3101098882895756,33.750933185129924
queue,pg,random,19,8.0,1.0,1.0,0.3101098882895756,0.3101098882895756,33.750933185129924
queue,pg,random,19,12.0,1.0,1.0,0.3101098882895756,0.3101098882895756,33.750933185129924
queue,pg,random,19,16.0,1.0,1.0,0.3101098882895756,0.3101098882895756,33.750933185129924
queue,ppo,random,19,4.0,1.0,1.0,0.3214244489825614,0.3214244489825614,20.778402964903563
queue,ppo,random,19,8.0,1.0,1.0,0.3214244489825614,0.3214244489825614,20.778402964903563
queue,ppo,random,19,12.0,1.0,1.0,0.3214244489825614,0.3214244489825614,20.778402964903563
queue,ppo,random,19,16.0,1.0,1.0,0.3214244489825614,0.3214244489825614,20.778402964903563
queue,dqn,heuristic,23,4.0,3.0,1.0,0.6931471805306211,0.6931471805306211,56.93561500360277
queue,dqn,heuristic,23,8.0,5.0,1.0,0.6931471805306211,0.6931471805306211,56.93561500360277
queue,dqn,heuristic,23,12.0,5.0,1.0,0.6931471805306211,0.6931471805306211,56.93561500360277
queue,dqn,heuristic,23,16.0,5.0,1.0,0.6931471805306211,0.6931471805306211,56.93561500360277
queue,dqn,pg,23,4.0,4.0,1.0,0.014067039400261837,0.014067039400261837,45.90797001861987
queue,dqn,pg,23,8.0,8.0,1.0,0.014067039400261837,0.014067039400261837,5.105216162592754
queue,dqn,pg,23,12.0,12.0,1.0,0.014067039400261837,0.014067039400261837,0.07260799860659262
queue,dqn,pg,23,16.0,12.0,1.0,0.014067039400261837,0.014067039400261837,0.07260799860659262
queue,dqn,ppo,23,4.0,1.0,1.0,0.4637738155918985,0.4637738155918985,37.139229141739676
queue,dqn,ppo,23,8.0,1.0,1.0,0.4637738155918985,0.4637738155918985,37.139229141739676
queue,dqn,ppo,23,12.0,1.0,1.0,0.4637738155918985,0.4637738155918985,37.139229141739676
queue,dqn,ppo,23,16.0,1.0,1.0,0.4637738155918985,0.4637738155918985,37.139229141739676
queue,dqn,random,23,4.0,1.0,1.0,0.35567694753412604,0.35567694753412604,22.889370179234547
queue,dqn,random,23,8.0,1.0,1.0,0.35567694753412604,0.35567694753412604,22.889370179234547
queue,dqn,random,23,12.0,1.0,1.0,0.35567694753412604,0.35567694753412604,22.889370179234547
queue,dqn,random,23,16.0,1.0,1.0,0.35567694753412604,0.35567694753412604,22.889370179234547
queue,heuristic,pg,23,4.0,1.0,1.0,0.6613156705325333,0.6613156705325333,62.126155524500305
queue,heuristic,pg,23,8.0,5.0,1.0,0.6931471805186287,0.6931471805186287,51.830398841010016
queue,heuristic,pg,23,12.0,5.0,1.0,0.6931471805186287,0.6931471805186287,51.830398841010016
queue,heuristic,pg,23,16.0,5.0,1.0,0.6931471805186287,0.6931471805186287,51.830398841010016
queue,heuristic,ppo,23,4.0,1.0,1.0,0.15579444375291535,0.15579444375291535,25.418733488752224
queue,heuristic,ppo,23,8.0,5.0,1.0,0.14000312027571715,0.14000312027571715,27.19790063549118
queue,heuristic,ppo,23,12.0,5.0,1.0,0.14000312027571715,0.14000312027571715,27.19790063549118
queue,heuristic,ppo,23,16.0,5.0,1.0,0.14000312027571715,0.14000312027571715,27.19790063549118
queue,heuristic,random,23,4.0,1.0,1.0,0.3079841204410883,0.3079841204410883,39.668592451257354
queue,heuristic,random,23,8.0,1.0,1.0,0.3079841204410883,0.3079841204410883,39.668592451257354
queue,heuristic,random,23,12.0,1.0,1.0,0.3079841204410883,0.3079841204410883,39.668592451257354
queue,heuristic,random,23,16.0,1.0,1.0,0.3079841204410883,0.3079841204410883,39.668592451257354
queue,pg,ppo,23,4.0,1.0,1.0,0.3461999990555449,0.3461999990555449,36.70742203574808
queue,pg,ppo,23,8.0,1.0,1.0,0.3461999990555449,0.3461999990555449,36.70742203574808
queue,pg,ppo,23,12.0,1.0,1.0,0.3461999990555449,0.3461999990555449,36.70742203574808
queue,pg,ppo,23,16.0,1.0,1.0,0.3461999990555449,0.3461999990555449,36.70742203574808
queue,pg,random,23,4.0,1.0,1.0,0.22722218005836287,0.22722218005836287,22.45756307324295
queue,pg,random,23,8.0,1.0,1.0,0.22722218005836287,0.22722218005836287,22.45756307324295
queue,pg,random,23,12.0,1.0,1.0,0.22722218005836287,0.22722218005836287,22.45756307324295
queue,pg,random,23,16.0,1.0,1.0,0.22722218005836287,0.22722218005836287,22.45756307324295
queue,ppo,random,23,4.0,4.0,1.0,0.026374203903434933,0.026374203903434933,25.004228941662852
queue,ppo,random,23,8.0,8.0,1.0,0.028076028621136246,0.028076028621136246,0.595250723925643
queue,ppo,random,23,12.0,9.0,1.0,0.028076028621136246,0.028076028621136246,0.595250723925643
queue,ppo,random,23,16.0,9.0,1.0,0.028076028621136246,0.028076028621136246,0.595250723925643
traffic,dqn,heuristic,11,4.0,4.0,3.0,0.2049064445280479,0.06830214817601597,35.27417470580812
traffic,dqn,heuristic,11,8.0,8.0,5.0,0.0,0.0,18.328009974321475
traffic,dqn,heuristic,11,12.0,12.0,4.0,0.0,0.0,18.328009974321475
traffic,dqn,heuristic,11,16.0,12.0,4.0,0.0,0.0,18.328009974321475
traffic,dqn,pg,11,4.0,4.0,2.0,0.6931471805193063,0.4533860968652589,89.13852551943921
traffic,dqn,pg,11,8.0,8.0,3.0,0.6931471805306211,0.4660191350649619,47.16192217291058
traffic,dqn,pg,11,12.0,12.0,2.0,0.016781491657981762,0.013056773437107934,0.5277116341274279
traffic,dqn,pg,11,16.0,12.0,2.0,0.016781491657981762,0.013056773437107934,0.5277116341274279
traffic,dqn,ppo,11,4.0,4.0,2.0,0.2620056824696547,0.15645007687762502,38.51078730425638
traffic,dqn,ppo,11,8.0,8.0,1.0,0.062482119992669075,0.062482119992669075,54.37009027042574
traffic,dqn,ppo,11,12.0,10.0,1.0,0.062482119992669075,0.062482119992669075,54.37009027042574
traffic,dqn,ppo,11,16.0,10.0,1.0,0.062482119992669075,0.062482119992669075,54.37009027042574
traffic,dqn,random,11,4.0,4.0,2.0,0.2743584685231797,0.15624527714103129,15.712009974321461
traffic,dqn,random,11,8.0,8.0,1.0,0.011656368244132267,0.011656368244132267,2.8046251718633215
traffic,dqn,random,11,12.0,12.0,1.0,0.009425740029180223,0.009425740029180223,34.68094231785358
traffic,dqn,random,11,16.0,12.0,1.0,0.009425740029180223,0.009425740029180223,34.68094231785358
traffic,heuristic,pg,11,4.0,4.0,3.0,0.6931471805193063,0.6837969245203727,77.25153214723207
traffic,heuristic,pg,11,8.0,8.0,2.0,0.6931471805306211,0.6931471805249637,65.48993214723197
traffic,heuristic,pg,11,12.0,12.0,1.0,0.6439276105579774,0.6439276105579774,4.911179099291122
traffic,heuristic,pg,11,16.0,12.0,1.0,0.6439276105579774,0.6439276105579774,4.911179099291122
traffic,heuristic,ppo,11,4.0,1.0,1.0,0.24507549585585386,0.24507549585585386,13.346368563503518
traffic,heuristic,ppo,11,8.0,1.0,1.0,0.24507549585585386,0.24507549585585386,13.346368563503518
traffic,heuristic,ppo,11,12.0,1.0,1.0,0.24507549585585386,0.24507549585585386,13.346368563503518
traffic,heuristic,ppo,11,16.0,1.0,1.0,0.24507549585585386,0.24507549585585386,13.346368563503518
traffic,heuristic,random,11,4.0,1.0,1.0,0.30798412044108275,0.30798412044108275,2.8976000000000113
traffic,heuristic,random,11,8.0,1.0,1.0,0.30798412044108275,0.30798412044108275,2.8976000000000113
traffic,heuristic,random,11,12.0,1.0,1.0,0.30798412044108275,0.30798412044108275,2.8976000000000113
traffic,heuristic,random,11,16.0,1.0,1.0,0.30798412044108275,0.30798412044108275,2.8976000000000113
traffic,pg,ppo,11,4.0,4.0,1.0,0.14958760463987397,0.14958760463987397,75.42707291081348
traffic,pg,ppo,11,8.0,8.0,1.0,0.14958760463987397,0.14958760463987397,75.42707291081348
traffic,pg,ppo,11,12.0,12.0,2.0,0.1577231501607928,0.1505209903133268,72.34866129217005
traffic,pg,ppo,11,16.0,12.0,2.0,0.1577231501607928,0.1505209903133268,72.34866129217005
traffic,pg,random,11,4.0,4.0,1.0,0.1253680247605753,0.1253680247605753,144.15605270008538
traffic,pg,random,11,8.0,8.0,1.0,0.14781288720274535,0.14781288720274535,54.71073214723208
traffic,pg,random,11,12.0,12.0,2.0,0.16254682095269216,0.1487566136837612,53.76193214723207
traffic,pg,random,11,16.0,12.0,2.0,0.16254682095269216,0.1487566136837612,53.76193214723207
traffic,ppo,random,11,4.0,4.0,2.0,0.029692302012935476,0.021570303070740874,88.97764737299684
traffic,ppo,random,11,8.0,8.0,1.0,0.018478278980216964,0.018478278980216964,4.185949967424563
traffic,ppo,random,11,12.0,12.0,2.0,0.01980880090331508,0.016955257095574383,18.586729144937976
traffic,ppo,random,11,16.0,12.0,2.0,0.01980880090331508,0.016955257095574383,18.586729144937976
traffic,dqn,heuristic,13,4.0,4.0,3.0,0.0,0.0,15.121523442790192
traffic,dqn,heuristic,13,8.0,8.0,7.0,0.0,0.0,14.970666312634819
traffic,dqn,heuristic,13,12.0,12.0,8.0,0.0,0.0,0.0
traffic,dqn,heuristic,13,16.0,12.0,8.0,0.0,0.0,0.0
traffic,dqn,pg,13,4.0,4.0,3.0,0.6801002640319214,0.6615340354971139,40.50390148026975
traffic,dqn,pg,13,8.0,8.0,4.0,0.6931471805306211,0.6931471805267356,38.7172701188926
traffic,dqn,pg,13,12.0,12.0,2.0,0.6931471805306211,0.693147180524793,8.857561060358648
traffic,dqn,pg,13,16.0,12.0,2.0,0.6931471805306211,0.693147180524793,8.857561060358648
traffic,dqn,ppo,13,4.0,4.0,2.0,0.0023160647367994813,0.002026032756118266,44.01443036125407
traffic,dqn,ppo,13,8.0,8.0,5.0,0.006981977702956475,0.0038751101424910517,1.2767999999999802
traffic,dqn,ppo,13,12.0,12.0,4.0,0.0,0.0,13.690666312634903
traffic,dqn,ppo,13,16.0,12.0,4.0,0.0,0.0,13.690666312634903
traffic,dqn,random,13,4.0,1.0,1.0,0.2982440953413815,0.2982440953413815,3.2197995938433905
traffic,dqn,random,13,8.0,1.0,1.0,0.2982440953413815,0.2982440953413815,3.2197995938433905
traffic,dqn,random,13,12.0,1.0,1.0,0.2982440953413815,0.2982440953413815,3.2197995938433905
traffic,dqn,random,13,16.0,1.0,1.0,0.2982440953413815,0.2982440953413815,3.2197995938433905
traffic,heuristic,pg,13,4.0,4.0,3.0,0.6931471805306211,0.6826458251860724,8.724202617332281
traffic,heuristic,pg,13,8.0,8.0,2.0,0.6931471805306211,0.6931471805306211,38.7172701188926
traffic,heuristic,pg,13,12.0,12.0,1.0,0.6931471805306211,0.6931471805306211,8.857561060358648
traffic,heuristic,pg,13,16.0,12.0,1.0,0.6931471805306211,0.6931471805306211,8.857561060358648
traffic,heuristic,ppo,13,4.0,4.0,3.0,0.0034782987580707376,0.0017380998445025962,72.19448570082592
traffic,heuristic,ppo,13,8.0,8.0,5.0,0.006981977702956475,0.0038751101424910517,1.2767999999999802
traffic,heuristic,ppo,13,12.0,12.0,5.0,0.0,0.0,1.2799999999999159
traffic,heuristic,ppo,13,16.0,12.0,5.0,0.0,0.0,1.2799999999999159
traffic,heuristic,random,13,4.0,1.0,1.0,0.3383645623150287,0.3383645623150287,3.1683329271767207
traffic,heuristic,random,13,8.0,1.0,1.0,0.3383645623150287,0.3383645623150287,3.1683329271767207
traffic,heuristic,random,13,12.0,1.0,1.0,0.3383645623150287,0.3383645623150287,3.1683329271767207
traffic,heuristic,random,13,16.0,1.0,1.0,0.3383645623150287,0.3383645623150287,3.1683329271767207
traffic,pg,ppo,13,4.0,4.0,4.0,0.6931471805306211,0.6680782461356597,9.044202617332303
traffic,pg,ppo,13,8.0,8.0,5.0,0.6931471805306211,0.6864650013708329,9.044202617332303
traffic,pg,ppo,13,12.0,12.0,2.0,0.6439276105696726,0.5632947935142558,10.134361060358628
traffic,pg,ppo,13,16.0,12.0,2.0,0.6439276105696726,0.5632947935142558,10.134361060358628
traffic,pg,random,13,4.0,1.0,1.0,0.27288192883325374,0.27288192883325374,11.728086621572572
traffic,pg,random,13,8.0,6.0,1.0,0.17947875225199866,0.17947875225199866,21.97850578890757
traffic,pg,random,13,12.0,6.0,1.0,0.17947875225199866,0.17947875225199866,21.97850578890757
traffic,pg,random,13,16.0,6.0,1.0,0.17947875225199866,0.17947875225199866,21.97850578890757
traffic,ppo,random,13,4.0,1.0,1.0,0.2969271896884279,0.2969271896884279,2.602999593843407
traffic,ppo,random,13,8.0,7.0,1.0,0.23401628491427306,0.23401628491427306,26.298109058534067
traffic,ppo,random,13,12.0,7.0,1.0,0.23401628491427306,0.23401628491427306,26.298109058534067
traffic,ppo,random,13,16.0,7.0,1.0,0.23401628491427306,0.23401628491427306,26.298109058534067
traffic,dqn,heuristic,17,4.0,4.0,2.0,0.2103015330894631,0.10515076654473154,1.6193674881245101
traffic,dqn,heuristic,17,8.0,8.0,5.0,0.6931471805306211,0.6648897514230777,9.38166624663262
traffic,dqn,heuristic,17,12.0,12.0,2.0,0.006981977702956475,0.0034909888514782373,4.520909783621903
traffic,dqn,heuristic,17,16.0,12.0,2.0,0.006981977702956475,0.0034909888514782373,4.520909783621903
traffic,dqn,pg,17,4.0,4.0,1.0,0.5733167962407677,0.5733167962407677,323.3152233985629
traffic,dqn,pg,17,8.0,8.0,2.0,0.6931471805193063,0.683599468000913,41.54151593946332
traffic,dqn,pg,17,12.0,12.0,1.0,0.6740517554825196,0.6740517554825196,75.47320626748149
traffic,dqn,pg,17,16.0,12.0,1.0,0.6740517554825196,0.6740517554825196,75.47320626748149
traffic,dqn,ppo,17,4.0,4.0,2.0,0.01567573699067773,0.008502194954815056,0.7231417052642257
traffic,dqn,ppo,17,8.0,8.0,5.0,0.05740968547221094,0.023172815463938828,0.7549668210567688
traffic,dqn,ppo,17,12.0,12.0,6.0,0.008630462161534803,0.006363579540854004,6.400000000000034
traffic,dqn,ppo,17,16.0,12.0,6.0,0.008630462161534803,0.006363579540854004,6.400000000000034
traffic,dqn,random,17,4.0,4.0,1.0,0.3342039971500492,0.3342039971500492,17.027611960716172
traffic,dqn,random,17,8.0,8.0,1.0,0.21293764509010746,0.21293764509010746,29.7137533484277
traffic,dqn,random,17,12.0,11.0,1.0,0.17804892095784539,0.17804892095784539,0.803997893894234
traffic,dqn,random,17,16.0,11.0,1.0,0.17804892095784539,0.17804892095784539,0.803997893894234
traffic,heuristic,pg,17,4.0,4.0,2.0,0.6788842486793063,0.6614059296244895,64.84708799407375
traffic,heuristic,pg,17,8.0,8.0,2.0,0.6650964125341844,0.6545120115519285,50.92318218609594
traffic,heuristic,pg,17,12.0,12.0,1.0,0.6931471805306211,0.6931471805306211,5.6540951246437245
traffic,heuristic,pg,17,16.0,12.0,1.0,0.6931471805306211,0.6931471805306211,5.6540951246437245
traffic,heuristic,ppo,17,4.0,4.0,3.0,0.6931471805193063,0.6744466685255605,65.09864731957637
traffic,heuristic,ppo,17,8.0,8.0,2.0,0.6650964125341844,0.654512011546081,9.808866246632647
traffic,heuristic,ppo,17,12.0,12.0,2.0,0.6931471805189648,0.6685373955384711,0.09664312309709189
traffic,heuristic,ppo,17,16.0,12.0,2.0,0.6931471805189648,0.6685373955384711,0.09664312309709189
traffic,heuristic,random,17,4.0,4.0,1.0,0.3347460435251557,0.3347460435251557,30.99592815580064
traffic,heuristic,random,17,8.0,4.0,1.0,0.3347460435251557,0.3347460435251557,30.99592815580064
traffic,heuristic,random,17,12.0,4.0,1.0,0.3347460435251557,0.3347460435251557,30.99592815580064
traffic,heuristic,random,17,16.0,4.0,1.0,0.3347460435251557,0.3347460435251557,30.99592815580064
traffic,pg,ppo,17,4.0,4.0,1.0,0.2852938016401697,0.2852938016401697,59.951411977345856
traffic,pg,ppo,17,8.0,8.0,2.0,0.6862157087257319,0.658240194510167,41.114315939463296
traffic,pg,ppo,17,12.0,12.0,2.0,0.6439276105696726,0.6370961454321373,5.750738247740816
traffic,pg,ppo,17,16.0,12.0,2.0,0.6439276105696726,0.6370961454321373,5.750738247740816
traffic,pg,random,17,4.0,4.0,1.0,0.23338478944309812,0.23338478944309812,79.95982393806207
traffic,pg,random,17,8.0,6.0,1.0,0.23338478944309812,0.23338478944309812,79.95982393806207
traffic,pg,random,17,12.0,6.0,1.0,0.23338478944309812,0.23338478944309812,79.95982393806207
traffic,pg,random,17,16.0,6.0,1.0,0.23338478944309812,0.23338478944309812,79.95982393806207
traffic,ppo,random,17,4.0,4.0,1.0,0.0505286669962177,0.0505286669962177,5.026819482762676
traffic,ppo,random,17,8.0,8.0,2.0,0.08579894847323866,0.05924725636830595,4.550329181903351
traffic,ppo,random,17,12.0,12.0,2.0,0.08579894847323866,0.05505970818188631,4.550329181903351
traffic,ppo,random,17,16.0,12.0,2.0,0.08579894847323866,0.05505970818188631,4.550329181903351
traffic,dqn,heuristic,19,4.0,4.0,3.0,0.004643352724516681,0.0034792387397956336,68.2573131199531
traffic,dqn,heuristic,19,8.0,8.0,3.0,0.004643352724516681,0.0027072171608624727,8.658133333333296
traffic,dqn,heuristic,19,12.0,12.0,3.0,0.006981977702956475,0.0023273259009854914,8.479999999999848
traffic,dqn,heuristic,19,16.0,12.0,3.0,0.006981977702956475,0.0023273259009854914,8.479999999999848
traffic,dqn,pg,19,4.0,4.0,2.0,0.66530035022152,0.6479053155593006,127.15979008680407
traffic,dqn,pg,19,8.0,8.0,1.0,0.6439276105579774,0.6439276105579774,81.77238182421712
traffic,dqn,pg,19,12.0,11.0,1.0,0.6439276105579774,0.6439276105579774,81.77238182421712
traffic,dqn,pg,19,16.0,11.0,1.0,0.6439276105579774,0.6439276105579774,81.77238182421712
traffic,dqn,ppo,19,4.0,4.0,3.0,0.011568298920767137,0.005691279079696531,9.905854014209865
traffic,dqn,ppo,19,8.0,8.0,4.0,0.018849267319006713,0.009475542712179784,11.197784634362407
traffic,dqn,ppo,19,12.0,12.0,3.0,0.0034782987580707376,0.001742945476961105,3.3106098274296585
traffic,dqn,ppo,19,16.0,12.0,3.0,0.0034782987580707376,0.001742945476961105,3.3106098274296585
traffic,dqn,random,19,4.0,4.0,2.0,0.1800935580339943,0.1567426301216927,5.643200000000064
traffic,dqn,random,19,8.0,8.0,2.0,0.1800935580339943,0.16236227170220607,5.643200000000064
traffic,dqn,random,19,12.0,12.0,1.0,0.14463098537041782,0.14463098537041782,0.7452176886120689
traffic,dqn,random,19,16.0,12.0,1.0,0.14463098537041782,0.14463098537041782,0.7452176886120689
traffic,heuristic,pg,19,4.0,4.0,1.0,0.6439276105579774,0.6439276105579774,101.57886822173907
traffic,heuristic,pg,19,8.0,8.0,3.0,0.6931471805306211,0.676740657202635,5.889723702620902
traffic,heuristic,pg,19,12.0,12.0,1.0,0.6931471805306211,0.6931471805306211,5.889723702620902
traffic,heuristic,pg,19,16.0,12.0,1.0,0.6931471805306211,0.6931471805306211,5.889723702620902
traffic,heuristic,ppo,19,4.0,4.0,3.0,0.0,0.0,71.40881398663306
traffic,heuristic,ppo,19,8.0,8.0,5.0,0.0,0.0,0.160000000000025
traffic,heuristic,ppo,19,12.0,12.0,8.0,0.0,0.0,0.16000000000008185
traffic,heuristic,ppo,19,16.0,12.0,8.0,0.0,0.0,0.16000000000008185
traffic,heuristic,random,19,4.0,4.0,1.0,0.2870686011164,0.2870686011164,27.876886397521787
traffic,heuristic,random,19,8.0,6.0,1.0,0.2870686011163958,0.2870686011163958,28.13128639752182
traffic,heuristic,random,19,12.0,6.0,1.0,0.2870686011163958,0.2870686011163958,28.13128639752182
traffic,heuristic,random,19,16.0,6.0,1.0,0.2870686011163958,0.2870686011163958,28.13128639752182
traffic,pg,ppo,19,4.0,4.0,2.0,0.6931471805198524,0.6397806035820023,49.82082213720267
traffic,pg,ppo,19,8.0,8.0,3.0,0.6931471805306211,0.676740657202635,5.889723702620902
traffic,pg,ppo,19,12.0,12.0,1.0,0.6931471805306211,0.6931471805306211,5.889723702620902
traffic,pg,ppo,19,16.0,12.0,1.0,0.6931471805306211,0.6931471805306211,5.889723702620902
traffic,pg,random,19,4.0,4.0,1.0,0.2159625604118481,0.2159625604118481,34.284295426695564
traffic,pg,random,19,8.0,4.0,1.0,0.2159625604118481,0.2159625604118481,34.284295426695564
traffic,pg,random,19,12.0,4.0,1.0,0.2159625604118481,0.2159625604118481,34.284295426695564
traffic,pg,random,19,16.0,4.0,1.0,0.2159625604118481,0.2159625604118481,34.284295426695564
traffic,ppo,random,19,4.0,4.0,1.0,0.2522852202113072,0.2522852202113072,0.31359999999995125
traffic,ppo,random,19,8.0,6.0,1.0,0.2870686011163958,0.2870686011163958,27.97128639752185
traffic,ppo,random,19,12.0,6.0,1.0,0.2870686011163958,0.2870686011163958,27.97128639752185
traffic,ppo,random,19,16.0,6.0,1.0,0.2870686011163958,0.2870686011163958,27.97128639752185
traffic,dqn,heuristic,23,4.0,4.0,4.0,0.0,0.0,46.61218856449581
traffic,dqn,heuristic,23,8.0,8.0,5.0,0.0,0.0,0.0
traffic,dqn,heuristic,23,12.0,12.0,8.0,0.0,0.0,0.0
traffic,dqn,heuristic,23,16.0,12.0,8.0,0.0,0.0,0.0
traffic,dqn,pg,23,4.0,4.0,1.0,0.6931471805186286,0.6931471805186286,96.22980419310596
traffic,dqn,pg,23,8.0,8.0,2.0,0.6931471805306211,0.6931471805246248,47.55359290228543
traffic,dqn,pg,23,12.0,12.0,1.0,0.6931471805189648,0.6931471805189648,5.008448974785573
traffic,dqn,pg,23,16.0,12.0,1.0,0.6931471805189648,0.6931471805189648,5.008448974785573
traffic,dqn,ppo,23,4.0,4.0,3.0,0.6931471805183991,0.6648897514107109,42.204755218941045
traffic,dqn,ppo,23,8.0,8.0,2.0,0.6931471805183647,0.693147180518334,6.0701391653365135
traffic,dqn,ppo,23,12.0,12.0,1.0,0.6931471805183034,0.6931471805183034,0.07049861850452999
traffic,dqn,ppo,23,16.0,12.0,1.0,0.6931471805183034,0.6931471805183034,0.07049861850452999
traffic,dqn,random,23,4.0,1.0,1.0,0.35567694753412604,0.35567694753412604,2.018245987671122
traffic,dqn,random,23,8.0,1.0,1.0,0.35567694753412604,0.35567694753412604,2.018245987671122
traffic,dqn,random,23,12.0,1.0,1.0,0.35567694753412604,0.35567694753412604,2.018245987671122
traffic,dqn,random,23,16.0,1.0,1.0,0.35567694753412604,0.35567694753412604,2.018245987671122
traffic,heuristic,pg,23,4.0,4.0,1.0,0.6931471805186286,0.6931471805186286,96.22980419310596
traffic,heuristic,pg,23,8.0,8.0,2.0,0.6931471805306211,0.6931471805246248,47.55359290228543
traffic,heuristic,pg,23,12.0,12.0,1.0,0.6931471805189648,0.6931471805189648,5.008448974785573
traffic,heuristic,pg,23,16.0,12.0,1.0,0.6931471805189648,0.6931471805189648,5.008448974785573
traffic,heuristic,ppo,23,4.0,4.0,3.0,0.6931471805183991,0.6648897514107109,42.204755218941045
traffic,heuristic,ppo,23,8.0,8.0,2.0,0.6931471805183647,0.693147180518334,6.0701391653365135
traffic,heuristic,ppo,23,12.0,12.0,1.0,0.6931471805183034,0.6931471805183034,0.07049861850452999
traffic,heuristic,ppo,23,16.0,12.0,1.0,0.6931471805183034,0.6931471805183034,0.07049861850452999
traffic,heuristic,random,23,4.0,1.0,1.0,0.35567694753412604,0.35567694753412604,2.018245987671122
traffic,heuristic,random,23,8.0,1.0,1.0,0.35567694753412604,0.35567694753412604,2.018245987671122
traffic,heuristic,random,23,12.0,1.0,1.0,0.35567694753412604,0.35567694753412604,2.018245987671122
traffic,heuristic,random,23,16.0,1.0,1.0,0.35567694753412604,0.35567694753412604,2.018245987671122
traffic,pg,ppo,23,4.0,4.0,1.0,0.06395650458043738,0.06395650458043738,58.15354950412626
traffic,pg,ppo,23,8.0,8.0,2.0,0.46899020733811225,0.2664733559592748,67.27505070751204
traffic,pg,ppo,23,12.0,12.0,2.0,0.46899020733811225,0.2644250883865183,67.27505070751204
traffic,pg,ppo,23,16.0,12.0,2.0,0.46899020733811225,0.2644250883865183,67.27505070751204
traffic,pg,random,23,4.0,4.0,1.0,0.08840269460842692,0.08840269460842692,42.04508131340782
traffic,pg,random,23,8.0,8.0,2.0,0.09485102448800639,0.0828486132981258,58.19975208900746
traffic,pg,random,23,12.0,12.0,2.0,0.09485102448800639,0.08152610088381468,58.19975208900746
traffic,pg,random,23,16.0,12.0,2.0,0.09485102448800639,0.08152610088381468,58.19975208900746
traffic,ppo,random,23,4.0,4.0,2.0,0.052039306372807195,0.028370475677164046,45.62284046745121
traffic,ppo,random,23,8.0,8.0,2.0,0.1650058384430107,0.08881376383714122,3.7440986185045517
traffic,ppo,random,23,12.0,12.0,2.0,0.01911554073020897,0.013322244574365408,3.334507994653393
traffic,ppo,random,23,16.0,12.0,2.0,0.01911554073020897,0.013322244574365408,3.334507994653393
