env,policy,seed,t,q,mu,sigma,rho,a,action_label,p0,p1,p2,r,state_delta,intervention_active,intervention_start,intervention_name
traffic,heuristic,13,0,22.0,18.196090485551743,1.768625727390696,0.275,2,balanced,0.0,0.0,1.0,-2.0448661657225045,8.828561313607342,0.0,0.0,none
traffic,heuristic,13,1,29.02174821707109,21.489629938907395,5.985667441109471,0.36277185271338863,2,balanced,0.0,0.0,1.0,-3.0027408589450375,13.610019242331328,0.0,0.0,none
traffic,heuristic,13,2,41.64784021503195,25.392538746942122,9.234793227872268,0.5205980026878994,2,balanced,0.0,0.0,1.0,-3.840133084156246,11.665892818922575,0.0,0.0,none
traffic,heuristic,13,3,52.72499644787707,28.98707169189181,9.905483587636974,0.6590624555984633,2,balanced,0.0,0.0,1.0,-4.566451304014023,11.070694775580597,0.0,0.0,none
traffic,heuristic,13,4,63.254964495589746,32.27386190776643,8.978261516304396,0.7906870561948718,2,balanced,0.0,0.0,1.0,-5.784341662487649,18.596529216769305,0.0,0.0,none
traffic,heuristic,13,5,80.36015651491239,37.672031302982475,4.0732375444604365,1.0,2,balanced,0.0,0.0,1.0,-6.480463675584295,12.380322163237839,0.0,0.0,none
traffic,heuristic,13,6,92.57243315244568,38.71013698707492,2.325378058525844,1.0,2,balanced,0.0,0.0,1.0,-7.3273012313906465,10.68581282610144,0.0,0.0,none
traffic,heuristic,13,7,103.23140625601705,38.316713208197015,2.97198911784171,1.0,2,balanced,0.0,0.0,1.0,-8.870034920566383,20.72259415773639,0.0,0.0,none
traffic,heuristic,13,8,123.76805885270791,40.20861248096617,4.994988349373086,1.0,2,balanced,0.0,0.0,1.0,-10.353742242838038,19.80929836885814,0.0,0.0,none
traffic,heuristic,13,9,143.48521112256014,42.04604932539409,5.510773262534949,1.0,2,balanced,0.0,0.0,1.0,-11.804170389874672,19.5638113373181,0.0,0.0,none
traffic,heuristic,13,10,163.03198256184592,42.534365209386706,6.164981134650921,1.0,2,balanced,0.0,0.0,1.0,-12.955901398519925,13.542573692018669,0.0,0.0,none
traffic,heuristic,13,11,176.5492815025509,42.79536967002104,6.949715626629528,1.0,2,balanced,0.0,0.0,1.0,-14.16626861773592,14.757329161023522,0.0,0.0,none
traffic,heuristic,13,12,191.2830305897941,43.61032486675541,6.772939417055017,1.0,2,balanced,0.0,0.0,1.0,-15.250885760260845,13.454674702703858,0.0,0.0,none
traffic,heuristic,13,13,204.64149606991262,42.174687443440945,7.49308979082422,1.0,2,balanced,0.0,0.0,1.0,-15.92134845101173,8.292226719570348,0.0,0.0,none
traffic,heuristic,13,14,212.43944746205142,39.79084726789826,8.999835977833026,1.0,2,balanced,0.0,0.0,1.0,-16.463840332621867,6.5608179794340495,0.0,0.0,none
traffic,heuristic,13,15,218.39846996012585,37.07329747965599,9.386238067801814,1.0,2,balanced,0.0,0.0,1.0,-16.871427849113417,6.220698550871353,0.0,0.0,none
traffic,heuristic,13,16,224.4346359340451,35.57707088629884,9.538214307534362,1.0,2,balanced,0.0,0.0,1.0,-17.723067084387246,11.387781892075065,0.0,0.0,none
traffic,heuristic,13,17,235.79206193551326,34.90180626914383,9.053994585232264,1.0,2,balanced,0.0,0.0,1.0,-18.215950624281426,5.874059865403863,0.0,0.0,none
traffic,heuristic,13,18,241.44999217475032,33.36169922096754,8.70689951117761,1.0,2,balanced,0.0,0.0,1.0,-18.481251719131638,2.6584105943600598,0.0,0.0,none
traffic,heuristic,13,19,242.93626229986165,32.099362967562044,10.51373519456045,1.0,2,balanced,0.0,0.0,1.0,-18.728570154916248,2.512652219146045,0.0,0.0,none
traffic,heuristic,13,20,245.1984045626932,31.35998692051347,11.319623907809172,1.0,2,balanced,0.0,0.0,1.0,-18.444272742867916,5.411057915020894,0.0,0.0,none
traffic,heuristic,13,21,240.60921031820806,29.23491487683259,13.243919299702148,1.0,2,balanced,0.0,0.0,1.0,-18.37172902539308,3.659905732000639,0.0,0.0,none
traffic,heuristic,13,22,238.49940192933315,26.541467998763977,11.944318420821777,1.0,2,balanced,0.0,0.0,1.0,-18.35651826022609,1.6092119531110796,0.0,0.0,none
traffic,heuristic,13,23,238.26105717026957,25.362212999103853,10.875621769924479,1.0,2,balanced,0.0,0.0,1.0,-18.088688510625243,4.898924875024385,0.0,0.0,none
traffic,heuristic,13,24,233.5463790320053,24.122023346428726,11.358534400845572,1.0,2,balanced,0.0,0.0,1.0,-17.93618968660236,3.2624092264037636,0.0,0.0,none
traffic,heuristic,13,25,230.5395753172769,23.06823415091673,10.657126022622066,1.0,2,balanced,0.0,0.0,1.0,-17.610342912538233,4.994323169682266,0.0,0.0,none
traffic,heuristic,13,26,225.5499956276447,22.98815706188733,10.859477459107184,1.0,2,balanced,0.0,0.0,1.0,-17.377846431214966,4.294843018509687,0.0,0.0,none
traffic,heuristic,13,27,221.28866920185402,22.557853454504173,11.1782445401749,1.0,2,balanced,0.0,0.0,1.0,-17.769509222652573,6.493442830002154,0.0,0.0,none
traffic,heuristic,13,28,227.2450996500517,23.79680849595643,13.447765746850404,1.0,2,balanced,0.0,0.0,1.0,-17.962839214758052,3.4710903639465682,0.0,0.0,none
traffic,heuristic,13,29,230.34275797927654,25.359275789454248,13.555826594600042,1.0,2,balanced,0.0,0.0,1.0,-18.374948110067823,3.685463144480271,0.0,0.0,none
traffic,heuristic,13,30,233.67228657454805,26.626542251454236,14.499708810176621,1.0,2,balanced,0.0,0.0,1.0,-18.630936869750215,5.051743871247174,0.0,0.0,none
traffic,heuristic,13,31,238.20255215406814,28.530511305284687,13.32850781899071,1.0,2,balanced,0.0,0.0,1.0,-19.43662901598094,10.696748910258552,0.0,0.0,none
traffic,heuristic,13,32,248.48462226711646,31.439190613052496,12.839574158828729,1.0,2,balanced,0.0,0.0,1.0,-19.78139854444623,4.616055750554509,0.0,0.0,none
traffic,heuristic,13,33,253.0913730213217,31.169254674254,12.95338439475649,1.0,2,balanced,0.0,0.0,1.0,-20.941582369136608,15.97453371542774,0.0,0.0,none
traffic,heuristic,13,34,268.6921383291842,33.669876069981534,15.308961154185102,1.0,2,balanced,0.0,0.0,1.0,-21.89229039877201,11.214129017926584,0.0,0.0,none
traffic,heuristic,13,35,279.7895439392647,35.22345147294334,15.745632453183534,1.0,2,balanced,0.0,0.0,1.0,-23.049200339502757,14.384573960634928,0.0,0.0,none
traffic,heuristic,13,36,294.03640936414206,37.16677144201478,16.15343276242712,1.0,2,balanced,0.0,0.0,1.0,-24.100501125075137,12.50519136143837,0.0,0.0,none
traffic,heuristic,13,37,306.502082640843,37.60349207474532,17.045663581040774,1.0,2,balanced,0.0,0.0,1.0,-25.59414386529766,19.485357778143122,0.0,0.0,none
traffic,heuristic,13,38,325.7637640098056,40.53447819769678,16.769766988331032,1.0,2,balanced,0.0,0.0,1.0,-26.80605026454547,14.962652336693758,0.0,0.0,none
traffic,heuristic,13,39,340.7048416837709,40.40254067091734,17.56207714119407,1.0,2,balanced,0.0,0.0,1.0,-28.12360086967275,17.654719829377036,0.0,0.0,none
traffic,heuristic,13,40,358.3113412285179,41.70435945785063,17.636735567440695,1.0,2,balanced,0.0,0.0,1.0,-29.346733380966437,15.930756896468521,0.0,0.0,none
traffic,heuristic,13,41,374.2327185727142,42.039261841714435,18.068706806500565,1.0,2,balanced,0.0,0.0,1.0,-30.652656745602663,16.923066568838685,0.0,0.0,none
traffic,heuristic,13,42,391.1310247466465,42.92578842116069,17.841768115833908,1.0,2,balanced,0.0,0.0,1.0,-31.547687737000423,11.920700847416283,0.0,0.0,none
traffic,heuristic,13,43,402.92316848108624,41.43188089425614,18.74547998416546,1.0,2,balanced,0.0,0.0,1.0,-32.65360704950353,14.022092684550527,0.0,0.0,none
traffic,heuristic,13,44,416.9261661823293,41.24426489971167,19.452543539793442,1.0,2,balanced,0.0,0.0,1.0,-33.3468780520066,9.47109529374909,0.0,0.0,none
traffic,heuristic,13,45,426.2083500337927,39.57940176105495,20.33057528207292,1.0,2,balanced,0.0,0.0,1.0,-34.456021873844804,15.61598079387975,0.0,0.0,none
traffic,heuristic,13,46,441.824180981361,39.51829248172935,20.36132634336444,1.0,2,balanced,0.0,0.0,1.0,-35.19478950856049,9.716892764210575,0.0,0.0,none
traffic,heuristic,13,47,451.4307542137871,38.05994589342811,20.43190218620073,1.0,2,balanced,0.0,0.0,1.0,-35.88136859883284,10.025573498837524,0.0,0.0,none
traffic,heuristic,13,48,461.44985446582416,37.70533719694757,20.495201416881564,1.0,2,balanced,0.0,0.0,1.0,-36.07877970562562,4.070901945195653,0.0,0.0,none
traffic,heuristic,13,49,464.7023473836366,35.555236240261436,21.665926979528514,1.0,2,balanced,0.0,0.0,1.0,-36.8717489420727,10.148767818643622,0.0,0.0,none
traffic,heuristic,13,50,474.84100048435914,35.72653009011327,22.085283578318464,1.0,2,balanced,0.0,0.0,1.0,-37.12213663795464,5.130877353709826,0.0,0.0,none
traffic,heuristic,13,51,479.2952189178279,33.49420758729339,20.859487180394556,1.0,2,balanced,0.0,0.0,1.0,-37.415824859150526,4.201426870926517,0.0,0.0,none
traffic,heuristic,13,52,483.3460250790371,32.383054173050006,20.95056564145222,1.0,2,balanced,0.0,0.0,1.0,-37.650842111843794,4.443701946500001,0.0,0.0,none
traffic,heuristic,13,53,487.55037670418653,31.22010444767249,20.10353415580639,1.0,2,balanced,0.0,0.0,1.0,-37.93448367406926,3.236568759799581,0.0,0.0,none
traffic,heuristic,13,54,490.7734879857968,31.214228120432047,20.3983162313221,1.0,2,balanced,0.0,0.0,1.0,-38.0005564121071,3.539168577198135,0.0,0.0,none
traffic,heuristic,13,55,493.0762699424454,29.647053891617265,18.2149989354397,1.0,2,balanced,0.0,0.0,1.0,-38.49485005356201,6.943277297690914,0.0,0.0,none
traffic,heuristic,13,56,499.9554648070071,30.13204917783583,19.02157020963895,1.0,2,balanced,0.0,0.0,1.0,-38.67436094097209,3.691898535406412,0.0,0.0,none
traffic,heuristic,13,57,503.62737063021495,30.056269110235565,18.645432199617645,1.0,2,balanced,0.0,0.0,1.0,-38.469904489918605,3.86315460086594,0.0,0.0,none
traffic,heuristic,13,58,500.5175967751694,28.593444014196574,20.40991874789886,1.0,2,balanced,0.0,0.0,1.0,-38.78109447077865,5.527542814460764,0.0,0.0,none
traffic,heuristic,13,59,506.0238999319138,29.050082389223412,20.249181365262753,1.0,2,balanced,0.0,0.0,1.0,-39.03526485831721,2.3756019345111894,0.0,0.0,none
traffic,heuristic,13,60,508.3558185010356,29.055909711718066,20.702619763008837,1.0,2,balanced,0.0,0.0,1.0,-39.53447622515036,6.953078308012906,0.0,0.0,none
traffic,heuristic,13,61,515.3084325307484,29.070593544748284,20.78161657464214,1.0,2,balanced,0.0,0.0,1.0,-39.68302382833975,1.9805940179588666,0.0,0.0,none
traffic,heuristic,13,62,517.2575976569756,28.72604540535213,20.850859294930345,1.0,2,balanced,0.0,0.0,1.0,-39.833576859410165,1.1051295830942043,0.0,0.0,none
traffic,heuristic,13,63,517.8554607770621,29.46757280037854,20.290494942481274,1.0,2,balanced,0.0,0.0,1.0,-39.99491496077355,1.2795004288610876,0.0,0.0,none
traffic,heuristic,13,64,518.3086655201212,28.45695311764147,20.931099863777494,1.0,2,balanced,0.0,0.0,1.0,-40.21482253344105,1.2301573300959694,0.0,0.0,none
traffic,heuristic,13,65,518.7355339603814,28.075943091869153,22.020091026165694,1.0,2,balanced,0.0,0.0,1.0,-40.5668281317317,2.3552087239553803,0.0,0.0,none
traffic,heuristic,13,66,520.750116678659,27.088336829582108,21.30378210167545,1.0,2,balanced,0.0,0.0,1.0,-41.4590516450415,10.69369718882813,0.0,0.0,none
traffic,heuristic,13,67,530.574156081178,28.663311684840483,25.223331002940522,1.0,2,balanced,0.0,0.0,1.0,-41.94685707601193,6.0758260549068055,0.0,0.0,none
traffic,heuristic,13,68,536.5425483219949,29.73741750898655,25.59783465816486,1.0,2,balanced,0.0,0.0,1.0,-42.51120551027382,5.94554980019286,0.0,0.0,none
traffic,heuristic,13,69,542.3741252576835,30.813091947512465,26.0281803006658,1.0,2,balanced,0.0,0.0,1.0,-43.326752144639535,8.349931094564626,0.0,0.0,none
traffic,heuristic,13,70,550.5606525221995,32.3650237123636,26.570055220329717,1.0,2,balanced,0.0,0.0,1.0,-44.027089271997646,7.4734489462506835,0.0,0.0,none
traffic,heuristic,13,71,557.9525778116491,33.44049222659801,26.33500811377348,1.0,2,balanced,0.0,0.0,1.0,-44.80964472485334,9.99339948845408,0.0,0.0,none
traffic,heuristic,13,72,567.9348541479939,33.472139613363176,26.805317505128862,1.0,2,balanced,0.0,0.0,1.0,-45.563839606023905,9.74063739686482,0.0,0.0,none
traffic,heuristic,13,73,577.6397399561055,34.21943832682212,27.17511877821734,1.0,2,balanced,0.0,0.0,1.0,-46.17757364700316,6.5272336952936945,0.0,0.0,none
traffic,heuristic,13,74,584.1382963861649,34.3528342256963,27.771566238161377,1.0,2,balanced,0.0,0.0,1.0,-46.78293559899553,5.868053458374786,0.0,0.0,none
traffic,heuristic,13,75,589.8071306143945,33.84929561843902,29.201537830256317,1.0,2,balanced,0.0,0.0,1.0,-47.29681387383427,6.090769162916797,0.0,0.0,none
traffic,heuristic,13,76,595.8625925687408,33.582002951418346,29.799370704528336,1.0,2,balanced,0.0,0.0,1.0,-48.196818719712155,12.467890343115462,0.0,0.0,none
traffic,heuristic,13,77,608.2891275837602,34.07085468715327,30.688494491700972,1.0,2,balanced,0.0,0.0,1.0,-49.10423164626472,9.864426827411176,0.0,0.0,none
traffic,heuristic,13,78,618.089851975288,34.09002240383651,31.80757922187089,1.0,2,balanced,0.0,0.0,1.0,-49.65905108931814,6.462557610656857,0.0,0.0,none
traffic,heuristic,13,79,624.5308907810161,34.07851887897022,32.334397637531424,1.0,2,balanced,0.0,0.0,1.0,-50.42263833693395,9.730704356069038,0.0,0.0,none
traffic,heuristic,13,80,634.2267746770797,34.88392881253702,32.50100369440606,1.0,2,balanced,0.0,0.0,1.0,-51.2780479197862,11.800830770442762,0.0,0.0,none
traffic,heuristic,13,81,645.9720348330617,36.021888452864175,32.38473418887415,1.0,2,balanced,0.0,0.0,1.0,-51.306801672889485,2.9315926859435617,0.0,0.0,none
traffic,heuristic,13,82,646.8327285170701,33.708720186661964,33.96672490655262,1.0,2,balanced,0.0,0.0,1.0,-51.71720629349476,8.43613923273233,0.0,0.0,none
traffic,heuristic,13,83,655.20526891824,33.4230833885904,32.97303279910129,1.0,2,balanced,0.0,0.0,1.0,-51.8581099882888,4.231216295881328,0.0,0.0,none
traffic,heuristic,13,84,659.3783547845651,32.969492800709816,32.441242169816064,1.0,2,balanced,0.0,0.0,1.0,-52.073054522028144,4.83562030536055,0.0,0.0,none
traffic,heuristic,13,85,664.0489375977384,31.964432584131735,31.693757130529153,1.0,2,balanced,0.0,0.0,1.0,-52.52554323990334,7.156884433645651,0.0,0.0,none
traffic,heuristic,13,86,671.0128768843504,31.008168410257735,30.34835635800581,1.0,2,balanced,0.0,0.0,1.0,-53.09297771953247,10.15609845885564,0.0,0.0,none
traffic,heuristic,13,87,680.9515690353633,32.823768103658644,29.312821719914467,1.0,2,balanced,0.0,0.0,1.0,-53.76579255013824,10.650871578577185,0.0,0.0,none
traffic,heuristic,13,88,691.5922892354773,33.27740406344748,29.414573487536895,1.0,2,balanced,0.0,0.0,1.0,-54.41774426346964,10.233428866449396,0.0,0.0,none
traffic,heuristic,13,89,701.7358483384756,34.4714987107821,28.777852935122873,1.0,2,balanced,0.0,0.0,1.0,-54.926318336413274,9.36555029857955,0.0,0.0,none
traffic,heuristic,13,90,710.9071784497787,35.37164817040808,27.10753340429523,1.0,2,balanced,0.0,0.0,1.0,-55.78356131173388,14.047058174592536,0.0,0.0,none
traffic,heuristic,13,91,724.8821909786973,36.77386281886938,26.878050819778316,1.0,2,balanced,0.0,0.0,1.0,-55.87080669422622,3.386875726273193,0.0,0.0,none
traffic,heuristic,13,92,727.5080640480121,35.311299002529765,28.439020035426026,1.0,2,balanced,0.0,0.0,1.0,-56.59227014058677,11.962111190503208,0.0,0.0,none
traffic,heuristic,13,93,739.4589516646829,35.573332485841114,27.992110915704412,1.0,2,balanced,0.0,0.0,1.0,-57.175573869016965,8.445883043147123,0.0,0.0,none
traffic,heuristic,13,94,747.8979073096123,35.23241179422731,27.964888067497878,1.0,2,balanced,0.0,0.0,1.0,-58.13511555575669,12.46720696871561,0.0,0.0,none
traffic,heuristic,13,95,760.3309872997139,35.88476176998704,28.616202944996775,1.0,2,balanced,0.0,0.0,1.0,-58.433159166816864,4.474334734157503,0.0,0.0,none
traffic,heuristic,13,96,764.33628911054,33.89081962636853,28.65393152016173,1.0,2,balanced,0.0,0.0,1.0,-59.02239489767236,9.607501770986318,0.0,0.0,none
traffic,heuristic,13,97,773.7531465217244,35.24901649474248,27.318945361557297,1.0,2,balanced,0.0,0.0,1.0,-59.716656158507284,10.31896409725324,0.0,0.0,none
traffic,heuristic,13,98,784.0603209273515,34.92027385253372,26.9513802821778,1.0,2,balanced,0.0,0.0,1.0,-61.11450459444562,19.151940772851702,0.0,0.0,none
traffic,heuristic,13,99,802.9448455466418,37.00938764740594,29.361187084042882,1.0,2,balanced,0.0,0.0,1.0,-62.271785018705074,13.954797035367921,0.0,0.0,none
traffic,heuristic,13,100,816.8577532134921,37.305353182755674,30.400304475821592,1.0,2,balanced,0.0,0.0,1.0,-63.47421011675847,15.813463024029975,0.0,0.0,none
traffic,heuristic,13,101,832.4728275871773,39.6273076953275,29.481831635619987,1.0,2,balanced,0.0,0.0,1.0,-64.52757658201027,11.809827899019005,0.0,0.0,none
traffic,heuristic,13,102,844.2543468641434,40.1002400684838,30.1482950639835,1.0,2,balanced,0.0,0.0,1.0,-65.52574576927259,10.381559855904893,0.0,0.0,none
traffic,heuristic,13,103,854.5417156497882,40.096278944487366,31.54357740794576,1.0,2,balanced,0.0,0.0,1.0,-66.51992902207161,13.249076805900938,0.0,0.0,none
traffic,heuristic,13,104,867.7156098783285,38.95415286633734,30.71768692761189,1.0,2,balanced,0.0,0.0,1.0,-67.29240229729879,8.224530918881243,0.0,0.0,none
traffic,heuristic,13,105,875.6340341088246,37.75525617906649,32.589614617127665,1.0,2,balanced,0.0,0.0,1.0,-68.30210924579241,11.06784053280073,0.0,0.0,none
traffic,heuristic,13,106,886.6586586621843,36.8371662150014,32.924066907968594,1.0,2,balanced,0.0,0.0,1.0,-68.50757516368061,4.215598623804024,0.0,0.0,none
traffic,heuristic,13,107,887.0998315176707,34.56909693070547,36.450041949036475,1.0,2,balanced,0.0,0.0,1.0,-68.93521117830427,4.200925862324704,0.0,0.0,none
traffic,heuristic,13,108,890.9655389736477,33.28476466477189,37.47696677405287,1.0,2,balanced,0.0,0.0,1.0,-69.72827394004226,7.629148626805992,0.0,0.0,none
traffic,heuristic,13,109,898.5033561249877,32.157549249331865,37.815502990806536,1.0,2,balanced,0.0,0.0,1.0,-70.60910501918227,10.685195534148011,0.0,0.0,none
traffic,heuristic,13,110,909.1194598417908,32.69708514659326,38.902078571529174,1.0,2,balanced,0.0,0.0,1.0,-71.14204802487832,7.283481248183947,0.0,0.0,none
traffic,heuristic,13,111,916.3503982544075,31.938347918444663,38.46970537137437,1.0,2,balanced,0.0,0.0,1.0,-71.63311250535246,5.075449901094415,0.0,0.0,none
traffic,heuristic,13,112,921.3252512090837,32.84508393828262,38.035125610919046,1.0,2,balanced,0.0,0.0,1.0,-71.67535635237749,1.6312723529929898,0.0,0.0,none
traffic,heuristic,13,113,921.2870497024194,32.064302145754326,39.46689721525549,1.0,2,balanced,0.0,0.0,1.0,-72.14075694945316,5.0726386551096345,0.0,0.0,none
traffic,heuristic,13,114,926.3096548780209,31.561259750606627,39.96894155992808,1.0,2,balanced,0.0,0.0,1.0,-71.9774861514954,3.553892336867192,0.0,0.0,none
traffic,heuristic,13,115,923.8972208304697,28.955552197735802,40.11247154693805,1.0,2,balanced,0.0,0.0,1.0,-71.9054887382433,2.637296289028743,0.0,0.0,none
traffic,heuristic,13,116,921.9950847836585,27.1289373058502,40.086237746448525,1.0,2,balanced,0.0,0.0,1.0,-71.82087370556505,2.8344916160821896,0.0,0.0,none
traffic,heuristic,13,117,919.5768322609435,25.650316210371994,40.077456287016496,1.0,2,balanced,0.0,0.0,1.0,-71.97254152493736,1.060655195970731,0.0,0.0,none
traffic,heuristic,13,118,920.5019585802289,25.842981775561935,40.559131196156734,1.0,2,balanced,0.0,0.0,1.0,-71.79064013286228,2.70515702612912,0.0,0.0,none
traffic,heuristic,13,119,919.402616862239,24.618592396843628,38.41199520316873,1.0,2,balanced,0.0,0.0,1.0,-71.91360710283918,3.7880641997126863,0.0,0.0,none
traffic,heuristic,13,120,922.982592871945,25.817074408295035,38.72319131384783,1.0,2,balanced,0.0,0.0,1.0,-72.0853473713689,3.235358474181961,0.0,0.0,none
traffic,heuristic,13,121,926.0593360396269,26.81285025119367,38.62507705757884,1.0,2,balanced,0.0,0.0,1.0,-72.45184955261107,4.608693824230416,0.0,0.0,none
traffic,heuristic,13,122,930.4614595659037,28.176925460991992,38.59926917286135,1.0,2,balanced,0.0,0.0,1.0,-73.01695586455783,8.588822410206841,0.0,0.0,none
traffic,heuristic,13,123,938.8690056215185,29.673409408257875,39.5166434216629,1.0,2,balanced,0.0,0.0,1.0,-73.57831444442981,9.998040420814435,0.0,0.0,none
traffic,heuristic,13,124,948.5857449749539,31.836625622542954,38.585899523539894,1.0,2,balanced,0.0,0.0,1.0,-73.91647631712004,7.238300808162074,0.0,0.0,none
traffic,heuristic,13,125,955.7145402205801,32.54638946972704,37.55172728614124,1.0,2,balanced,0.0,0.0,1.0,-74.4454037566806,9.548358909027886,0.0,0.0,none
traffic,heuristic,13,126,965.104652989924,33.80906339005944,36.36741541609622,1.0,2,balanced,0.0,0.0,1.0,-74.77983930194749,4.636268846966813,0.0,0.0,none
traffic,heuristic,13,127,969.7405718039464,33.85582244760855,36.334870651763396,1.0,2,balanced,0.0,0.0,1.0,-75.8216150002599,15.918700783431994,0.0,0.0,none
traffic,heuristic,13,128,985.515355681965,35.32927001208933,37.88089151480739,1.0,2,balanced,0.0,0.0,1.0,-76.61328294080337,11.590201005089085,0.0,0.0,none
traffic,heuristic,13,129,997.0995255951132,35.70275612403188,37.897471197193596,1.0,2,balanced,0.0,0.0,1.0,-77.64955553698069,13.626421533822628,0.0,0.0,none
traffic,heuristic,13,130,1010.6581498272806,36.988721921340094,38.33263176119421,1.0,2,balanced,0.0,0.0,1.0,-78.61071384837047,12.001811358204,0.0,0.0,none
traffic,heuristic,13,131,1022.6368014616844,37.506429694352065,38.86869105014639,1.0,2,balanced,0.0,0.0,1.0,-79.87050008700592,18.262051182927845,0.0,0.0,none
traffic,heuristic,13,132,1040.652924745159,40.182470588242516,37.54180734132079,1.0,2,balanced,0.0,0.0,1.0,-80.87284651489102,13.266159271215088,0.0,0.0,none
traffic,heuristic,13,133,1053.907187943728,39.6783664523526,37.78953277901613,1.0,2,balanced,0.0,0.0,1.0,-81.87501298764346,14.961287072665419,0.0,0.0,none
traffic,heuristic,13,134,1068.8466476460014,40.34942441017763,37.339715158089106,1.0,2,balanced,0.0,0.0,1.0,-83.22758101890861,19.585216004181877,0.0,0.0,none
traffic,heuristic,13,135,1088.382604063592,41.54489084726223,38.04537285008154,1.0,2,balanced,0.0,0.0,1.0,-84.45257498836122,15.150264830901026,0.0,0.0,none
traffic,heuristic,13,136,1103.5174959051067,42.17613888868444,38.30440818027748,1.0,2,balanced,0.0,0.0,1.0,-86.08659106647927,22.576508633374985,0.0,0.0,none
traffic,heuristic,13,137,1126.0300860135799,43.075432253684156,39.74430405303955,1.0,2,balanced,0.0,0.0,1.0,-87.54265734616321,20.070865482444795,0.0,0.0,none
traffic,heuristic,13,138,1146.0542181716391,44.429406045582155,39.54298961783006,1.0,2,balanced,0.0,0.0,1.0,-88.77230700953315,16.940356169194356,0.0,0.0,none
traffic,heuristic,13,139,1162.9890294533502,44.828476361469725,39.37394265698684,1.0,2,balanced,0.0,0.0,1.0,-89.84128090818592,14.53713632114844,0.0,0.0,none
traffic,heuristic,13,140,1177.4715340338012,43.817785994041856,40.12487439693326,1.0,2,balanced,0.0,0.0,1.0,-90.32339877425615,6.996577747902203,0.0,0.0,none
traffic,heuristic,13,141,1183.584202074538,42.013341233886294,43.011285440728074,1.0,2,balanced,0.0,0.0,1.0,-91.21308344250815,12.24952770506982,0.0,0.0,none
traffic,heuristic,13,142,1195.633140110067,39.92061081929741,42.30807805658482,1.0,2,balanced,0.0,0.0,1.0,-91.52085818210475,6.242323731858457,0.0,0.0,none
traffic,heuristic,13,143,1201.128644534625,37.0148852725972,41.73992689690962,1.0,2,balanced,0.0,0.0,1.0,-92.05910441521974,7.636476585946162,0.0,0.0,none
traffic,heuristic,13,144,1208.4689676183302,35.09598763299603,40.87201934235041,1.0,2,balanced,0.0,0.0,1.0,-92.75175366152084,10.200602618632468,0.0,0.0,none
traffic,heuristic,13,145,1218.568922768094,34.219477746858516,39.742891282510854,1.0,2,balanced,0.0,0.0,1.0,-93.03545811850793,5.09628548103065,0.0,0.0,none
traffic,heuristic,13,146,1223.6584733299806,34.01485425108846,39.57939814154803,1.0,2,balanced,0.0,0.0,1.0,-93.21952201005223,3.43392065690772,0.0,0.0,none
traffic,heuristic,13,147,1226.5405437536633,32.18148072871925,39.22694576413211,1.0,2,balanced,0.0,0.0,1.0,-93.41501513961431,4.092563744171617,0.0,0.0,none
traffic,heuristic,13,148,1230.6118585906788,31.896642811210786,38.92306937683813,1.0,2,balanced,0.0,0.0,1.0,-93.58718058876505,3.774926577528132,0.0,0.0,none
traffic,heuristic,13,149,1234.291084648801,31.16442340609413,38.502093104663686,1.0,2,balanced,0.0,0.0,1.0,-93.53784251329338,2.3028867899635155,0.0,0.0,none
traffic,heuristic,13,150,1234.3354143158185,29.153298309544926,37.38106755007515,1.0,2,balanced,0.0,0.0,1.0,-93.89461696373651,4.449536232168921,0.0,0.0,none
traffic,heuristic,13,151,1238.7820520471155,29.024715743426963,37.477255343899245,1.0,2,balanced,0.0,0.0,1.0,-93.63132357872655,5.440260817486356,0.0,0.0,none
traffic,heuristic,13,152,1234.0650103148105,27.504893312229427,39.72137985818073,1.0,2,balanced,0.0,0.0,1.0,-93.60660307664844,1.388312767732185,0.0,0.0,none
traffic,heuristic,13,153,1233.1088776345687,26.49940380877793,39.76842767715972,1.0,2,balanced,0.0,0.0,1.0,-94.02049294904334,5.222516096106831,0.0,0.0,none
traffic,heuristic,13,154,1238.2901879280353,26.79982065584686,40.3501902876025,1.0,2,balanced,0.0,0.0,1.0,-94.48965338360291,4.776764689627946,0.0,0.0,none
traffic,heuristic,13,155,1242.8728106684944,27.70747927053519,41.34678727630232,1.0,2,balanced,0.0,0.0,1.0,-94.67137513935009,1.8976510597434535,0.0,0.0,none
traffic,heuristic,13,156,1244.6961283611968,27.18281526281628,41.38311653487123,1.0,2,balanced,0.0,0.0,1.0,-94.99534096935156,2.21031804739544,0.0,0.0,none
traffic,heuristic,13,157,1246.4342694372071,28.47385182447933,40.93859874335246,1.0,2,balanced,0.0,0.0,1.0,-95.0604775278634,0.990789025224986,0.0,0.0,none
traffic,heuristic,13,158,1245.6215620593994,28.502536884966162,41.50459059653406,1.0,2,balanced,0.0,0.0,1.0,-95.36926141952307,2.627036510965998,0.0,0.0,none
traffic,heuristic,13,159,1248.1875773695897,27.979477888310885,41.712666409244804,1.0,2,balanced,0.0,0.0,1.0,-96.20817545292573,8.703911846841445,0.0,0.0,none
traffic,heuristic,13,160,1256.4701827206684,28.71947441043477,44.28345134445698,1.0,2,balanced,0.0,0.0,1.0,-97.15668803052263,10.388951758733752,0.0,0.0,none
traffic,heuristic,13,161,1266.4604399632622,30.35286232041304,46.61949989010766,1.0,2,balanced,0.0,0.0,1.0,-97.94440134765932,10.991799206526082,0.0,0.0,none
traffic,heuristic,13,162,1277.2854455176732,32.1702352160932,47.19920697269692,1.0,2,balanced,0.0,0.0,1.0,-98.38706552045633,4.3000561281169745,0.0,0.0,none
traffic,heuristic,13,163,1281.4373958535098,33.16316675882204,46.683573318677645,1.0,2,balanced,0.0,0.0,1.0,-98.90864098687851,5.133118788304526,0.0,0.0,none
traffic,heuristic,13,164,1286.5412985190737,33.670744229896755,46.88716896242127,1.0,2,balanced,0.0,0.0,1.0,-99.72756419627419,9.224082538001431,0.0,0.0,none
traffic,heuristic,13,165,1295.714742493959,33.848911954658064,47.83578931290831,1.0,2,balanced,0.0,0.0,1.0,-100.34024742635731,6.503952461230413,0.0,0.0,none
traffic,heuristic,13,166,1302.1504895921908,33.138009925785724,48.449935232777094,1.0,2,balanced,0.0,0.0,1.0,-101.37284223446848,11.55302817742868,0.0,0.0,none
traffic,heuristic,13,167,1313.6243285431508,33.267776605095534,49.79404847385243,1.0,2,balanced,0.0,0.0,1.0,-102.2759474351188,12.226098218404632,0.0,0.0,none
traffic,heuristic,13,168,1325.7420720591435,34.86093524112678,50.109667369249685,1.0,2,balanced,0.0,0.0,1.0,-103.66867650236361,18.399842691717446,0.0,0.0,none
traffic,heuristic,13,169,1343.8711836895561,37.465977034096504,51.87128021799603,1.0,2,balanced,0.0,0.0,1.0,-104.91820730809684,16.988249291975407,0.0,0.0,none
traffic,heuristic,13,170,1360.776890467671,39.012429594742414,52.50860024465313,1.0,2,balanced,0.0,0.0,1.0,-106.2439039239386,18.680241204875795,0.0,0.0,none
traffic,heuristic,13,171,1379.2727376375358,41.42444960906903,51.49016596016105,1.0,2,balanced,0.0,0.0,1.0,-106.72704702332045,6.769453167675002,0.0,0.0,none
traffic,heuristic,13,172,1385.7435995391636,40.42385419920258,53.20837760753194,1.0,2,balanced,0.0,0.0,1.0,-107.6615420497697,13.290784651892698,0.0,0.0,none
traffic,heuristic,13,173,1399.0321187869858,40.65800934556847,53.135000290366214,1.0,2,balanced,0.0,0.0,1.0,-108.5530225959763,13.91134563220192,0.0,0.0,none
traffic,heuristic,13,174,1412.8973318124,39.80522962456878,52.3905731240674,1.0,2,balanced,0.0,0.0,1.0,-109.08531240240299,9.831059689416499,0.0,0.0,none
traffic,heuristic,13,175,1422.5884703206634,38.36231597059851,51.58461455335295,1.0,2,balanced,0.0,0.0,1.0,-109.60658571241338,8.987556801894454,0.0,0.0,none
traffic,heuristic,13,176,1431.197201747384,36.384892821969665,49.92457895700607,1.0,2,balanced,0.0,0.0,1.0,-109.86575275557706,5.222469156088515,0.0,0.0,none
traffic,heuristic,13,177,1436.4112097007512,36.133522032317515,49.76609276003799,1.0,2,balanced,0.0,0.0,1.0,-110.4060211960357,9.369756754438404,0.0,0.0,none
traffic,heuristic,13,178,1445.6964712368967,35.33287048998217,48.79902660383329,1.0,2,balanced,0.0,0.0,1.0,-111.01361826248846,9.143431663046867,0.0,0.0,none
traffic,heuristic,13,179,1454.6998462338636,34.3605028842927,47.535665024472074,1.0,2,balanced,0.0,0.0,1.0,-111.36275551262169,5.457612696167265,0.0,0.0,none
traffic,heuristic,13,180,1460.088919995847,33.50008993503671,47.59143137652524,1.0,2,balanced,0.0,0.0,1.0,-111.65728633613433,4.942172920921144,0.0,0.0,none
traffic,heuristic,13,181,1464.9738897203115,32.75533759458549,47.50489859231398,1.0,2,balanced,0.0,0.0,1.0,-112.40178704980102,12.678565799021484,0.0,0.0,none
traffic,heuristic,13,182,1477.5649652385987,34.230751107569496,47.689297558174026,1.0,2,balanced,0.0,0.0,1.0,-112.6441245292097,6.372236011143316,0.0,0.0,none
traffic,heuristic,13,183,1483.8368703360663,33.62807981983387,46.737780060168845,1.0,2,balanced,0.0,0.0,1.0,-112.66991178902927,2.3580788694336,0.0,0.0,none
traffic,heuristic,13,184,1485.7101602917219,32.20206281157163,46.87118241643037,1.0,2,balanced,0.0,0.0,1.0,-112.68973304425833,2.184490019789078,0.0,0.0,none
traffic,heuristic,13,185,1487.7771595832305,31.53764791747667,46.63021888399099,1.0,2,balanced,0.0,0.0,1.0,-112.85132225385384,4.39344039939047,0.0,0.0,none
traffic,heuristic,13,186,1492.1153229165634,31.428286639250352,45.94414487402771,1.0,2,balanced,0.0,0.0,1.0,-113.28468241476673,6.549946948418954,0.0,0.0,none
traffic,heuristic,13,187,1498.2138584976312,30.129778651806465,43.93826706117449,1.0,2,balanced,0.0,0.0,1.0,-113.79438814286029,6.041989157170715,0.0,0.0,none
traffic,heuristic,13,188,1504.2433751695812,30.08130096670298,44.32324964791416,1.0,2,balanced,0.0,0.0,1.0,-114.14349232957427,4.488560131006632,0.0,0.0,none
traffic,heuristic,13,189,1508.698463819483,30.597660705552222,44.14233588040809,1.0,2,balanced,0.0,0.0,1.0,-114.52660387385026,6.570120959977993,0.0,0.0,none
traffic,heuristic,13,190,1515.1448115373462,31.47353039082311,43.22367227300495,1.0,2,balanced,0.0,0.0,1.0,-114.7188928962544,2.0945046976306143,0.0,0.0,none
traffic,heuristic,13,191,1516.4403490846066,30.86500523360861,44.75279931974508,1.0,2,balanced,0.0,0.0,1.0,-115.76683918907709,13.46229289174162,0.0,0.0,none
traffic,heuristic,13,192,1529.5721651996646,32.27166134040664,47.36240734022412,1.0,2,balanced,0.0,0.0,1.0,-116.45517992611944,7.5753084208544115,0.0,0.0,none
traffic,heuristic,13,193,1537.095287401923,32.57038244646833,48.198287536033526,1.0,2,balanced,0.0,0.0,1.0,-116.79605624932175,2.4726481149492203,0.0,0.0,none
traffic,heuristic,13,194,1539.086294804827,32.077566197068826,49.57923299703891,1.0,2,balanced,0.0,0.0,1.0,-117.54011022930803,7.289344810436353,0.0,0.0,none
traffic,heuristic,13,195,1546.2697999665043,32.22499768583166,50.80808014526913,1.0,2,balanced,0.0,0.0,1.0,-118.3019748818635,9.761106431144876,0.0,0.0,none
traffic,heuristic,13,196,1555.8853245761256,33.88899509830382,50.58004976749185,1.0,2,balanced,0.0,0.0,1.0,-118.75715108811718,4.557623543125001,0.0,0.0,none
traffic,heuristic,13,197,1560.0752768282987,32.100622325726874,50.44605233593897,1.0,2,balanced,0.0,0.0,1.0,-119.88489456544201,13.22480856792164,0.0,0.0,none
traffic,heuristic,13,198,1573.0539278301853,33.19172808565246,52.73944895450663,1.0,2,balanced,0.0,0.0,1.0,-120.52445685656076,7.61464287927519,0.0,0.0,none
traffic,heuristic,13,199,1580.576701584956,34.2980813560258,52.33122884897069,1.0,2,balanced,0.0,0.0,1.0,-121.41273081156639,9.970614270070461,0.0,0.0,none
traffic,heuristic,13,200,1590.485160567003,34.84307212009973,53.30002944284875,1.0,2,balanced,0.0,0.0,1.0,-123.26044183506211,22.447557638410373,1.0,1.0,traffic_wave_shift
traffic,heuristic,13,201,1612.8216469744498,35.687264479664805,55.36438361782826,1.0,2,balanced,0.0,0.0,1.0,-124.79292385689246,18.86419265305108,1.0,0.0,traffic_wave_shift
traffic,heuristic,13,202,1631.644747446796,36.91389412369942,55.154543736574944,1.0,2,balanced,0.0,0.0,1.0,-126.09767244546056,15.729201846915943,1.0,0.0,traffic_wave_shift
traffic,heuristic,13,203,1647.2857604631706,35.74636652659708,56.33918793321188,1.0,2,balanced,0.0,0.0,1.0,-127.59666273846659,18.220563157962815,1.0,0.0,traffic_wave_shift
traffic,heuristic,13,204,1665.4804668002876,36.18075304306636,57.206881112681586,1.0,2,balanced,0.0,0.0,1.0,-128.47000408109795,10.035255292723475,1.0,0.0,traffic_wave_shift
traffic,heuristic,13,205,1674.7750526498219,34.35797841656381,60.52267895584837,1.0,2,balanced,0.0,0.0,1.0,-129.70211500883008,14.70429656043249,1.0,0.0,traffic_wave_shift
traffic,heuristic,13,206,1689.3979338122003,32.81525736755017,60.61040359910265,1.0,2,balanced,0.0,0.0,1.0,-130.59188572026704,10.98350833349002,1.0,0.0,traffic_wave_shift
traffic,heuristic,13,207,1700.2539772493562,31.22184596051211,61.10519273636209,1.0,2,balanced,0.0,0.0,1.0,-131.56429390397608,12.439088309272158,1.0,0.0,traffic_wave_shift
traffic,heuristic,13,208,1712.6702631659655,30.576900540559045,61.49353203152017,1.0,2,balanced,0.0,0.0,1.0,-132.77154821002367,15.969000699313115,1.0,0.0,traffic_wave_shift
traffic,heuristic,13,209,1728.6313208137249,30.13017080268748,61.261035492050205,1.0,2,balanced,0.0,0.0,1.0,-133.82572722659202,15.241798633287647,1.0,0.0,traffic_wave_shift
traffic,heuristic,13,210,1743.8164902410515,31.308287518245958,60.682160682099386,1.0,2,balanced,0.0,0.0,1.0,-134.68083613026147,12.357710640472423,1.0,0.0,traffic_wave_shift
traffic,heuristic,13,211,1756.1658089025914,30.85357501807823,60.65813129219135,1.0,2,balanced,0.0,0.0,1.0,-135.83377160072513,16.607651769016027,1.0,0.0,traffic_wave_shift
traffic,heuristic,13,212,1772.7333015057868,31.995864851286104,60.49242051729824,1.0,2,balanced,0.0,0.0,1.0,-137.06588213845797,18.320339805321623,1.0,0.0,traffic_wave_shift
traffic,heuristic,13,213,1791.0158986109204,33.16912708899095,60.422068577825115,1.0,2,balanced,0.0,0.0,1.0,-138.06286587774795,14.700346741800598,1.0,0.0,traffic_wave_shift
traffic,heuristic,13,214,1805.7134828851176,32.91643241427852,60.290325519523414,1.0,2,balanced,0.0,0.0,1.0,-138.7163681401346,10.049393741421342,1.0,0.0,traffic_wave_shift
traffic,heuristic,13,215,1815.6795215085258,31.87260625349479,61.051124883954394,1.0,2,balanced,0.0,0.0,1.0,-139.71218874516842,14.876617570159215,1.0,0.0,traffic_wave_shift
traffic,heuristic,13,216,1830.542228277276,32.375283874936905,60.649860577274076,1.0,2,balanced,0.0,0.0,1.0,-140.9340895058109,15.909904515918312,1.0,0.0,traffic_wave_shift
traffic,heuristic,13,217,1846.4444969013425,32.24223907911111,61.12442711209685,1.0,2,balanced,0.0,0.0,1.0,-142.12235762743936,18.13293893348087,1.0,0.0,traffic_wave_shift
traffic,heuristic,13,218,1864.5719872881737,32.21121773545059,60.681026258547426,1.0,2,balanced,0.0,0.0,1.0,-143.52187669131675,20.992539770800594,1.0,0.0,traffic_wave_shift
traffic,heuristic,13,219,1885.517243615288,33.46075214603404,61.3303545090426,1.0,2,balanced,0.0,0.0,1.0,-144.76711961112403,19.187398502244324,1.0,0.0,traffic_wave_shift
traffic,heuristic,13,220,1904.5243242878776,35.268960555870315,59.42837450489018,1.0,2,balanced,0.0,0.0,1.0,-146.21758524643215,20.61250695440933,1.0,0.0,traffic_wave_shift
traffic,heuristic,13,221,1925.1028518692801,36.41212471840073,59.12370874617591,1.0,2,balanced,0.0,0.0,1.0,-147.41951128456762,17.217075031421327,1.0,0.0,traffic_wave_shift
traffic,heuristic,13,222,1942.312934374714,36.67368749467423,58.70859706503193,1.0,2,balanced,0.0,0.0,1.0,-149.37031179860236,26.798665329625535,1.0,0.0,traffic_wave_shift
traffic,heuristic,13,223,1968.9682910503307,38.379260752431335,60.888377743758724,1.0,2,balanced,0.0,0.0,1.0,-151.09203234889043,22.922066837019194,1.0,0.0,traffic_wave_shift
traffic,heuristic,13,224,1991.8764775922114,38.77184679538465,61.58264976685165,1.0,2,balanced,0.0,0.0,1.0,-152.59994743604054,21.39615383704786,1.0,0.0,traffic_wave_shift
traffic,heuristic,13,225,2013.26683959617,39.2485030616585,61.43908388636163,1.0,2,balanced,0.0,0.0,1.0,-154.44829780965415,25.13112547839132,1.0,0.0,traffic_wave_shift
traffic,heuristic,13,226,2038.373552790486,40.15414018424118,62.07645488602441,1.0,2,balanced,0.0,0.0,1.0,-156.30598085463274,23.92704192104899,1.0,0.0,traffic_wave_shift
traffic,heuristic,13,227,2062.257420839288,41.48889729291477,61.54484828345505,1.0,2,balanced,0.0,0.0,1.0,-158.24419578046158,23.63663468411794,1.0,0.0,traffic_wave_shift
traffic,heuristic,13,228,2085.871161299226,40.88057404977912,62.388473504149566,1.0,2,balanced,0.0,0.0,1.0,-160.20433990074406,23.521530476747078,1.0,0.0,traffic_wave_shift
traffic,heuristic,13,229,2109.340401728635,40.99278482728464,63.951981859279144,1.0,2,balanced,0.0,0.0,1.0,-162.33202900551603,26.926931987210835,1.0,0.0,traffic_wave_shift
traffic,heuristic,13,230,2136.2129405640694,42.0892201935799,65.26505164777977,1.0,2,balanced,0.0,0.0,1.0,-164.1653680883984,24.60008044451603,1.0,0.0,traffic_wave_shift
traffic,heuristic,13,231,2160.8070220762183,41.98669385714646,65.79853154503147,1.0,2,balanced,0.0,0.0,1.0,-165.79900307828538,20.68479726801012,1.0,0.0,traffic_wave_shift
traffic,heuristic,13,232,2181.40932369638,41.330380571418495,67.52342540888009,1.0,2,balanced,0.0,0.0,1.0,-167.13313167764807,18.13963195306997,1.0,0.0,traffic_wave_shift
traffic,heuristic,13,233,2199.4592320291135,40.21761414597754,68.94074945621816,1.0,2,balanced,0.0,0.0,1.0,-168.560403762702,17.019126154729655,1.0,0.0,traffic_wave_shift
traffic,heuristic,13,234,2216.312745969666,38.89446884820635,70.90518562142896,1.0,2,balanced,0.0,0.0,1.0,-169.57296859939325,12.990549866015485,1.0,0.0,traffic_wave_shift
traffic,heuristic,13,235,2228.963489993041,36.050109885794306,71.69428863715254,1.0,2,balanced,0.0,0.0,1.0,-171.24473691052404,21.36570677710221,1.0,0.0,traffic_wave_shift
traffic,heuristic,13,236,2250.3193746892543,35.40247052260723,71.70763713544129,1.0,2,balanced,0.0,0.0,1.0,-172.13194821832317,9.972586867846042,1.0,0.0,traffic_wave_shift
traffic,heuristic,13,237,2259.788866931992,33.175908647122355,73.90391300975834,1.0,2,balanced,0.0,0.0,1.0,-173.23904686299505,12.438016823998414,1.0,0.0,traffic_wave_shift
traffic,heuristic,13,238,2272.116074545709,32.03136850331914,75.1015117829712,1.0,2,balanced,0.0,0.0,1.0,-174.29412854659884,12.704785143464347,1.0,0.0,traffic_wave_shift
traffic,heuristic,13,239,2284.773032673992,31.192057340865126,75.814626958147,1.0,2,balanced,0.0,0.0,1.0,-175.28738341861404,10.706138772574528,1.0,0.0,traffic_wave_shift
traffic,heuristic,13,240,2295.3737117543246,30.78204435225674,77.25646599305853,1.0,2,balanced,0.0,0.0,1.0,-176.31356824173676,13.220626407863014,1.0,0.0,traffic_wave_shift
traffic,heuristic,13,241,2308.290831733815,29.094291408912124,75.00159037476745,1.0,2,balanced,0.0,0.0,1.0,-176.66274851321313,5.19655521862336,1.0,0.0,traffic_wave_shift
traffic,heuristic,13,242,2313.0845062958447,28.159127872770586,76.77650994878309,1.0,2,balanced,0.0,0.0,1.0,-177.22757007227528,7.697522951289564,1.0,0.0,traffic_wave_shift
traffic,heuristic,13,243,2320.7216494474387,27.22111498034588,76.99106968716568,1.0,2,balanced,0.0,0.0,1.0,-178.24565349470453,12.609026411510873,1.0,0.0,traffic_wave_shift
traffic,heuristic,13,244,2333.3127938177245,27.207952228746525,77.6622307965654,1.0,2,balanced,0.0,0.0,1.0,-178.9092426181155,8.50530540304511,1.0,0.0,traffic_wave_shift
traffic,heuristic,13,245,2341.800764243267,26.7854104977885,78.00287216190411,1.0,2,balanced,0.0,0.0,1.0,-179.3703583104338,6.016417876114341,1.0,0.0,traffic_wave_shift
traffic,heuristic,13,246,2347.647093290328,25.371252311302595,77.86916592751128,1.0,2,balanced,0.0,0.0,1.0,-179.88696953158038,7.52134019151614,1.0,0.0,traffic_wave_shift
traffic,heuristic,13,247,2355.134219551482,25.909942651127494,77.39660763075652,1.0,2,balanced,0.0,0.0,1.0,-180.3581946787613,6.457689006144804,1.0,0.0,traffic_wave_shift
traffic,heuristic,13,248,2361.583561456127,25.672382401737643,77.62310580952526,1.0,2,balanced,0.0,0.0,1.0,-181.01107816355918,8.875270331196084,1.0,0.0,traffic_wave_shift
traffic,heuristic,13,249,2370.361971910451,24.909835618545337,76.56081783036433,1.0,2,balanced,0.0,0.0,1.0,-181.4601061666274,4.933413996321684,1.0,0.0,traffic_wave_shift
traffic,heuristic,13,250,2375.1758098244036,24.175009116227322,77.35174653055475,1.0,2,balanced,0.0,0.0,1.0,-182.70428908634256,16.764444265935083,1.0,0.0,traffic_wave_shift
traffic,heuristic,13,251,2391.5096934652506,26.27252003498453,80.49042215868322,1.0,2,balanced,0.0,0.0,1.0,-184.23673448366497,19.941336409011512,1.0,0.0,traffic_wave_shift
traffic,heuristic,13,252,2411.135453560989,28.700246801901347,83.05802438392944,1.0,2,balanced,0.0,0.0,1.0,-185.75045256269019,17.9536249892379,1.0,0.0,traffic_wave_shift
traffic,heuristic,13,253,2428.901088812372,30.963505471249096,84.31997310104173,1.0,2,balanced,0.0,0.0,1.0,-187.3133904318633,20.46271853345002,1.0,0.0,traffic_wave_shift
traffic,heuristic,13,254,2449.221978286855,33.27200127528087,84.99461957721438,1.0,2,balanced,0.0,0.0,1.0,-188.46119118380497,14.564725286109566,1.0,0.0,traffic_wave_shift
traffic,heuristic,13,255,2463.4179421802683,35.14842647117287,82.33287949204987,1.0,2,balanced,0.0,0.0,1.0,-189.90940182881153,19.15901303543545,1.0,0.0,traffic_wave_shift
traffic,heuristic,13,256,2482.5623904261183,35.71053939217363,82.82472389630553,1.0,2,balanced,0.0,0.0,1.0,-191.9132579916649,26.382972126218352,1.0,0.0,traffic_wave_shift
traffic,heuristic,13,257,2508.784324465528,37.02977418090778,85.41914348801913,1.0,2,balanced,0.0,0.0,1.0,-193.57945096260352,20.474212887950518,1.0,0.0,traffic_wave_shift
traffic,heuristic,13,258,2529.2229536860455,37.5643729747347,86.50082416962492,1.0,2,balanced,0.0,0.0,1.0,-195.57984177050085,25.972660759603205,1.0,0.0,traffic_wave_shift
traffic,heuristic,13,259,2555.1220394805077,38.68001223873053,88.10451085259794,1.0,2,balanced,0.0,0.0,1.0,-197.25702751673782,22.96220395289884,1.0,0.0,traffic_wave_shift
traffic,heuristic,13,260,2577.9830477099713,40.41302110594071,86.82631158288534,1.0,2,balanced,0.0,0.0,1.0,-198.87625104241937,21.270786394526542,1.0,0.0,traffic_wave_shift
traffic,heuristic,13,261,2599.2488742295477,40.83729676068587,87.00228444910697,1.0,2,balanced,0.0,0.0,1.0,-200.81039077778658,26.460494186330056,1.0,0.0,traffic_wave_shift
traffic,heuristic,13,262,2625.7051617984384,40.88416746658218,87.47175627349401,1.0,2,balanced,0.0,0.0,1.0,-202.34238297570218,20.97617294961986,1.0,0.0,traffic_wave_shift
traffic,heuristic,13,263,2646.6801607215853,40.99144140710787,87.66603465118433,1.0,2,balanced,0.0,0.0,1.0,-204.00846732808216,23.33407961250887,1.0,0.0,traffic_wave_shift
traffic,heuristic,13,264,2670.0079678155457,40.47718566700752,87.49802100994253,1.0,2,balanced,0.0,0.0,1.0,-205.86317162619417,24.009685627579447,1.0,0.0,traffic_wave_shift
traffic,heuristic,13,265,2693.999147229377,40.70321990388105,88.41301980356072,1.0,2,balanced,0.0,0.0,1.0,-207.6476668792178,23.907562483559694,1.0,0.0,traffic_wave_shift
traffic,heuristic,13,266,2717.8989088671206,41.23000692751451,88.72194211754264,1.0,2,balanced,0.0,0.0,1.0,-208.90315113249778,17.42135850477706,1.0,0.0,traffic_wave_shift
traffic,heuristic,13,267,2735.193297914767,39.39762722326564,89.74674660625102,1.0,2,balanced,0.0,0.0,1.0,-210.5020158789744,22.909305387080703,1.0,0.0,traffic_wave_shift
traffic,heuristic,13,268,2758.0993023374845,39.78382832317983,89.7011021609032,1.0,2,balanced,0.0,0.0,1.0,-211.720826702457,15.848111128889858,1.0,0.0,traffic_wave_shift
traffic,heuristic,13,269,2773.79078791684,38.25656402025889,91.31583756199484,1.0,2,balanced,0.0,0.0,1.0,-213.1973426573778,20.4734652140711,1.0,0.0,traffic_wave_shift
traffic,heuristic,13,270,2794.251422151666,37.55045498445776,91.15263642835842,1.0,2,balanced,0.0,0.0,1.0,-214.18017958979476,13.747257536175653,1.0,0.0,traffic_wave_shift
traffic,heuristic,13,271,2807.838988824153,35.488015991406535,91.48650329792028,1.0,2,balanced,0.0,0.0,1.0,-215.26430589811272,16.113278591166427,1.0,0.0,traffic_wave_shift
traffic,heuristic,13,272,2823.9499528905944,35.25133099516551,91.35025345779412,1.0,2,balanced,0.0,0.0,1.0,-215.92316539852897,9.598765763561852,1.0,0.0,traffic_wave_shift
traffic,heuristic,13,273,2833.1425010609814,32.50863974469944,91.68343062306603,1.0,2,balanced,0.0,0.0,1.0,-217.07277651452995,15.489414470236362,1.0,0.0,traffic_wave_shift
traffic,heuristic,13,274,2848.6285301439516,32.46754844542231,92.00463986529546,1.0,2,balanced,0.0,0.0,1.0,-217.7673663415608,12.036887117607355,1.0,0.0,traffic_wave_shift
traffic,heuristic,13,275,2860.405312981385,30.730778165943917,90.2220388223603,1.0,2,balanced,0.0,0.0,1.0,-218.24405594323693,7.384595685349105,1.0,0.0,traffic_wave_shift
traffic,heuristic,13,276,2867.6376908835337,29.459740411876158,91.00269645815506,1.0,2,balanced,0.0,0.0,1.0,-219.18997859428052,13.27780326636703,1.0,0.0,traffic_wave_shift
traffic,heuristic,13,277,2880.895601842941,28.889129790469298,90.55296310213501,1.0,2,balanced,0.0,0.0,1.0,-220.14273813656644,11.373910364410943,1.0,0.0,traffic_wave_shift
traffic,heuristic,13,278,2892.2461720442197,29.320734196647628,91.13957261455361,1.0,2,balanced,0.0,0.0,1.0,-221.1578123592838,14.311395222070425,1.0,0.0,traffic_wave_shift
traffic,heuristic,13,279,2906.553846059972,29.08506318320412,90.91383685156045,1.0,2,balanced,0.0,0.0,1.0,-222.0681147094135,12.34005988240937,1.0,0.0,traffic_wave_shift
traffic,heuristic,13,280,2918.890808353215,29.19709907436602,91.1665960959719,1.0,2,balanced,0.0,0.0,1.0,-223.02752880144695,12.782828657914546,1.0,0.0,traffic_wave_shift
traffic,heuristic,13,281,2931.5793040350163,30.288322630296513,90.0656796679467,1.0,2,balanced,0.0,0.0,1.0,-224.25122075313843,14.171193647257844,1.0,0.0,traffic_wave_shift
traffic,heuristic,13,282,2945.688605555764,30.458600742564613,91.37768018212158,1.0,2,balanced,0.0,0.0,1.0,-225.38821850919945,13.04396027873223,1.0,0.0,traffic_wave_shift
traffic,heuristic,13,283,2958.703850449806,30.791535681117313,92.17608761441804,1.0,2,balanced,0.0,0.0,1.0,-226.87774286384382,18.48478561170911,1.0,0.0,traffic_wave_shift
traffic,heuristic,13,284,2977.0083042660044,31.59089164120647,94.62461771441176,1.0,2,balanced,0.0,0.0,1.0,-228.46900894528898,19.873317512644906,1.0,0.0,traffic_wave_shift
traffic,heuristic,13,285,2996.748887900482,33.071615909453286,96.3754924586545,1.0,2,balanced,0.0,0.0,1.0,-229.9807001050497,19.135848435598685,1.0,0.0,traffic_wave_shift
traffic,heuristic,13,286,3015.8279471700826,34.349728627013214,97.10803639486441,1.0,2,balanced,0.0,0.0,1.0,-231.1000140049095,13.410543867071134,1.0,0.0,traffic_wave_shift
traffic,heuristic,13,287,3029.1942522501377,34.20112933887469,98.1862263452429,1.0,2,balanced,0.0,0.0,1.0,-232.23279486625776,13.594105308782332,1.0,0.0,traffic_wave_shift
traffic,heuristic,13,288,3042.7656146073496,34.312352831508726,98.96433446767952,1.0,2,balanced,0.0,0.0,1.0,-233.74626652884683,16.877460764244674,1.0,0.0,traffic_wave_shift
traffic,heuristic,13,289,3059.5654218351583,34.01142351383081,100.55323361578345,1.0,2,balanced,0.0,0.0,1.0,-235.44960759208476,19.54088757133313,1.0,0.0,traffic_wave_shift
traffic,heuristic,13,290,3079.037467858144,33.95771599153236,102.19116714809296,1.0,2,balanced,0.0,0.0,1.0,-236.65446870177917,13.371442032788785,1.0,0.0,traffic_wave_shift
traffic,heuristic,13,291,3092.2996570699734,32.79434197997812,103.4387088328086,1.0,2,balanced,0.0,0.0,1.0,-238.22897553927376,18.29104132555471,1.0,0.0,traffic_wave_shift
traffic,heuristic,13,292,3110.5030706056523,33.76176367110289,104.94271139057007,1.0,2,balanced,0.0,0.0,1.0,-239.39400166042208,13.600419453225042,1.0,0.0,traffic_wave_shift
traffic,heuristic,13,293,3124.0602867141006,33.75893442135006,106.02589774934582,1.0,2,balanced,0.0,0.0,1.0,-241.2834054186123,22.587275714647237,1.0,0.0,traffic_wave_shift
traffic,heuristic,13,294,3146.464004894829,34.87971661193404,108.67208050366577,1.0,2,balanced,0.0,0.0,1.0,-242.9206163234402,19.70789507783754,1.0,0.0,traffic_wave_shift
traffic,heuristic,13,295,3166.1271059616065,34.91792762069258,109.99953097564486,1.0,2,balanced,0.0,0.0,1.0,-244.15513572182988,16.098169116141907,1.0,0.0,traffic_wave_shift
traffic,heuristic,13,296,3182.2153367715346,35.483135940312245,110.01997244866475,1.0,2,balanced,0.0,0.0,1.0,-245.24707603829202,13.136575790242398,1.0,0.0,traffic_wave_shift
traffic,heuristic,13,297,3195.2259291622104,34.44457171131178,111.50842583346122,1.0,2,balanced,0.0,0.0,1.0,-246.79879958080448,20.389243436553166,1.0,0.0,traffic_wave_shift
traffic,heuristic,13,298,3215.566513380116,35.80124533320318,111.88434906097909,1.0,2,balanced,0.0,0.0,1.0,-247.96235621008813,17.297620200193737,1.0,0.0,traffic_wave_shift
traffic,heuristic,13,299,3232.8087007457134,34.76893917017684,110.962946095087,1.0,2,balanced,0.0,0.0,1.0,-248.75903341602233,10.836379042837835,1.0,0.0,traffic_wave_shift
traffic,heuristic,13,300,3243.4476648308437,32.96411177384749,111.95398192936446,1.0,2,balanced,0.0,0.0,1.0,-249.9687079779583,3244.5029434641265,1.0,1.0,traffic_wave_shift|traffic_signal_latency
traffic,heuristic,13,301,1.0,1.0,1.0,0.9791933333849704,2,balanced,0.0,0.0,1.0,-250.73209369770902,0.0002156757579474533,1.0,0.0,traffic_signal_latency
traffic,heuristic,13,302,1.0,1.0,1.0,0.9789776576270229,2,balanced,0.0,0.0,1.0,-251.28664218538367,0.021022342372977065,1.0,0.0,traffic_signal_latency
traffic,heuristic,13,303,1.0,1.0,1.0,1.0,2,balanced,0.0,0.0,1.0,-251.60536120753594,0.0,1.0,0.0,traffic_signal_latency
traffic,heuristic,13,304,1.0,1.0,1.0,1.0,2,balanced,0.0,0.0,1.0,-251.51004875382003,0.09763683908007148,1.0,0.0,traffic_signal_latency
traffic,heuristic,13,305,1.0,1.0,1.0,0.9023631609199285,2,balanced,0.0,0.0,1.0,-252.14722816562238,0.09763683908007148,1.0,0.0,traffic_signal_latency
traffic,heuristic,13,306,1.0,1.0,1.0,1.0,2,balanced,0.0,0.0,1.0,-252.51497205368324,0.0,1.0,0.0,traffic_signal_latency
traffic,heuristic,13,307,1.0,1.0,1.0,1.0,2,prioritize_ew,0.0,0.0,1.0,-253.29785952743464,0.02152894195256838,1.0,0.0,traffic_signal_latency
traffic,heuristic,13,308,1.0,1.0,1.0,0.9784710580474316,2,balanced,0.0,0.0,1.0,-253.30054256701243,0.02152894195256838,1.0,0.0,traffic_signal_latency
traffic,heuristic,13,309,1.0,1.0,1.0,1.0,2,balanced,0.0,0.0,1.0,-253.8861469743957,0.0,1.0,0.0,traffic_signal_latency
traffic,heuristic,13,310,1.0,1.0,1.0,1.0,2,balanced,0.0,0.0,1.0,-254.08512491695913,0.0,1.0,0.0,traffic_signal_latency
traffic,heuristic,13,311,1.0,1.0,1.0,1.0,2,prioritize_ew,0.0,0.0,1.0,-255.1752152494197,0.0048598571721978345,1.0,0.0,traffic_signal_latency
traffic,heuristic,13,312,1.0,1.0,1.0,0.9951401428278022,2,prioritize_ew,0.0,0.0,1.0,-256.2115275201605,0.0048598571721978345,1.0,0.0,traffic_signal_latency
traffic,heuristic,13,313,1.0,1.0,1.0,1.0,2,balanced,0.0,0.0,1.0,-256.6004397933937,0.03083056175159149,1.0,0.0,traffic_signal_latency
traffic,heuristic,13,314,1.0,1.0,1.0,0.9691694382484085,2,balanced,0.0,0.0,1.0,-257.27039574573706,0.007958095592936809,1.0,0.0,traffic_signal_latency
traffic,heuristic,13,315,1.0,1.0,1.0,0.9612113426554717,2,balanced,0.0,0.0,1.0,-258.21577024680784,0.01831781353639861,1.0,0.0,traffic_signal_latency
traffic,heuristic,13,316,1.0,1.0,1.0,0.9795291561918703,2,balanced,0.0,0.0,1.0,-259.1206550169453,0.02047084380812969,1.0,0.0,traffic_signal_latency
traffic,heuristic,13,317,1.0,1.0,1.0,1.0,2,prioritize_ns,0.0,0.0,1.0,-259.72077131214655,0.04082478260795175,1.0,0.0,traffic_signal_latency
traffic,heuristic,13,318,1.0,1.0,1.0,0.9591752173920483,2,balanced,0.0,0.0,1.0,-260.5346594513613,0.0021551545503966096,1.0,0.0,traffic_signal_latency
traffic,heuristic,13,319,1.0,1.0,1.0,0.9613303719424449,2,prioritize_ew,0.0,0.0,1.0,-261.5307982026674,0.03866962805755514,1.0,0.0,traffic_signal_latency
traffic,heuristic,13,320,1.0,1.0,1.0,1.0,2,prioritize_ew,0.0,0.0,1.0,-262.6776211072109,0.0,1.0,0.0,traffic_signal_latency
traffic,heuristic,13,321,1.0,1.0,1.0,1.0,2,balanced,0.0,0.0,1.0,-263.7699216060445,0.025374266657131495,1.0,0.0,traffic_signal_latency
traffic,heuristic,13,322,1.0,1.0,1.0,0.9746257333428685,2,balanced,0.0,0.0,1.0,-264.85912959991424,0.0025784265992847555,1.0,0.0,traffic_signal_latency
traffic,heuristic,13,323,1.0,1.0,1.0,0.9772041599421533,2,prioritize_ew,0.0,0.0,1.0,-265.67128733832,0.02279584005784674,1.0,0.0,traffic_signal_latency
traffic,heuristic,13,324,1.0,1.0,1.0,1.0,2,balanced,0.0,0.0,1.0,-266.150505707412,0.0,1.0,0.0,traffic_signal_latency
traffic,heuristic,13,325,1.0,1.0,1.0,1.0,2,prioritize_ew,0.0,0.0,1.0,-267.2004175907998,0.0,1.0,0.0,traffic_signal_latency
traffic,heuristic,13,326,1.0,1.0,1.0,1.0,2,balanced,0.0,0.0,1.0,-267.72701593164516,0.002122510376063258,1.0,0.0,traffic_signal_latency
traffic,heuristic,13,327,1.0,1.0,1.0,0.9978774896239367,2,prioritize_ew,0.0,0.0,1.0,-268.3494364895465,0.002122510376063258,1.0,0.0,traffic_signal_latency
traffic,heuristic,13,328,1.0,1.0,1.0,1.0,2,balanced,0.0,0.0,1.0,-269.2417533156513,0.0,1.0,0.0,traffic_signal_latency
traffic,heuristic,13,329,1.0,1.0,1.0,1.0,2,prioritize_ew,0.0,0.0,1.0,-269.7840072385886,0.0007607267154878805,1.0,0.0,traffic_signal_latency
traffic,heuristic,13,330,1.0,1.0,1.0,0.9992392732845121,2,balanced,0.0,0.0,1.0,-270.04144747865354,0.0007607267154878805,1.0,0.0,traffic_signal_latency
traffic,heuristic,13,331,1.0,1.0,1.0,1.0,2,balanced,0.0,0.0,1.0,-270.02990728923265,0.0,1.0,0.0,traffic_signal_latency
traffic,heuristic,13,332,1.0,1.0,1.0,1.0,2,prioritize_ew,0.0,0.0,1.0,-270.54198655161014,0.0,1.0,0.0,traffic_signal_latency
traffic,heuristic,13,333,1.0,1.0,1.0,1.0,2,prioritize_ns,0.0,0.0,1.0,-270.0848780783872,0.011221709835076088,1.0,0.0,traffic_signal_latency
traffic,heuristic,13,334,1.0,1.0,1.0,0.9887782901649239,2,balanced,0.0,0.0,1.0,-270.37444952816696,0.06097525623276823,1.0,0.0,traffic_signal_latency
traffic,heuristic,13,335,1.0,1.0,1.0,0.9278030339321557,2,prioritize_ns,0.0,0.0,1.0,-270.56533655243163,0.07219696606784431,1.0,0.0,traffic_signal_latency
traffic,heuristic,13,336,1.0,1.0,1.0,1.0,2,prioritize_ew,0.0,0.0,1.0,-270.8063246001444,0.01006081397681502,1.0,0.0,traffic_signal_latency
traffic,heuristic,13,337,1.0,1.0,1.0,0.989939186023185,2,prioritize_ew,0.0,0.0,1.0,-271.0394831730343,0.029115726653639262,1.0,0.0,traffic_signal_latency
traffic,heuristic,13,338,1.0,1.0,1.0,0.9608234593695457,2,balanced,0.0,0.0,1.0,-271.3004805589016,0.03917654063045428,1.0,0.0,traffic_signal_latency
traffic,heuristic,13,339,1.0,1.0,1.0,1.0,2,prioritize_ew,0.0,0.0,1.0,-271.17532842549264,0.0,1.0,0.0,traffic_signal_latency
traffic,heuristic,13,340,1.0,1.0,1.0,1.0,2,prioritize_ew,0.0,0.0,1.0,-271.9679016683314,0.0,1.0,0.0,traffic_signal_latency
traffic,heuristic,13,341,1.0,1.0,1.0,1.0,2,balanced,0.0,0.0,1.0,-272.58455286163934,0.033022050336035,1.0,0.0,traffic_signal_latency
traffic,heuristic,13,342,1.0,1.0,1.0,0.966977949663965,2,balanced,0.0,0.0,1.0,-272.723970474805,0.033022050336035,1.0,0.0,traffic_signal_latency
traffic,heuristic,13,343,1.0,1.0,1.0,1.0,2,balanced,0.0,0.0,1.0,-273.0311382179685,0.0,1.0,0.0,traffic_signal_latency
traffic,heuristic,13,344,1.0,1.0,1.0,1.0,2,balanced,0.0,0.0,1.0,-273.4991548361537,0.02262810995500808,1.0,0.0,traffic_signal_latency
traffic,heuristic,13,345,1.0,1.0,1.0,0.9773718900449919,2,prioritize_ns,0.0,0.0,1.0,-273.89566583780277,0.02262810995500808,1.0,0.0,traffic_signal_latency
traffic,heuristic,13,346,1.0,1.0,1.0,1.0,2,balanced,0.0,0.0,1.0,-274.86050896654973,0.03407778811521733,1.0,0.0,traffic_signal_latency
traffic,heuristic,13,347,1.0,1.0,1.0,0.9659222118847827,2,balanced,0.0,0.0,1.0,-275.67946156772757,0.03407778811521733,1.0,0.0,traffic_signal_latency
traffic,heuristic,13,348,1.0,1.0,1.0,1.0,2,balanced,0.0,0.0,1.0,-276.4398085198668,0.013862514958071781,1.0,0.0,traffic_signal_latency
traffic,heuristic,13,349,1.0,1.0,1.0,0.9861374850419282,2,balanced,0.0,0.0,1.0,-277.4880927370685,0.012809747573981456,1.0,0.0,traffic_signal_latency
traffic,heuristic,13,350,1.0,1.0,1.0,0.9989472326159097,2,balanced,0.0,0.0,1.0,-278.91397292810615,0.0010527673840903251,1.0,0.0,traffic_signal_latency
traffic,heuristic,13,351,1.0,1.0,1.0,1.0,2,balanced,0.0,0.0,1.0,-279.8921206042764,0.018367158019577223,1.0,0.0,traffic_signal_latency
traffic,heuristic,13,352,1.0,1.0,1.0,0.9816328419804228,2,balanced,0.0,0.0,1.0,-281.2906642265147,0.03440699038056072,1.0,0.0,traffic_signal_latency
traffic,heuristic,13,353,1.0,1.0,1.0,0.9472258515998621,2,balanced,0.0,0.0,1.0,-282.2339088832725,0.052774148400137944,1.0,0.0,traffic_signal_latency
traffic,heuristic,13,354,1.0,1.0,1.0,1.0,2,balanced,0.0,0.0,1.0,-283.03276176781463,0.04266945683406609,1.0,0.0,traffic_signal_latency
traffic,heuristic,13,355,1.0,1.0,1.0,0.9573305431659339,2,balanced,0.0,0.0,1.0,-284.1085221465556,0.04266945683406609,1.0,0.0,traffic_signal_latency
traffic,heuristic,13,356,1.0,1.0,1.0,1.0,2,balanced,0.0,0.0,1.0,-285.4787764478225,0.01772171740063233,1.0,0.0,traffic_signal_latency
traffic,heuristic,13,357,1.0,1.0,1.0,0.9822782825993677,2,balanced,0.0,0.0,1.0,-286.45305330564076,0.013936908875178289,1.0,0.0,traffic_signal_latency
traffic,heuristic,13,358,1.0,1.0,1.0,0.9683413737241894,2,balanced,0.0,0.0,1.0,-286.9526457518343,0.03165862627581062,1.0,0.0,traffic_signal_latency
traffic,heuristic,13,359,1.0,1.0,1.0,1.0,2,balanced,0.0,0.0,1.0,-287.8945678617824,0.0,1.0,0.0,traffic_signal_latency
traffic,heuristic,13,360,1.0,1.0,1.0,1.0,2,balanced,0.0,0.0,1.0,-288.54718746528687,0.0,1.0,0.0,traffic_signal_latency
traffic,heuristic,13,361,1.0,1.0,1.0,1.0,2,balanced,0.0,0.0,1.0,-288.7830721093319,0.013563743989776778,1.0,0.0,traffic_signal_latency
traffic,heuristic,13,362,1.0,1.0,1.0,0.9864362560102232,2,balanced,0.0,0.0,1.0,-289.0062170981371,0.013563743989776778,1.0,0.0,traffic_signal_latency
traffic,heuristic,13,363,1.0,1.0,1.0,1.0,2,prioritize_ew,0.0,0.0,1.0,-289.4271642327345,0.0012414200729632396,1.0,0.0,traffic_signal_latency
traffic,heuristic,13,364,1.0,1.0,1.0,0.9987585799270368,2,balanced,0.0,0.0,1.0,-289.37939520517233,0.0010665694821641036,1.0,0.0,traffic_signal_latency
traffic,heuristic,13,365,1.0,1.0,1.0,0.9976920104448727,2,balanced,0.0,0.0,1.0,-289.2596439841286,0.0023079895551273433,1.0,0.0,traffic_signal_latency
traffic,heuristic,13,366,1.0,1.0,1.0,1.0,2,prioritize_ew,0.0,0.0,1.0,-289.93976377273276,0.009174622115351028,1.0,0.0,traffic_signal_latency
traffic,heuristic,13,367,1.0,1.0,1.0,0.990825377884649,2,balanced,0.0,0.0,1.0,-290.2861584153154,0.009174622115351028,1.0,0.0,traffic_signal_latency
traffic,heuristic,13,368,1.0,1.0,1.0,1.0,2,balanced,0.0,0.0,1.0,-290.3162736721071,0.017935007140820747,1.0,0.0,traffic_signal_latency
traffic,heuristic,13,369,1.0,1.0,1.0,0.9820649928591793,2,balanced,0.0,0.0,1.0,-289.97934986812606,0.017935007140820747,1.0,0.0,traffic_signal_latency
traffic,heuristic,13,370,1.0,1.0,1.0,1.0,2,balanced,0.0,0.0,1.0,-290.0052349506484,0.0,1.0,0.0,traffic_signal_latency
traffic,heuristic,13,371,1.0,1.0,1.0,1.0,2,prioritize_ew,0.0,0.0,1.0,-290.346094981817,0.030705157584215548,1.0,0.0,traffic_signal_latency
traffic,heuristic,13,372,1.0,1.0,1.0,0.9692948424157845,2,prioritize_ew,0.0,0.0,1.0,-290.5445431195793,0.030705157584215548,1.0,0.0,traffic_signal_latency
traffic,heuristic,13,373,1.0,1.0,1.0,1.0,2,balanced,0.0,0.0,1.0,-290.57641899473754,0.07057146970024974,1.0,0.0,traffic_signal_latency
traffic,heuristic,13,374,1.0,1.0,1.0,0.9294285302997503,2,balanced,0.0,0.0,1.0,-291.00603436374223,0.07057146970024974,1.0,0.0,traffic_signal_latency
traffic,heuristic,13,375,1.0,1.0,1.0,1.0,2,balanced,0.0,0.0,1.0,-291.29573129128096,0.0,1.0,0.0,traffic_signal_latency
traffic,heuristic,13,376,1.0,1.0,1.0,1.0,2,balanced,0.0,0.0,1.0,-291.96752865213676,0.0514364330510938,1.0,0.0,traffic_signal_latency
traffic,heuristic,13,377,1.0,1.0,1.0,0.9485635669489062,2,balanced,0.0,0.0,1.0,-292.29287808850995,0.011380088666412269,1.0,0.0,traffic_signal_latency
traffic,heuristic,13,378,1.0,1.0,1.0,0.9599436556153185,2,balanced,0.0,0.0,1.0,-293.14814709713687,0.01354062429280567,1.0,0.0,traffic_signal_latency
traffic,heuristic,13,379,1.0,1.0,1.0,0.9734842799081241,2,prioritize_ew,0.0,0.0,1.0,-294.15866287222974,0.02651572009187586,1.0,0.0,traffic_signal_latency
traffic,heuristic,13,380,1.0,1.0,1.0,1.0,2,balanced,0.0,0.0,1.0,-294.8717694320896,0.02507299643585348,1.0,0.0,traffic_signal_latency
traffic,heuristic,13,381,1.0,1.0,1.0,0.9749270035641465,2,balanced,0.0,0.0,1.0,-295.46646899055986,0.03994385584895799,1.0,0.0,traffic_signal_latency
traffic,heuristic,13,382,1.0,1.0,1.0,0.9349831477151885,2,balanced,0.0,0.0,1.0,-296.28597074355645,0.06501685228481147,1.0,0.0,traffic_signal_latency
traffic,heuristic,13,383,1.0,1.0,1.0,1.0,2,balanced,0.0,0.0,1.0,-297.12478520158044,0.0,1.0,0.0,traffic_signal_latency
traffic,heuristic,13,384,1.0,1.0,1.0,1.0,2,balanced,0.0,0.0,1.0,-297.90421269136897,0.0,1.0,0.0,traffic_signal_latency
traffic,heuristic,13,385,1.0,1.0,1.0,1.0,2,balanced,0.0,0.0,1.0,-299.3212128135535,0.0,1.0,0.0,traffic_signal_latency
traffic,heuristic,13,386,1.0,1.0,1.0,1.0,2,balanced,0.0,0.0,1.0,-300.4960387195655,0.0,1.0,0.0,traffic_signal_latency
traffic,heuristic,13,387,1.0,1.0,1.0,1.0,2,balanced,0.0,0.0,1.0,-301.6919649805174,0.0,1.0,0.0,traffic_signal_latency
traffic,heuristic,13,388,1.0,1.0,1.0,1.0,2,prioritize_ew,0.0,0.0,1.0,-302.88133507530245,0.0226191065468202,1.0,0.0,traffic_signal_latency
traffic,heuristic,13,389,1.0,1.0,1.0,0.9773808934531798,2,balanced,0.0,0.0,1.0,-303.56472604086036,0.0226191065468202,1.0,0.0,traffic_signal_latency
traffic,heuristic,13,390,1.0,1.0,1.0,1.0,2,balanced,0.0,0.0,1.0,-304.69874250420617,0.0,1.0,0.0,traffic_signal_latency
traffic,heuristic,13,391,1.0,1.0,1.0,1.0,2,balanced,0.0,0.0,1.0,-306.0354518822473,0.023642539445587585,1.0,0.0,traffic_signal_latency
traffic,heuristic,13,392,1.0,1.0,1.0,0.9763574605544124,2,balanced,0.0,0.0,1.0,-306.8967237654567,0.023642539445587585,1.0,0.0,traffic_signal_latency
traffic,heuristic,13,393,1.0,1.0,1.0,1.0,2,balanced,0.0,0.0,1.0,-307.7831189337001,0.0,1.0,0.0,traffic_signal_latency
traffic,heuristic,13,394,1.0,1.0,1.0,1.0,2,balanced,0.0,0.0,1.0,-308.4267364852932,0.018347277015860364,1.0,0.0,traffic_signal_latency
traffic,heuristic,13,395,1.0,1.0,1.0,0.9816527229841396,2,balanced,0.0,0.0,1.0,-308.78136426300176,0.018347277015860364,1.0,0.0,traffic_signal_latency
traffic,heuristic,13,396,1.0,1.0,1.0,1.0,2,balanced,0.0,0.0,1.0,-309.39423441911373,0.0,1.0,0.0,traffic_signal_latency
traffic,heuristic,13,397,1.0,1.0,1.0,1.0,2,balanced,0.0,0.0,1.0,-309.69691184112526,0.0006040398468776242,1.0,0.0,traffic_signal_latency
traffic,heuristic,13,398,1.0,1.0,1.0,0.9993959601531224,2,balanced,0.0,0.0,1.0,-310.25310289522736,0.0006040398468776242,1.0,0.0,traffic_signal_latency
traffic,heuristic,13,399,1.0,1.0,1.0,1.0,2,balanced,0.0,0.0,1.0,-310.0903541574806,0.007010687945482652,1.0,0.0,traffic_signal_latency
traffic,heuristic,13,400,1.0,1.0,1.0,0.9929893120545173,2,balanced,0.0,0.0,1.0,-310.8631070709127,0.013306680215326883,1.0,0.0,traffic_signal_latency
traffic,heuristic,13,401,1.0,1.0,1.0,0.9796826318391905,2,balanced,0.0,0.0,1.0,-311.08526469898374,4061.9280450800156,0.0,0.0,none
traffic,heuristic,13,402,4060.460234122206,32.51723793539802,139.01707969728722,1.0,2,balanced,0.0,0.0,1.0,-311.3295245681814,6.09075535597881,0.0,0.0,none
traffic,heuristic,13,403,4066.4710096502404,32.770792068495766,138.06650689125965,1.0,2,balanced,0.0,0.0,1.0,-311.6730300873352,6.024241672254567,0.0,0.0,none
traffic,heuristic,13,404,4072.3569184412045,31.776345254379727,137.25493991061384,1.0,2,balanced,0.0,0.0,1.0,-311.9819344824754,4.22372360216638,0.0,0.0,none
traffic,heuristic,13,405,4076.3982854311,32.638694755470354,136.38112799810034,1.0,2,balanced,0.0,0.0,1.0,-312.4217458963408,8.434944330252831,0.0,0.0,none
traffic,heuristic,13,406,4084.4245708738335,31.670724385698385,133.97487339613733,1.0,2,balanced,0.0,0.0,1.0,-313.12832481438204,9.423168465219279,0.0,0.0,none
traffic,heuristic,13,407,4093.7701106291624,32.661975301391074,134.66364928683655,1.0,2,balanced,0.0,0.0,1.0,-313.95573692708615,11.940610067294445,0.0,0.0,none
traffic,heuristic,13,408,4105.622661928994,33.830330455750726,135.51813316457987,1.0,2,balanced,0.0,0.0,1.0,-314.3586945586001,4.33879390044537,0.0,0.0,none
traffic,heuristic,13,409,4109.869296078948,33.50247552754861,136.34502012967278,1.0,2,balanced,0.0,0.0,1.0,-314.7345923236171,5.599072053360233,0.0,0.0,none
traffic,heuristic,13,410,4115.4470442338825,33.80975176055657,135.96565922569232,1.0,2,balanced,0.0,0.0,1.0,-315.28456870478817,6.779025357550758,0.0,0.0,none
traffic,heuristic,13,411,4122.208921308038,33.556870086840824,136.37584709901904,1.0,2,balanced,0.0,0.0,1.0,-315.8449678457078,8.160451060649587,0.0,0.0,none
traffic,heuristic,13,412,4130.364138513909,33.318805576949295,136.20637991206638,1.0,2,balanced,0.0,0.0,1.0,-316.5003988427504,7.96230438880052,0.0,0.0,none
traffic,heuristic,13,413,4138.261641656165,32.52779594543415,135.57231441007272,1.0,2,balanced,0.0,0.0,1.0,-317.33436101083424,8.796693918218804,0.0,0.0,none
traffic,heuristic,13,414,4146.978181149156,33.42177701404138,136.349849622737,1.0,2,balanced,0.0,0.0,1.0,-317.9837733153286,7.263976919337122,0.0,0.0,none
traffic,heuristic,13,415,4154.229283026516,33.75644775852654,136.6234875981544,1.0,2,balanced,0.0,0.0,1.0,-318.54163940433745,4.886365994318793,0.0,0.0,none
traffic,heuristic,13,416,4158.6222772340025,33.28267118519288,138.71004224205558,1.0,2,balanced,0.0,0.0,1.0,-318.9802607582293,3.5880256773555272,0.0,0.0,none
traffic,heuristic,13,417,4161.473397918337,32.2218518808856,140.61259355761422,1.0,2,balanced,0.0,0.0,1.0,-319.99443768956803,9.994476605318667,0.0,0.0,none
traffic,heuristic,13,418,4171.253056713547,32.59828301147635,142.63895385811415,1.0,2,balanced,0.0,0.0,1.0,-321.16706807803695,13.248042492719707,0.0,0.0,none
traffic,heuristic,13,419,4184.260626252841,33.456489020737,145.00057343269054,1.0,2,balanced,0.0,0.0,1.0,-322.270603212788,11.901909500705893,0.0,0.0,none
traffic,heuristic,13,420,4195.994268444196,34.35299708353598,146.7819672638186,1.0,2,balanced,0.0,0.0,1.0,-322.6674868342561,2.9937219282894247,0.0,0.0,none
traffic,heuristic,13,421,4198.566396607336,33.98882387466668,148.26988714413565,1.0,2,balanced,0.0,0.0,1.0,-323.51562274620164,9.951315422051124,0.0,0.0,none
traffic,heuristic,13,422,4208.418685062604,35.38905742885324,148.24898697468976,1.0,2,balanced,0.0,0.0,1.0,-324.4277631777903,11.47690595311303,0.0,0.0,none
traffic,heuristic,13,423,4219.872348400325,35.72385833735555,148.897735581171,1.0,2,balanced,0.0,0.0,1.0,-324.748393022084,4.478624570944637,0.0,0.0,none
traffic,heuristic,13,424,4223.970169832981,33.941908716028074,149.1987224589329,1.0,2,balanced,0.0,0.0,1.0,-325.5546166158502,10.73191971879514,0.0,0.0,none
traffic,heuristic,13,425,4234.699794721975,33.74110525555591,149.2932135294133,1.0,2,balanced,0.0,0.0,1.0,-325.96426746043204,6.632542687643885,0.0,0.0,none
traffic,heuristic,13,426,4241.193396553,34.5253999891327,148.19383209678088,1.0,2,balanced,0.0,0.0,1.0,-326.0140768057891,2.366369958490865,0.0,0.0,none
traffic,heuristic,13,427,4242.69796187835,32.85585536314933,148.9345146901043,1.0,2,balanced,0.0,0.0,1.0,-326.2007104051342,3.5272417394956648,0.0,0.0,none
traffic,heuristic,13,428,4245.712976577986,31.168125635532213,148.22550903685948,1.0,2,balanced,0.0,0.0,1.0,-326.1809025898508,0.90821653458227,0.0,0.0,none
traffic,heuristic,13,429,4246.2064484616285,30.44725572572954,148.4738824389871,1.0,2,balanced,0.0,0.0,1.0,-326.28944228451076,3.581898624304476,0.0,0.0,none
traffic,heuristic,13,430,4248.659848886823,28.792010832969595,146.4562133745859,1.0,2,balanced,0.0,0.0,1.0,-326.32652146243663,1.9898519269893473,0.0,0.0,none
traffic,heuristic,13,431,4249.699988915873,27.701318472574656,145.15697914386124,1.0,2,balanced,0.0,0.0,1.0,-326.29450541011227,1.5470849047352113,0.0,0.0,none
traffic,heuristic,13,432,4251.105229906538,27.681453605637614,144.5101601215083,1.0,2,balanced,0.0,0.0,1.0,-327.0252106732196,11.929860639026098,0.0,0.0,none
traffic,heuristic,13,433,4262.574581004143,29.372320885231225,147.3237926684578,1.0,2,balanced,0.0,0.0,1.0,-327.09853986342824,3.8547383878654493,0.0,0.0,none
traffic,heuristic,13,434,4266.197632558869,29.99823681944826,146.1658916735672,1.0,2,balanced,0.0,0.0,1.0,-327.09538733501324,1.9777402938417195,0.0,0.0,none
traffic,heuristic,13,435,4268.072493466713,29.882528915977964,145.54705007251042,1.0,2,balanced,0.0,0.0,1.0,-327.77241747924177,9.811607406703697,0.0,0.0,none
traffic,heuristic,13,436,4277.728002383137,31.60560269345284,145.81125496557362,1.0,2,balanced,0.0,0.0,1.0,-327.97013740328055,5.500785565371808,0.0,0.0,none
traffic,heuristic,13,437,4282.995894311964,32.37813288108502,144.42881018490237,1.0,2,balanced,0.0,0.0,1.0,-328.58029082460666,9.825243355969086,0.0,0.0,none
traffic,heuristic,13,438,4292.7818446218325,32.041452723538065,143.61811294899633,1.0,2,balanced,0.0,0.0,1.0,-329.5403177244578,13.940596987324096,0.0,0.0,none
traffic,heuristic,13,439,4306.545131511959,34.069499790617996,144.51209473671454,1.0,2,balanced,0.0,0.0,1.0,-330.0507856397415,7.958270333078627,0.0,0.0,none
traffic,heuristic,13,440,4314.2793199549715,35.2413652976519,143.0481524373887,1.0,2,balanced,0.0,0.0,1.0,-331.0228533836325,14.82250100249734,0.0,0.0,none
traffic,heuristic,13,441,4329.058578409964,36.26611520536545,143.5276762806007,1.0,2,balanced,0.0,0.0,1.0,-331.8837101282868,12.38102225481835,0.0,0.0,none
traffic,heuristic,13,442,4341.3208011111055,37.66498135982855,142.54239460320437,1.0,2,balanced,0.0,0.0,1.0,-332.8229040260516,14.72728706958682,0.0,0.0,none
traffic,heuristic,13,443,4356.009570731984,38.64554522203046,142.12823766807736,1.0,2,balanced,0.0,0.0,1.0,-334.25782351087935,19.273100421827387,0.0,0.0,none
traffic,heuristic,13,444,4375.187111295328,39.728395956673836,143.7099367853695,1.0,2,balanced,0.0,0.0,1.0,-335.4386213884545,15.404847124515156,0.0,0.0,none
traffic,heuristic,13,445,4390.487597031923,41.24165541539017,142.75364343887878,1.0,2,balanced,0.0,0.0,1.0,-336.1496838902055,9.181095407686456,0.0,0.0,none
traffic,heuristic,13,446,4399.4589423822945,40.08007279446614,144.32150864487386,1.0,2,balanced,0.0,0.0,1.0,-337.5528462191987,19.60060794730122,0.0,0.0,none
traffic,heuristic,13,447,4418.995683000972,41.534976377973344,144.94026018225213,1.0,2,balanced,0.0,0.0,1.0,-338.9087928509368,17.95784415136929,0.0,0.0,none
traffic,heuristic,13,448,4436.9324622251215,42.1845782986274,145.51830427545028,1.0,2,balanced,0.0,0.0,1.0,-340.25981510478323,16.74839481077135,0.0,0.0,none
traffic,heuristic,13,449,4453.661520413501,41.69488182363466,146.15669148526268,1.0,2,balanced,0.0,0.0,1.0,-341.19835971849966,11.448319432017383,0.0,0.0,none
traffic,heuristic,13,450,4465.027954907426,40.90807157510052,147.27432932715777,1.0,2,balanced,0.0,0.0,1.0,-342.53851001144835,17.194355998877803,0.0,0.0,none
traffic,heuristic,13,451,4482.135628103079,42.53533714415692,146.70388843221602,1.0,2,balanced,0.0,0.0,1.0,-343.6164057102611,14.295251030579646,0.0,0.0,none
traffic,heuristic,13,452,4496.391769304658,41.479217260736995,146.7392559284721,1.0,2,balanced,0.0,0.0,1.0,-344.5901940160105,10.486501373845721,0.0,0.0,none
traffic,heuristic,13,453,4506.631684741847,39.93984450334499,148.39490517172712,1.0,2,balanced,0.0,0.0,1.0,-345.13227674105906,7.083662821035406,0.0,0.0,none
traffic,heuristic,13,454,4513.327981781658,37.933292273631345,149.54017067201917,1.0,2,balanced,0.0,0.0,1.0,-345.8311327815407,7.565040718689986,0.0,0.0,none
traffic,heuristic,13,455,4520.727830281314,37.139975074777695,150.89764298466017,1.0,2,balanced,0.0,0.0,1.0,-346.3905545664859,7.453425601516982,0.0,0.0,none
traffic,heuristic,13,456,4527.858465106991,35.14456740078255,150.04561693180497,1.0,2,balanced,0.0,0.0,1.0,-346.7330392166225,5.0213184921543785,0.0,0.0,none
traffic,heuristic,13,457,4532.400723135544,33.20179076617731,149.14720146569988,1.0,2,balanced,0.0,0.0,1.0,-346.69662805370945,2.669459460929441,0.0,0.0,none
traffic,heuristic,13,458,4531.6445352179835,31.002570095227526,150.45778228630923,1.0,2,balanced,0.0,0.0,1.0,-347.15759693247037,6.228794642167624,0.0,0.0,none
traffic,heuristic,13,459,4537.872129212181,30.908829486104473,150.53632167728014,1.0,2,balanced,0.0,0.0,1.0,-347.35973489577054,2.7111111815903817,0.0,0.0,none
traffic,heuristic,13,460,4540.401583815096,29.934750706756518,150.4801631306597,1.0,2,balanced,0.0,0.0,1.0,-347.5926572618973,2.880381736795493,0.0,0.0,none
traffic,heuristic,13,461,4543.129701230762,29.054247224754057,150.1996494336923,1.0,2,balanced,0.0,0.0,1.0,-347.4859981572344,2.793801808605839,0.0,0.0,none
traffic,heuristic,13,462,4540.861122430321,27.69207985895552,151.0959634632112,1.0,2,balanced,0.0,0.0,1.0,-347.3400223760345,0.8515665435809607,0.0,0.0,none
traffic,heuristic,13,463,4540.17148474885,27.705389906173288,150.59657554877535,1.0,2,balanced,0.0,0.0,1.0,-347.55291766722814,2.6898465011604396,0.0,0.0,none
traffic,heuristic,13,464,4542.655771169186,26.956728391401043,149.88727933573023,1.0,2,balanced,0.0,0.0,1.0,-347.62397532990843,0.6705513146778397,0.0,0.0,none
traffic,heuristic,13,465,4542.4270588471,26.40509500640071,150.19228810264582,1.0,2,balanced,0.0,0.0,1.0,-347.3977515245267,2.8873953498322242,0.0,0.0,none
traffic,heuristic,13,466,4539.7648069951565,25.327021152878885,149.8969514313551,1.0,2,balanced,0.0,0.0,1.0,-347.4787406814637,1.4805390789460144,0.0,0.0,none
traffic,heuristic,13,467,4541.057600499288,26.03929561379339,149.7814264890684,1.0,2,balanced,0.0,0.0,1.0,-347.8194174341218,3.632569701149732,0.0,0.0,none
traffic,heuristic,13,468,4544.481631595996,26.8620293694292,150.67287634734726,1.0,2,balanced,0.0,0.0,1.0,-348.01196863309843,3.0754959137596263,0.0,0.0,none
traffic,heuristic,13,469,4547.554843129077,26.97981439197826,150.65973568707233,1.0,2,balanced,0.0,0.0,1.0,-348.6156768438164,7.649683853805774,0.0,0.0,none
traffic,heuristic,13,470,4554.910755452802,28.49673932114049,152.111340215909,1.0,2,balanced,0.0,0.0,1.0,-349.2516039683957,9.403182160508909,0.0,0.0,none
traffic,heuristic,13,471,4564.0082334591025,30.848685292789348,151.7590919866254,1.0,2,balanced,0.0,0.0,1.0,-349.8996798911177,6.555303211498185,0.0,0.0,none
traffic,heuristic,13,472,4570.4698074503,31.88244139020253,152.14820647108354,1.0,2,balanced,0.0,0.0,1.0,-350.7240334730012,8.95778170018233,0.0,0.0,none
traffic,heuristic,13,473,4579.317475526431,32.96716878608693,153.03363804910663,1.0,2,balanced,0.0,0.0,1.0,-351.52181624633425,10.35476663690431,0.0,0.0,none
traffic,heuristic,13,474,4589.563190410581,34.401669456300795,152.5992114792453,1.0,2,balanced,0.0,0.0,1.0,-352.6299957071842,13.169816284265925,0.0,0.0,none
traffic,heuristic,13,475,4602.563154396464,35.53047978873231,154.37988117362178,1.0,2,balanced,0.0,0.0,1.0,-353.4544010817549,12.691939076509085,0.0,0.0,none
traffic,heuristic,13,476,4615.234945428506,36.245342393880605,154.37887229573215,1.0,2,balanced,0.0,0.0,1.0,-354.46132594042496,13.226419922063512,0.0,0.0,none
traffic,heuristic,13,477,4628.390444078218,37.58412732558347,154.09834753956056,1.0,2,balanced,0.0,0.0,1.0,-355.44336900544823,12.475931695915238,0.0,0.0,none
traffic,heuristic,13,478,4640.844939081859,38.30549271108562,153.97978166744034,1.0,2,balanced,0.0,0.0,1.0,-356.30144381039815,12.297383988818028,0.0,0.0,none
traffic,heuristic,13,479,4653.1138121904205,38.71012435596787,153.24719798866602,1.0,2,balanced,0.0,0.0,1.0,-357.30140734163166,13.823631874325807,0.0,0.0,none
traffic,heuristic,13,480,4666.930943720338,38.87355786477495,153.63830407405356,1.0,2,balanced,0.0,0.0,1.0,-359.0654331107791,24.66706012088601,0.0,0.0,none
traffic,heuristic,13,481,4691.1048266159305,41.17397623748504,157.97366058397256,1.0,2,balanced,0.0,0.0,1.0,-360.0629721001568,13.467620158896938,0.0,0.0,none
traffic,heuristic,13,482,4704.570003703035,41.235911924963396,158.22258372043987,1.0,2,balanced,0.0,0.0,1.0,-361.0032700904454,13.888141861898342,0.0,0.0,none
traffic,heuristic,13,483,4718.451981226632,41.521408428954736,157.92312394556322,1.0,2,balanced,0.0,0.0,1.0,-361.74104570234493,9.99809221498375,0.0,0.0,none
traffic,heuristic,13,484,4728.420237613716,41.061285084659325,158.54280051337764,1.0,2,balanced,0.0,0.0,1.0,-363.1134753890539,18.59901637679933,0.0,0.0,none
traffic,heuristic,13,485,4746.988451122428,42.01150148041804,159.03468066196515,1.0,2,balanced,0.0,0.0,1.0,-364.24791333252494,14.88757785277173,0.0,0.0,none
traffic,heuristic,13,486,4761.664380947219,40.111910866257595,157.40722448782378,1.0,2,balanced,0.0,0.0,1.0,-364.92121112391555,10.796020346589165,0.0,0.0,none
traffic,heuristic,13,487,4772.4466827416445,39.57533580772198,157.31716592659413,1.0,2,balanced,0.0,0.0,1.0,-365.7052094675498,10.52862631922558,0.0,0.0,none
traffic,heuristic,13,488,4782.943021182249,38.89820799112336,157.78657984858998,1.0,2,balanced,0.0,0.0,1.0,-366.4025774994359,10.779163220451816,0.0,0.0,none
traffic,heuristic,13,489,4793.713098603647,39.05857219798607,157.3741778706744,1.0,2,balanced,0.0,0.0,1.0,-366.8956874850065,7.851711689594836,0.0,0.0,none
traffic,heuristic,13,490,4801.17525675529,36.83736112657232,156.358405478543,1.0,2,balanced,0.0,0.0,1.0,-367.17006468825497,4.638284543655321,0.0,0.0,none
traffic,heuristic,13,491,4805.297346001838,34.72659301092373,156.6167109437698,1.0,2,balanced,0.0,0.0,1.0,-367.0816943363883,2.5439778574571252,0.0,0.0,none
traffic,heuristic,13,492,4804.999301437876,32.51052373924635,157.8299832793367,1.0,2,balanced,0.0,0.0,1.0,-367.5183969810924,6.068895840536807,0.0,0.0,none
traffic,heuristic,13,493,4810.986522273259,31.608700218201882,157.41598119173887,1.0,2,balanced,0.0,0.0,1.0,-367.71980035217274,3.2388021249717074,0.0,0.0,none
traffic,heuristic,13,494,4813.641035093129,29.985587297896284,156.51658954078707,1.0,2,balanced,0.0,0.0,1.0,-367.9861971399177,2.982641130578681,0.0,0.0,none
traffic,heuristic,13,495,4816.460811466886,29.057110942319177,156.22859479612137,1.0,2,balanced,0.0,0.0,1.0,-368.36346090491384,5.596279739960251,0.0,0.0,none
traffic,heuristic,13,496,4822.04730488536,29.34999177670444,156.38240971766243,1.0,2,balanced,0.0,0.0,1.0,-368.9418868018565,9.032637987712238,0.0,0.0,none
traffic,heuristic,13,497,4830.890796056719,31.178298923768416,156.18618052731023,1.0,2,balanced,0.0,0.0,1.0,-368.54208389450685,6.133692044073466,0.0,0.0,none
traffic,heuristic,13,498,4825.63513821241,28.929723187830284,158.40972406743546,1.0,2,balanced,0.0,0.0,1.0,-368.32989673690037,3.72588396255967,0.0,0.0,none
traffic,heuristic,13,499,4822.205321968641,27.712857375102413,159.20835378780149,1.0,2,balanced,0.0,0.0,1.0,-368.6370192708969,2.56300603696575,0.0,0.0,none
traffic,heuristic,13,500,4824.68192361387,27.64422242939662,159.86465667565275,1.0,2,balanced,0.0,0.0,1.0,-369.17883280948877,7.755834205949934,0.0,0.0,none
traffic,heuristic,13,501,4832.416684367036,28.07387589633523,160.24127082807686,1.0,2,balanced,0.0,0.0,1.0,-369.82136967560405,8.858093346558299,0.0,0.0,none
traffic,heuristic,13,502,4841.274018878397,28.076644564335766,160.35718210739213,1.0,2,balanced,0.0,0.0,1.0,-370.25338102077603,4.666295621430034,0.0,0.0,none
traffic,heuristic,13,503,4845.488785257314,29.97072940898061,159.70718072353267,1.0,2,balanced,0.0,0.0,1.0,-370.92778094277975,6.52814213198305,0.0,0.0,none
traffic,heuristic,13,504,4851.670671434386,31.893069893148997,158.86722236026773,1.0,2,balanced,0.0,0.0,1.0,-371.45893944674276,5.245010188652093,0.0,0.0,none
traffic,heuristic,13,505,4856.883438446242,32.44030296647432,159.06145912979628,1.0,2,balanced,0.0,0.0,1.0,-372.0152818017792,5.14771494107899,0.0,0.0,none
traffic,heuristic,13,506,4861.913524349229,31.89936799643839,160.01256074443353,1.0,2,balanced,0.0,0.0,1.0,-373.2221617597229,15.091703141405247,0.0,0.0,none
traffic,heuristic,13,507,4876.626065661945,33.07040935670937,163.16363896663955,1.0,2,balanced,0.0,0.0,1.0,-374.1106595785001,9.546109354468525,0.0,0.0,none
traffic,heuristic,13,508,4886.069521927326,34.11614733400249,164.0887171547749,1.0,2,balanced,0.0,0.0,1.0,-375.41861555024724,15.996982911931454,0.0,0.0,none
traffic,heuristic,13,509,4901.836099249504,36.033085563023555,165.99760417461914,1.0,2,balanced,0.0,0.0,1.0,-376.09780871904104,8.683530823424638,0.0,0.0,none
traffic,heuristic,13,510,4910.490264741058,36.721365258963445,165.80945990468373,1.0,2,balanced,0.0,0.0,1.0,-376.53573147254406,3.6558821738135636,0.0,0.0,none
traffic,heuristic,13,511,4913.776678325479,36.37263079525006,167.3725800199528,1.0,2,balanced,0.0,0.0,1.0,-377.20682848526815,7.202200273048076,0.0,0.0,none
traffic,heuristic,13,512,4920.7986583238935,34.834518532389716,167.81721058773036,1.0,2,balanced,0.0,0.0,1.0,-378.2808000259921,13.821652900631806,0.0,0.0,none
traffic,heuristic,13,513,4934.555333012652,35.69716221706513,168.84084933577498,1.0,2,balanced,0.0,0.0,1.0,-378.9791119041384,8.839967010047012,0.0,0.0,none
traffic,heuristic,13,514,4943.252366903108,34.28325353072083,168.12847269826895,1.0,2,balanced,0.0,0.0,1.0,-379.6990197701472,7.3925769365787035,0.0,0.0,none
traffic,heuristic,13,515,4950.564576746442,34.014862401076755,169.18191807977252,1.0,2,balanced,0.0,0.0,1.0,-381.0521703462349,17.676550394391,0.0,0.0,none
traffic,heuristic,13,516,4967.9605958498805,36.83678350488027,170.55148534068292,1.0,2,balanced,0.0,0.0,1.0,-381.87156616180823,11.596868880533208,0.0,0.0,none
traffic,heuristic,13,517,4979.514384867847,37.74314530879071,170.1321579733377,1.0,2,balanced,0.0,0.0,1.0,-382.63263339398844,10.479921643743811,0.0,0.0,none
traffic,heuristic,13,518,4989.973523249651,37.08363804739992,170.1473941622495,1.0,2,balanced,0.0,0.0,1.0,-383.66336105279254,13.623783571974597,0.0,0.0,none
traffic,heuristic,13,519,5003.55938988838,38.06140459705442,170.42249244480735,1.0,2,balanced,0.0,0.0,1.0,-383.98920516334135,4.188708787693297,0.0,0.0,none
traffic,heuristic,13,520,5007.4735740662645,37.38179946396439,171.75011452686772,1.0,2,balanced,0.0,0.0,1.0,-384.5402123601294,8.810452319321607,0.0,0.0,none
traffic,heuristic,13,521,5015.9950767342025,35.60689617686444,170.38711024484678,1.0,2,balanced,0.0,0.0,1.0,-384.8938255900992,6.635560856910294,0.0,0.0,none
traffic,heuristic,13,522,5022.535111034713,34.60414523337322,169.88401007665388,1.0,2,balanced,0.0,0.0,1.0,-384.8827336303566,2.365502037103724,0.0,0.0,none
traffic,heuristic,13,523,5024.070246466958,32.819344643461285,170.11519387032448,1.0,2,balanced,0.0,0.0,1.0,-385.25720989903965,7.276481150234514,0.0,0.0,none
traffic,heuristic,13,524,5030.8785562703815,31.463833276400283,167.93421141186684,1.0,2,balanced,0.0,0.0,1.0,-385.6631521389057,6.441331055138964,0.0,0.0,none
traffic,heuristic,13,525,5037.291999240552,31.96368503485757,167.60460065683597,1.0,2,balanced,0.0,0.0,1.0,-385.9459505250559,7.067774918064071,0.0,0.0,none
traffic,heuristic,13,526,5044.233531001184,31.64769085339632,166.3128085737827,1.0,2,balanced,0.0,0.0,1.0,-385.99411220664877,2.5067411025415636,0.0,0.0,none
traffic,heuristic,13,527,5046.5787829330375,30.80873437966474,166.03050312485757,1.0,2,balanced,0.0,0.0,1.0,-386.37639059766997,6.977646467994245,0.0,0.0,none
traffic,heuristic,13,528,5053.392974275911,31.864545561790482,164.96297826673094,1.0,2,balanced,0.0,0.0,1.0,-387.0064427308633,11.823678700251335,0.0,0.0,none
traffic,heuristic,13,529,5065.172088858719,32.85870651766724,165.21493390900244,1.0,2,balanced,0.0,0.0,1.0,-387.876866926929,13.881951961602182,0.0,0.0,none
traffic,heuristic,13,530,5078.963368865907,34.334273925070704,165.79103012819928,1.0,2,balanced,0.0,0.0,1.0,-388.79740288685514,14.368987464666652,0.0,0.0,none
traffic,heuristic,13,531,5093.256358642394,35.80456552824182,165.91943032535121,1.0,2,balanced,0.0,0.0,1.0,-389.3896528621206,11.533704950019574,0.0,0.0,none
traffic,heuristic,13,532,5104.303488677876,37.54494114896776,163.0983736878412,1.0,2,balanced,0.0,0.0,1.0,-389.5877475528139,4.059133844908232,0.0,0.0,none
traffic,heuristic,13,533,5108.26891653346,36.97518845150971,163.75207955195788,1.0,2,balanced,0.0,0.0,1.0,-390.0925843034104,6.990235864564436,0.0,0.0,none
traffic,heuristic,13,534,5115.179766667048,36.001535561665946,164.14647519521486,1.0,2,balanced,0.0,0.0,1.0,-390.9050639846191,11.657765134437463,0.0,0.0,none
traffic,heuristic,13,535,5126.824614527719,35.57224913236267,163.8048329947288,1.0,2,balanced,0.0,0.0,1.0,-391.57876474872216,10.678098396195026,0.0,0.0,none
traffic,heuristic,13,536,5137.423656314109,34.83345953434324,162.73886465606657,1.0,2,balanced,0.0,0.0,1.0,-392.1210733800333,8.03504769652497,0.0,0.0,none
traffic,heuristic,13,537,5145.4298663934305,34.22527554311091,162.4343915307885,1.0,2,balanced,0.0,0.0,1.0,-393.03304550630776,13.613398639509308,0.0,0.0,none
traffic,heuristic,13,538,5158.900781019945,36.12637289729711,161.93950720766873,1.0,2,balanced,0.0,0.0,1.0,-393.6700230972,8.188325535486594,0.0,0.0,none
traffic,heuristic,13,539,5167.0851354779215,36.38107376217473,161.95153429065746,1.0,2,balanced,0.0,0.0,1.0,-394.71390037033973,12.221115540928066,0.0,0.0,none
traffic,heuristic,13,540,5179.262166911849,36.48751047682591,162.98315522279898,1.0,2,balanced,0.0,0.0,1.0,-395.77757081431633,11.548430923306354,0.0,0.0,none
traffic,heuristic,13,541,5190.731157493136,36.66150023580521,164.32413971207842,1.0,2,balanced,0.0,0.0,1.0,-396.257322721211,4.849724808116433,0.0,0.0,none
traffic,heuristic,13,542,5195.1096753750135,35.935961796316676,166.2791348131892,1.0,2,balanced,0.0,0.0,1.0,-397.25077246973115,11.532174107495106,0.0,0.0,none
traffic,heuristic,13,543,5206.619991736907,35.543842143392375,166.87065748604547,1.0,2,balanced,0.0,0.0,1.0,-398.1915198705568,10.729551677591965,0.0,0.0,none
traffic,heuristic,13,544,5217.299763935922,36.04292569160001,167.77435023868242,1.0,2,balanced,0.0,0.0,1.0,-399.2260171664283,10.695970799985801,0.0,0.0,none
traffic,heuristic,13,545,5227.913235928436,35.730213803317284,169.06284350339027,1.0,2,balanced,0.0,0.0,1.0,-399.68324252956296,4.615291074069344,0.0,0.0,none
traffic,heuristic,13,546,5232.052132677172,34.264195036807195,170.4845447300632,1.0,2,balanced,0.0,0.0,1.0,-400.78469404303087,13.288616130986485,0.0,0.0,none
traffic,heuristic,13,547,5245.205922905236,36.01924950604435,171.18089602275202,1.0,2,balanced,0.0,0.0,1.0,-400.9593753287419,3.6201989143710236,0.0,0.0,none
traffic,heuristic,13,548,5245.066323641258,33.68926638087048,173.94812041942012,1.0,2,balanced,0.0,0.0,1.0,-402.06214716811706,13.60003596719867,0.0,0.0,none
traffic,heuristic,13,549,5258.598149753867,34.259677163589046,175.18314750664592,1.0,2,balanced,0.0,0.0,1.0,-402.38448231498137,3.632399479602514,0.0,0.0,none
traffic,heuristic,13,550,5261.859694730784,32.78929176046983,175.81133307577016,1.0,2,balanced,0.0,0.0,1.0,-402.442235649167,1.1236839577442321,0.0,0.0,none
traffic,heuristic,13,551,5262.090517324057,32.007676929376984,176.58493815792914,1.0,2,balanced,0.0,0.0,1.0,-402.5735090084257,3.0146419543669767,0.0,0.0,none
traffic,heuristic,13,552,5263.7806088491325,29.714937188779306,175.59751665128562,1.0,2,balanced,0.0,0.0,1.0,-402.56797078089346,0.1928828794919972,0.0,0.0,none
traffic,heuristic,13,553,5263.593330050366,29.705401281821405,175.6426777320088,1.0,2,balanced,0.0,0.0,1.0,-402.588184193267,4.515485129365697,0.0,0.0,none
traffic,heuristic,13,554,5263.4943749800295,26.979245045232574,172.0443606224025,1.0,2,balanced,0.0,0.0,1.0,-403.02051803878334,4.876629554211646,0.0,0.0,none
traffic,heuristic,13,555,5268.250223667036,27.27810578725026,173.08074922335706,1.0,2,balanced,0.0,0.0,1.0,-403.51448754351435,6.495538748583572,0.0,0.0,none
traffic,heuristic,13,556,5274.550422698097,28.491981074807903,174.09367695505023,1.0,2,balanced,0.0,0.0,1.0,-403.26654808182036,3.6820811148685033,0.0,0.0,none
traffic,heuristic,13,557,5271.1296195350305,27.469802137179546,174.9942197222178,1.0,2,balanced,0.0,0.0,1.0,-403.6565734701985,5.861688929585436,0.0,0.0,none
traffic,heuristic,13,558,5276.867689368768,28.654871863680192,175.1661541100193,1.0,2,balanced,0.0,0.0,1.0,-403.5980189329988,1.3931642414854033,0.0,0.0,none
traffic,heuristic,13,559,5277.965513601697,28.894227724333348,174.34250531998933,1.0,2,balanced,0.0,0.0,1.0,-403.5959104620782,1.4065517180366036,0.0,0.0,none
traffic,heuristic,13,560,5279.068377242176,28.163630715027885,173.86468994140142,1.0,2,balanced,0.0,0.0,1.0,-404.22292887989124,9.63719769008079,0.0,0.0,none
traffic,heuristic,13,561,5288.659426921937,28.82180084476796,174.53860198193905,1.0,2,balanced,0.0,0.0,1.0,-404.1002741235198,1.509982179299691,0.0,0.0,none
traffic,heuristic,13,562,5287.416668523712,29.25740979773625,173.79979037838964,1.0,2,balanced,0.0,0.0,1.0,-404.32039593190893,4.510751470058031,0.0,0.0,none
traffic,heuristic,13,563,5291.881000496614,29.002662225569328,173.2067283792445,1.0,2,balanced,0.0,0.0,1.0,-405.1644392359251,12.070903939381523,0.0,0.0,none
traffic,heuristic,13,564,5303.6932760496375,31.145552489587963,174.46565232039626,1.0,2,balanced,0.0,0.0,1.0,-406.0396507422531,13.210522280066654,0.0,0.0,none
traffic,heuristic,13,565,5316.68697962669,33.523720476902724,174.62653515956114,1.0,2,balanced,0.0,0.0,1.0,-406.64187564553833,8.59531826238451,0.0,0.0,none
traffic,heuristic,13,566,5325.279769738867,33.3240685633859,174.56659157619464,1.0,2,balanced,0.0,0.0,1.0,-407.6867026083166,14.992714681262743,0.0,0.0,none
traffic,heuristic,13,567,5339.85900073965,36.48846644318763,173.0786053538552,1.0,2,balanced,0.0,0.0,1.0,-409.0515755365965,19.8803212848583,0.0,0.0,none
traffic,heuristic,13,568,5359.506047843061,39.52500946928941,173.06760734755744,1.0,2,balanced,0.0,0.0,1.0,-409.9530436929268,12.323999539982049,0.0,0.0,none
traffic,heuristic,13,569,5371.828689382818,39.627082666636156,173.21943358549026,1.0,2,balanced,0.0,0.0,1.0,-410.7948741359927,12.630013881667722,0.0,0.0,none
traffic,heuristic,13,570,5384.4569873482615,39.55400154431438,173.0244969376835,1.0,2,balanced,0.0,0.0,1.0,-411.73491263927883,12.887917359945293,0.0,0.0,none
traffic,heuristic,13,571,5397.2994767524415,40.403941402715006,172.35630383879274,1.0,2,balanced,0.0,0.0,1.0,-413.03134684373583,18.339673819032257,0.0,0.0,none
traffic,heuristic,13,572,5415.6172251073995,41.15164487354989,172.85094564114337,1.0,2,balanced,0.0,0.0,1.0,-414.37959356321136,17.951938165365004,0.0,0.0,none
traffic,heuristic,13,573,5433.565940294293,40.81197849024624,172.86921531337347,1.0,2,balanced,0.0,0.0,1.0,-415.7853625425415,19.211691954515796,0.0,0.0,none
traffic,heuristic,13,574,5452.723789735518,42.179020070540005,173.313185875803,1.0,2,balanced,0.0,0.0,1.0,-417.39254983680706,21.609938558491525,0.0,0.0,none
traffic,heuristic,13,575,5474.25429840601,43.959462211549734,173.81980868831934,1.0,2,balanced,0.0,0.0,1.0,-418.7443992531615,17.052737383012623,0.0,0.0,none
traffic,heuristic,13,576,5491.278692629094,44.79584317533056,173.3037462168506,1.0,2,balanced,0.0,0.0,1.0,-419.95208616238057,14.58888081932155,0.0,0.0,none
traffic,heuristic,13,577,5505.737353691925,44.0240257169052,175.08892453886975,1.0,2,balanced,0.0,0.0,1.0,-421.06551253223034,13.410824522372192,0.0,0.0,none
traffic,heuristic,13,578,5519.020200072772,43.09085195569598,176.68435336024064,1.0,2,balanced,0.0,0.0,1.0,-422.047912903166,12.656228523417093,0.0,0.0,none
traffic,heuristic,13,579,5531.5849282628005,41.77222770545666,177.43864510376272,1.0,2,balanced,0.0,0.0,1.0,-422.79587920809564,11.705854130283377,0.0,0.0,none
traffic,heuristic,13,580,5543.0034458839355,39.74982949558502,175.84040177560158,1.0,2,balanced,0.0,0.0,1.0,-423.3902403992217,9.401110209253952,0.0,0.0,none
traffic,heuristic,13,581,5552.266286030544,38.19751868028989,175.42688428184695,1.0,2,balanced,0.0,0.0,1.0,-423.6401499041703,4.503822633430433,0.0,0.0,none
traffic,heuristic,13,582,5555.782098361657,36.00894893394636,177.19709456065107,1.0,2,balanced,0.0,0.0,1.0,-424.1430464880304,7.470584960004923,0.0,0.0,none
traffic,heuristic,13,583,5563.148411516454,34.8256422887363,176.81387721564573,1.0,2,balanced,0.0,0.0,1.0,-424.63561030271813,6.3793972466542135,0.0,0.0,none
traffic,heuristic,13,584,5569.3966709654505,33.56234854052978,176.5688221312531,1.0,2,balanced,0.0,0.0,1.0,-425.0362052142587,4.093726503218,0.0,0.0,none
traffic,heuristic,13,585,5573.192219240227,32.03775467125841,176.7362243736815,1.0,2,balanced,0.0,0.0,1.0,-424.99907618680396,1.867043286453653,0.0,0.0,none
traffic,heuristic,13,586,5573.175313332411,30.181805460373578,176.93875178019363,1.0,2,balanced,0.0,0.0,1.0,-425.283366674937,4.251751697189646,0.0,0.0,none
traffic,heuristic,13,587,5577.42365057406,30.32831044248053,176.85180659061868,1.0,2,balanced,0.0,0.0,1.0,-425.5754778057528,3.1575678696835805,0.0,0.0,none
traffic,heuristic,13,588,5580.45853024111,29.46202374493107,176.75543431329882,1.0,2,balanced,0.0,0.0,1.0,-425.77713909366634,3.1665943453140986,0.0,0.0,none
traffic,heuristic,13,589,5583.500407723051,28.820747351519998,176.15288496271432,1.0,2,balanced,0.0,0.0,1.0,-425.4740405852855,4.375905242986771,0.0,0.0,none
traffic,heuristic,13,590,5579.6139711151445,27.28435037498344,177.45043708837875,1.0,2,balanced,0.0,0.0,1.0,-425.45924345217855,0.07430710150170863,0.0,0.0,none
traffic,heuristic,13,591,5579.611057273964,27.287148788310567,177.37623989337777,1.0,2,balanced,0.0,0.0,1.0,-425.3346931594319,3.331525541419518,0.0,0.0,none
traffic,heuristic,13,592,5576.633946204574,25.842059126102715,177.76041170627644,1.0,2,balanced,0.0,0.0,1.0,-425.08490640483353,4.01594735660138,0.0,0.0,none
traffic,heuristic,13,593,5572.859219356682,24.48013782311449,177.6040762999848,1.0,2,balanced,0.0,0.0,1.0,-424.98051981899323,1.6662295144240389,0.0,0.0,none
traffic,heuristic,13,594,5572.229394027947,23.745797260979316,176.24746847573175,1.0,2,balanced,0.0,0.0,1.0,-425.5123473947321,7.032250156262673,0.0,0.0,none
traffic,heuristic,13,595,5578.526360338407,25.78247784465243,178.62500706538103,1.0,2,balanced,0.0,0.0,1.0,-425.5817823544167,0.6930818808661293,0.0,0.0,none
traffic,heuristic,13,596,5579.193454787406,25.91647950268841,178.75688217805788,1.0,2,balanced,0.0,0.0,1.0,-425.4587626415632,2.7659279144964364,0.0,0.0,none
traffic,heuristic,13,597,5576.44539659605,25.962290078295307,179.06742170255419,1.0,2,balanced,0.0,0.0,1.0,-425.75096290363035,3.628952583443891,0.0,0.0,none
traffic,heuristic,13,598,5579.782821038058,27.384720336275212,178.9803176959948,1.0,2,balanced,0.0,0.0,1.0,-426.3603962660361,7.036038772757323,0.0,0.0,none
traffic,heuristic,13,599,5586.573376148674,28.868796424145348,180.07197747213561,1.0,2,balanced,0.0,0.0,1.0,-426.75377292306183,4.427652386435548,0.0,0.0,none
